voice_id	voice_name	tone	sample_id	relative_path	asset_registered	file_exists	ownership	origin
VOC-PRESET-HOMBRE-20-IDEALISTA-ECUADOR	Hombre 20 idealista ecuatoriano diálogo	NEUTRAL	VOICE-SAMPLE-VOC-PRESET-HOMBRE-20-IDEALISTA-ECUADOR-NEUTRAL	samples/voices/advanced-presets/hombre_20_idealista_ecuador_dialogo/neutral.wav	false	false	APP_RESOURCE	APP_DEFAULT
VOC-PRESET-HOMBRE-20-IDEALISTA-ECUADOR	Hombre 20 idealista ecuatoriano diálogo	HAPPY	VOICE-SAMPLE-VOC-PRESET-HOMBRE-20-IDEALISTA-ECUADOR-HAPPY	samples/voices/advanced-presets/hombre_20_idealista_ecuador_dialogo/feliz.wav	false	false	APP_RESOURCE	APP_DEFAULT
VOC-PRESET-HOMBRE-20-IDEALISTA-ECUADOR	Hombre 20 idealista ecuatoriano diálogo	SAD	VOICE-SAMPLE-VOC-PRESET-HOMBRE-20-IDEALISTA-ECUADOR-SAD	samples/voices/advanced-presets/hombre_20_idealista_ecuador_dialogo/triste.wav	false	false	APP_RESOURCE	APP_DEFAULT
VOC-PRESET-HOMBRE-20-IDEALISTA-ECUADOR	Hombre 20 idealista ecuatoriano diálogo	ANGRY	VOICE-SAMPLE-VOC-PRESET-HOMBRE-20-IDEALISTA-ECUADOR-ANGRY	samples/voices/advanced-presets/hombre_20_idealista_ecuador_dialogo/enojada.wav	false	false	APP_RESOURCE	APP_DEFAULT
VOC-PRESET-HOMBRE-20-IDEALISTA-ECUADOR	Hombre 20 idealista ecuatoriano diálogo	SERIOUS	VOICE-SAMPLE-VOC-PRESET-HOMBRE-20-IDEALISTA-ECUADOR-SERIOUS	samples/voices/advanced-presets/hombre_20_idealista_ecuador_dialogo/seria.wav	false	false	APP_RESOURCE	APP_DEFAULT
VOC-PRESET-HOMBRE-20-IDEALISTA-ECUADOR	Hombre 20 idealista ecuatoriano diálogo	CALM	VOICE-SAMPLE-VOC-PRESET-HOMBRE-20-IDEALISTA-ECUADOR-CALM	samples/voices/advanced-presets/hombre_20_idealista_ecuador_dialogo/calmada.wav	false	false	APP_RESOURCE	APP_DEFAULT
VOC-PRESET-HOMBRE-20-IDEALISTA-ECUADOR	Hombre 20 idealista ecuatoriano diálogo	WORRIED	VOICE-SAMPLE-VOC-PRESET-HOMBRE-20-IDEALISTA-ECUADOR-WORRIED	samples/voices/advanced-presets/hombre_20_idealista_ecuador_dialogo/preocupada.wav	false	false	APP_RESOURCE	APP_DEFAULT
VOC-PRESET-HOMBRE-20-IDEALISTA-ECUADOR	Hombre 20 idealista ecuatoriano diálogo	ENTHUSIASTIC	VOICE-SAMPLE-VOC-PRESET-HOMBRE-20-IDEALISTA-ECUADOR-ENTHUSIASTIC	samples/voices/advanced-presets/hombre_20_idealista_ecuador_dialogo/entusiasmada.wav	false	false	APP_RESOURCE	APP_DEFAULT
VOC-PRESET-HOMBRE-20-IDEALISTA-ECUADOR	Hombre 20 idealista ecuatoriano diálogo	BORED	VOICE-SAMPLE-VOC-PRESET-HOMBRE-20-IDEALISTA-ECUADOR-BORED	samples/voices/advanced-presets/hombre_20_idealista_ecuador_dialogo/aburrida.wav	false	false	APP_RESOURCE	APP_DEFAULT
VOC-PRESET-HOMBRE-20-IDEALISTA-ECUADOR	Hombre 20 idealista ecuatoriano diálogo	EUPHORIC	VOICE-SAMPLE-VOC-PRESET-HOMBRE-20-IDEALISTA-ECUADOR-EUPHORIC	samples/voices/advanced-presets/hombre_20_idealista_ecuador_dialogo/euforica.wav	false	false	APP_RESOURCE	APP_DEFAULT
VOC-PRESET-HOMBRE-20-IDEALISTA-ECUADOR	Hombre 20 idealista ecuatoriano diálogo	MELANCHOLIC	VOICE-SAMPLE-VOC-PRESET-HOMBRE-20-IDEALISTA-ECUADOR-MELANCHOLIC	samples/voices/advanced-presets/hombre_20_idealista_ecuador_dialogo/melancolica.wav	false	false	APP_RESOURCE	APP_DEFAULT
VOC-PRESET-HOMBRE-20-IDEALISTA-ECUADOR	Hombre 20 idealista ecuatoriano diálogo	NERVOUS	VOICE-SAMPLE-VOC-PRESET-HOMBRE-20-IDEALISTA-ECUADOR-NERVOUS	samples/voices/advanced-presets/hombre_20_idealista_ecuador_dialogo/nerviosa.wav	false	false	APP_RESOURCE	APP_DEFAULT
VOC-PRESET-HOMBRE-20-IDEALISTA-ECUADOR	Hombre 20 idealista ecuatoriano diálogo	AFRAID	VOICE-SAMPLE-VOC-PRESET-HOMBRE-20-IDEALISTA-ECUADOR-AFRAID	samples/voices/advanced-presets/hombre_20_idealista_ecuador_dialogo/asustada.wav	false	false	APP_RESOURCE	APP_DEFAULT
VOC-PRESET-HOMBRE-20-IDEALISTA-ECUADOR	Hombre 20 idealista ecuatoriano diálogo	SURPRISED	VOICE-SAMPLE-VOC-PRESET-HOMBRE-20-IDEALISTA-ECUADOR-SURPRISED	samples/voices/advanced-presets/hombre_20_idealista_ecuador_dialogo/sorprendida.wav	false	false	APP_RESOURCE	APP_DEFAULT
VOC-PRESET-HOMBRE-20-IDEALISTA-ECUADOR	Hombre 20 idealista ecuatoriano diálogo	DOUBTFUL	VOICE-SAMPLE-VOC-PRESET-HOMBRE-20-IDEALISTA-ECUADOR-DOUBTFUL	samples/voices/advanced-presets/hombre_20_idealista_ecuador_dialogo/dudosa.wav	false	false	APP_RESOURCE	APP_DEFAULT
VOC-PRESET-HOMBRE-20-IDEALISTA-ECUADOR	Hombre 20 idealista ecuatoriano diálogo	TIRED	VOICE-SAMPLE-VOC-PRESET-HOMBRE-20-IDEALISTA-ECUADOR-TIRED	samples/voices/advanced-presets/hombre_20_idealista_ecuador_dialogo/cansada.wav	false	false	APP_RESOURCE	APP_DEFAULT
VOC-PRESET-HOMBRE-20-IDEALISTA-ECUADOR	Hombre 20 idealista ecuatoriano diálogo	PLEADING	VOICE-SAMPLE-VOC-PRESET-HOMBRE-20-IDEALISTA-ECUADOR-PLEADING	samples/voices/advanced-presets/hombre_20_idealista_ecuador_dialogo/suplicante.wav	false	false	APP_RESOURCE	APP_DEFAULT
VOC-PRESET-HOMBRE-20-IDEALISTA-ECUADOR	Hombre 20 idealista ecuatoriano diálogo	AUTHORITATIVE	VOICE-SAMPLE-VOC-PRESET-HOMBRE-20-IDEALISTA-ECUADOR-AUTHORITATIVE	samples/voices/advanced-presets/hombre_20_idealista_ecuador_dialogo/autoritaria.wav	false	false	APP_RESOURCE	APP_DEFAULT
VOC-PRESET-HOMBRE-20-IDEALISTA-ECUADOR	Hombre 20 idealista ecuatoriano diálogo	IRONIC	VOICE-SAMPLE-VOC-PRESET-HOMBRE-20-IDEALISTA-ECUADOR-IRONIC	samples/voices/advanced-presets/hombre_20_idealista_ecuador_dialogo/ironica.wav	false	false	APP_RESOURCE	APP_DEFAULT
VOC-PRESET-HOMBRE-20-IDEALISTA-ECUADOR	Hombre 20 idealista ecuatoriano diálogo	SARCASTIC	VOICE-SAMPLE-VOC-PRESET-HOMBRE-20-IDEALISTA-ECUADOR-SARCASTIC	samples/voices/advanced-presets/hombre_20_idealista_ecuador_dialogo/sarcastica.wav	false	false	APP_RESOURCE	APP_DEFAULT
VOC-PRESET-HOMBRE-20-IDEALISTA-ECUADOR	Hombre 20 idealista ecuatoriano diálogo	MYSTERIOUS	VOICE-SAMPLE-VOC-PRESET-HOMBRE-20-IDEALISTA-ECUADOR-MYSTERIOUS	samples/voices/advanced-presets/hombre_20_idealista_ecuador_dialogo/misteriosa.wav	false	false	APP_RESOURCE	APP_DEFAULT
VOC-PRESET-HOMBRE-20-IDEALISTA-ECUADOR	Hombre 20 idealista ecuatoriano diálogo	SOLEMN	VOICE-SAMPLE-VOC-PRESET-HOMBRE-20-IDEALISTA-ECUADOR-SOLEMN	samples/voices/advanced-presets/hombre_20_idealista_ecuador_dialogo/solemne.wav	false	false	APP_RESOURCE	APP_DEFAULT
VOC-PRESET-HOMBRE-20-IDEALISTA-ECUADOR	Hombre 20 idealista ecuatoriano diálogo	HEROIC	VOICE-SAMPLE-VOC-PRESET-HOMBRE-20-IDEALISTA-ECUADOR-HEROIC	samples/voices/advanced-presets/hombre_20_idealista_ecuador_dialogo/heroica.wav	false	false	APP_RESOURCE	APP_DEFAULT
VOC-PRESET-HOMBRE-20-IDEALISTA-ECUADOR	Hombre 20 idealista ecuatoriano diálogo	DRAMATIC	VOICE-SAMPLE-VOC-PRESET-HOMBRE-20-IDEALISTA-ECUADOR-DRAMATIC	samples/voices/advanced-presets/hombre_20_idealista_ecuador_dialogo/dramatica.wav	false	false	APP_RESOURCE	APP_DEFAULT
VOC-PRESET-HOMBRE-20-IDEALISTA-ECUADOR	Hombre 20 idealista ecuatoriano diálogo	TENSE	VOICE-SAMPLE-VOC-PRESET-HOMBRE-20-IDEALISTA-ECUADOR-TENSE	samples/voices/advanced-presets/hombre_20_idealista_ecuador_dialogo/tensa.wav	false	false	APP_RESOURCE	APP_DEFAULT
VOC-PRESET-HOMBRE-20-IDEALISTA-ECUADOR	Hombre 20 idealista ecuatoriano diálogo	RUSHED	VOICE-SAMPLE-VOC-PRESET-HOMBRE-20-IDEALISTA-ECUADOR-RUSHED	samples/voices/advanced-presets/hombre_20_idealista_ecuador_dialogo/apurada.wav	false	false	APP_RESOURCE	APP_DEFAULT
VOC-PRESET-HOMBRE-20-IDEALISTA-ECUADOR	Hombre 20 idealista ecuatoriano diálogo	CONFUSED	VOICE-SAMPLE-VOC-PRESET-HOMBRE-20-IDEALISTA-ECUADOR-CONFUSED	samples/voices/advanced-presets/hombre_20_idealista_ecuador_dialogo/confundida.wav	false	false	APP_RESOURCE	APP_DEFAULT
VOC-PRESET-HOMBRE-20-IDEALISTA-ECUADOR	Hombre 20 idealista ecuatoriano diálogo	TENDER	VOICE-SAMPLE-VOC-PRESET-HOMBRE-20-IDEALISTA-ECUADOR-TENDER	samples/voices/advanced-presets/hombre_20_idealista_ecuador_dialogo/tierna.wav	false	false	APP_RESOURCE	APP_DEFAULT
VOC-PRESET-HOMBRE-20-IDEALISTA-ECUADOR	Hombre 20 idealista ecuatoriano diálogo	COLD	VOICE-SAMPLE-VOC-PRESET-HOMBRE-20-IDEALISTA-ECUADOR-COLD	samples/voices/advanced-presets/hombre_20_idealista_ecuador_dialogo/fria.wav	false	false	APP_RESOURCE	APP_DEFAULT
VOC-PRESET-HOMBRE-20-IDEALISTA-ECUADOR	Hombre 20 idealista ecuatoriano diálogo	MOCKING	VOICE-SAMPLE-VOC-PRESET-HOMBRE-20-IDEALISTA-ECUADOR-MOCKING	samples/voices/advanced-presets/hombre_20_idealista_ecuador_dialogo/burlona.wav	false	false	APP_RESOURCE	APP_DEFAULT
VOC-PRESET-HOMBRE-20-IDEALISTA-ECUADOR	Hombre 20 idealista ecuatoriano diálogo	DISTRUSTFUL	VOICE-SAMPLE-VOC-PRESET-HOMBRE-20-IDEALISTA-ECUADOR-DISTRUSTFUL	samples/voices/advanced-presets/hombre_20_idealista_ecuador_dialogo/desconfiada.wav	false	false	APP_RESOURCE	APP_DEFAULT
VOC-PRESET-HOMBRE-20-IDEALISTA-ECUADOR	Hombre 20 idealista ecuatoriano diálogo	REPENTANT	VOICE-SAMPLE-VOC-PRESET-HOMBRE-20-IDEALISTA-ECUADOR-REPENTANT	samples/voices/advanced-presets/hombre_20_idealista_ecuador_dialogo/arrepentida.wav	false	false	APP_RESOURCE	APP_DEFAULT
VOC-PRESET-HOMBRE-20-IDEALISTA-ECUADOR	Hombre 20 idealista ecuatoriano diálogo	VULNERABLE	VOICE-SAMPLE-VOC-PRESET-HOMBRE-20-IDEALISTA-ECUADOR-VULNERABLE	samples/voices/advanced-presets/hombre_20_idealista_ecuador_dialogo/vulnerable.wav	false	false	APP_RESOURCE	APP_DEFAULT
VOC-PRESET-HOMBRE-20-IDEALISTA-ECUADOR	Hombre 20 idealista ecuatoriano diálogo	HOPEFUL	VOICE-SAMPLE-VOC-PRESET-HOMBRE-20-IDEALISTA-ECUADOR-HOPEFUL	samples/voices/advanced-presets/hombre_20_idealista_ecuador_dialogo/esperanzada.wav	false	false	APP_RESOURCE	APP_DEFAULT
VOC-PRESET-HOMBRE-20-IDEALISTA-ECUADOR	Hombre 20 idealista ecuatoriano diálogo	RESIGNED	VOICE-SAMPLE-VOC-PRESET-HOMBRE-20-IDEALISTA-ECUADOR-RESIGNED	samples/voices/advanced-presets/hombre_20_idealista_ecuador_dialogo/resignada.wav	false	false	APP_RESOURCE	APP_DEFAULT
VOC-PRESET-HOMBRE-20-IDEALISTA-ECUADOR	Hombre 20 idealista ecuatoriano diálogo	THREATENING	VOICE-SAMPLE-VOC-PRESET-HOMBRE-20-IDEALISTA-ECUADOR-THREATENING	samples/voices/advanced-presets/hombre_20_idealista_ecuador_dialogo/amenazante.wav	false	false	APP_RESOURCE	APP_DEFAULT
VOC-PRESET-HOMBRE-20-IDEALISTA-ECUADOR	Hombre 20 idealista ecuatoriano diálogo	DEFIANT	VOICE-SAMPLE-VOC-PRESET-HOMBRE-20-IDEALISTA-ECUADOR-DEFIANT	samples/voices/advanced-presets/hombre_20_idealista_ecuador_dialogo/desafiante.wav	false	false	APP_RESOURCE	APP_DEFAULT
VOC-PRESET-HOMBRE-20-IDEALISTA-ECUADOR	Hombre 20 idealista ecuatoriano diálogo	SEDUCTIVE_NON_EXPLICIT	VOICE-SAMPLE-VOC-PRESET-HOMBRE-20-IDEALISTA-ECUADOR-SEDUCTIVE_NON_EXPLICIT	samples/voices/advanced-presets/hombre_20_idealista_ecuador_dialogo/sutil.wav	false	false	APP_RESOURCE	APP_DEFAULT
VOC-PRESET-HOMBRE-20-PICARO-ECUADOR	Hombre 20 pícaro ecuatoriano diálogo	NEUTRAL	VOICE-SAMPLE-VOC-PRESET-HOMBRE-20-PICARO-ECUADOR-NEUTRAL	samples/voices/advanced-presets/hombre_20_picaro_ecuador_dialogo/neutral.wav	false	false	APP_RESOURCE	APP_DEFAULT
VOC-PRESET-HOMBRE-20-PICARO-ECUADOR	Hombre 20 pícaro ecuatoriano diálogo	HAPPY	VOICE-SAMPLE-VOC-PRESET-HOMBRE-20-PICARO-ECUADOR-HAPPY	samples/voices/advanced-presets/hombre_20_picaro_ecuador_dialogo/feliz.wav	false	false	APP_RESOURCE	APP_DEFAULT
VOC-PRESET-HOMBRE-20-PICARO-ECUADOR	Hombre 20 pícaro ecuatoriano diálogo	SAD	VOICE-SAMPLE-VOC-PRESET-HOMBRE-20-PICARO-ECUADOR-SAD	samples/voices/advanced-presets/hombre_20_picaro_ecuador_dialogo/triste.wav	false	false	APP_RESOURCE	APP_DEFAULT
VOC-PRESET-HOMBRE-20-PICARO-ECUADOR	Hombre 20 pícaro ecuatoriano diálogo	ANGRY	VOICE-SAMPLE-VOC-PRESET-HOMBRE-20-PICARO-ECUADOR-ANGRY	samples/voices/advanced-presets/hombre_20_picaro_ecuador_dialogo/enojada.wav	false	false	APP_RESOURCE	APP_DEFAULT
VOC-PRESET-HOMBRE-20-PICARO-ECUADOR	Hombre 20 pícaro ecuatoriano diálogo	SERIOUS	VOICE-SAMPLE-VOC-PRESET-HOMBRE-20-PICARO-ECUADOR-SERIOUS	samples/voices/advanced-presets/hombre_20_picaro_ecuador_dialogo/seria.wav	false	false	APP_RESOURCE	APP_DEFAULT
VOC-PRESET-HOMBRE-20-PICARO-ECUADOR	Hombre 20 pícaro ecuatoriano diálogo	CALM	VOICE-SAMPLE-VOC-PRESET-HOMBRE-20-PICARO-ECUADOR-CALM	samples/voices/advanced-presets/hombre_20_picaro_ecuador_dialogo/calmada.wav	false	false	APP_RESOURCE	APP_DEFAULT
VOC-PRESET-HOMBRE-20-PICARO-ECUADOR	Hombre 20 pícaro ecuatoriano diálogo	WORRIED	VOICE-SAMPLE-VOC-PRESET-HOMBRE-20-PICARO-ECUADOR-WORRIED	samples/voices/advanced-presets/hombre_20_picaro_ecuador_dialogo/preocupada.wav	false	false	APP_RESOURCE	APP_DEFAULT
VOC-PRESET-HOMBRE-20-PICARO-ECUADOR	Hombre 20 pícaro ecuatoriano diálogo	ENTHUSIASTIC	VOICE-SAMPLE-VOC-PRESET-HOMBRE-20-PICARO-ECUADOR-ENTHUSIASTIC	samples/voices/advanced-presets/hombre_20_picaro_ecuador_dialogo/entusiasmada.wav	false	false	APP_RESOURCE	APP_DEFAULT
VOC-PRESET-HOMBRE-20-PICARO-ECUADOR	Hombre 20 pícaro ecuatoriano diálogo	BORED	VOICE-SAMPLE-VOC-PRESET-HOMBRE-20-PICARO-ECUADOR-BORED	samples/voices/advanced-presets/hombre_20_picaro_ecuador_dialogo/aburrida.wav	false	false	APP_RESOURCE	APP_DEFAULT
VOC-PRESET-HOMBRE-20-PICARO-ECUADOR	Hombre 20 pícaro ecuatoriano diálogo	EUPHORIC	VOICE-SAMPLE-VOC-PRESET-HOMBRE-20-PICARO-ECUADOR-EUPHORIC	samples/voices/advanced-presets/hombre_20_picaro_ecuador_dialogo/euforica.wav	false	false	APP_RESOURCE	APP_DEFAULT
VOC-PRESET-HOMBRE-20-PICARO-ECUADOR	Hombre 20 pícaro ecuatoriano diálogo	MELANCHOLIC	VOICE-SAMPLE-VOC-PRESET-HOMBRE-20-PICARO-ECUADOR-MELANCHOLIC	samples/voices/advanced-presets/hombre_20_picaro_ecuador_dialogo/melancolica.wav	false	false	APP_RESOURCE	APP_DEFAULT
VOC-PRESET-HOMBRE-20-PICARO-ECUADOR	Hombre 20 pícaro ecuatoriano diálogo	NERVOUS	VOICE-SAMPLE-VOC-PRESET-HOMBRE-20-PICARO-ECUADOR-NERVOUS	samples/voices/advanced-presets/hombre_20_picaro_ecuador_dialogo/nerviosa.wav	false	false	APP_RESOURCE	APP_DEFAULT
VOC-PRESET-HOMBRE-20-PICARO-ECUADOR	Hombre 20 pícaro ecuatoriano diálogo	AFRAID	VOICE-SAMPLE-VOC-PRESET-HOMBRE-20-PICARO-ECUADOR-AFRAID	samples/voices/advanced-presets/hombre_20_picaro_ecuador_dialogo/asustada.wav	false	false	APP_RESOURCE	APP_DEFAULT
VOC-PRESET-HOMBRE-20-PICARO-ECUADOR	Hombre 20 pícaro ecuatoriano diálogo	SURPRISED	VOICE-SAMPLE-VOC-PRESET-HOMBRE-20-PICARO-ECUADOR-SURPRISED	samples/voices/advanced-presets/hombre_20_picaro_ecuador_dialogo/sorprendida.wav	false	false	APP_RESOURCE	APP_DEFAULT
VOC-PRESET-HOMBRE-20-PICARO-ECUADOR	Hombre 20 pícaro ecuatoriano diálogo	DOUBTFUL	VOICE-SAMPLE-VOC-PRESET-HOMBRE-20-PICARO-ECUADOR-DOUBTFUL	samples/voices/advanced-presets/hombre_20_picaro_ecuador_dialogo/dudosa.wav	false	false	APP_RESOURCE	APP_DEFAULT
VOC-PRESET-HOMBRE-20-PICARO-ECUADOR	Hombre 20 pícaro ecuatoriano diálogo	TIRED	VOICE-SAMPLE-VOC-PRESET-HOMBRE-20-PICARO-ECUADOR-TIRED	samples/voices/advanced-presets/hombre_20_picaro_ecuador_dialogo/cansada.wav	false	false	APP_RESOURCE	APP_DEFAULT
VOC-PRESET-HOMBRE-20-PICARO-ECUADOR	Hombre 20 pícaro ecuatoriano diálogo	PLEADING	VOICE-SAMPLE-VOC-PRESET-HOMBRE-20-PICARO-ECUADOR-PLEADING	samples/voices/advanced-presets/hombre_20_picaro_ecuador_dialogo/suplicante.wav	false	false	APP_RESOURCE	APP_DEFAULT
VOC-PRESET-HOMBRE-20-PICARO-ECUADOR	Hombre 20 pícaro ecuatoriano diálogo	AUTHORITATIVE	VOICE-SAMPLE-VOC-PRESET-HOMBRE-20-PICARO-ECUADOR-AUTHORITATIVE	samples/voices/advanced-presets/hombre_20_picaro_ecuador_dialogo/autoritaria.wav	false	false	APP_RESOURCE	APP_DEFAULT
VOC-PRESET-HOMBRE-20-PICARO-ECUADOR	Hombre 20 pícaro ecuatoriano diálogo	IRONIC	VOICE-SAMPLE-VOC-PRESET-HOMBRE-20-PICARO-ECUADOR-IRONIC	samples/voices/advanced-presets/hombre_20_picaro_ecuador_dialogo/ironica.wav	false	false	APP_RESOURCE	APP_DEFAULT
VOC-PRESET-HOMBRE-20-PICARO-ECUADOR	Hombre 20 pícaro ecuatoriano diálogo	SARCASTIC	VOICE-SAMPLE-VOC-PRESET-HOMBRE-20-PICARO-ECUADOR-SARCASTIC	samples/voices/advanced-presets/hombre_20_picaro_ecuador_dialogo/sarcastica.wav	false	false	APP_RESOURCE	APP_DEFAULT
VOC-PRESET-HOMBRE-20-PICARO-ECUADOR	Hombre 20 pícaro ecuatoriano diálogo	MYSTERIOUS	VOICE-SAMPLE-VOC-PRESET-HOMBRE-20-PICARO-ECUADOR-MYSTERIOUS	samples/voices/advanced-presets/hombre_20_picaro_ecuador_dialogo/misteriosa.wav	false	false	APP_RESOURCE	APP_DEFAULT
VOC-PRESET-HOMBRE-20-PICARO-ECUADOR	Hombre 20 pícaro ecuatoriano diálogo	SOLEMN	VOICE-SAMPLE-VOC-PRESET-HOMBRE-20-PICARO-ECUADOR-SOLEMN	samples/voices/advanced-presets/hombre_20_picaro_ecuador_dialogo/solemne.wav	false	false	APP_RESOURCE	APP_DEFAULT
VOC-PRESET-HOMBRE-20-PICARO-ECUADOR	Hombre 20 pícaro ecuatoriano diálogo	HEROIC	VOICE-SAMPLE-VOC-PRESET-HOMBRE-20-PICARO-ECUADOR-HEROIC	samples/voices/advanced-presets/hombre_20_picaro_ecuador_dialogo/heroica.wav	false	false	APP_RESOURCE	APP_DEFAULT
VOC-PRESET-HOMBRE-20-PICARO-ECUADOR	Hombre 20 pícaro ecuatoriano diálogo	DRAMATIC	VOICE-SAMPLE-VOC-PRESET-HOMBRE-20-PICARO-ECUADOR-DRAMATIC	samples/voices/advanced-presets/hombre_20_picaro_ecuador_dialogo/dramatica.wav	false	false	APP_RESOURCE	APP_DEFAULT
VOC-PRESET-HOMBRE-20-PICARO-ECUADOR	Hombre 20 pícaro ecuatoriano diálogo	TENSE	VOICE-SAMPLE-VOC-PRESET-HOMBRE-20-PICARO-ECUADOR-TENSE	samples/voices/advanced-presets/hombre_20_picaro_ecuador_dialogo/tensa.wav	false	false	APP_RESOURCE	APP_DEFAULT
VOC-PRESET-HOMBRE-20-PICARO-ECUADOR	Hombre 20 pícaro ecuatoriano diálogo	RUSHED	VOICE-SAMPLE-VOC-PRESET-HOMBRE-20-PICARO-ECUADOR-RUSHED	samples/voices/advanced-presets/hombre_20_picaro_ecuador_dialogo/apurada.wav	false	false	APP_RESOURCE	APP_DEFAULT
VOC-PRESET-HOMBRE-20-PICARO-ECUADOR	Hombre 20 pícaro ecuatoriano diálogo	CONFUSED	VOICE-SAMPLE-VOC-PRESET-HOMBRE-20-PICARO-ECUADOR-CONFUSED	samples/voices/advanced-presets/hombre_20_picaro_ecuador_dialogo/confundida.wav	false	false	APP_RESOURCE	APP_DEFAULT
VOC-PRESET-HOMBRE-20-PICARO-ECUADOR	Hombre 20 pícaro ecuatoriano diálogo	TENDER	VOICE-SAMPLE-VOC-PRESET-HOMBRE-20-PICARO-ECUADOR-TENDER	samples/voices/advanced-presets/hombre_20_picaro_ecuador_dialogo/tierna.wav	false	false	APP_RESOURCE	APP_DEFAULT
VOC-PRESET-HOMBRE-20-PICARO-ECUADOR	Hombre 20 pícaro ecuatoriano diálogo	COLD	VOICE-SAMPLE-VOC-PRESET-HOMBRE-20-PICARO-ECUADOR-COLD	samples/voices/advanced-presets/hombre_20_picaro_ecuador_dialogo/fria.wav	false	false	APP_RESOURCE	APP_DEFAULT
VOC-PRESET-HOMBRE-20-PICARO-ECUADOR	Hombre 20 pícaro ecuatoriano diálogo	MOCKING	VOICE-SAMPLE-VOC-PRESET-HOMBRE-20-PICARO-ECUADOR-MOCKING	samples/voices/advanced-presets/hombre_20_picaro_ecuador_dialogo/burlona.wav	false	false	APP_RESOURCE	APP_DEFAULT
VOC-PRESET-HOMBRE-20-PICARO-ECUADOR	Hombre 20 pícaro ecuatoriano diálogo	DISTRUSTFUL	VOICE-SAMPLE-VOC-PRESET-HOMBRE-20-PICARO-ECUADOR-DISTRUSTFUL	samples/voices/advanced-presets/hombre_20_picaro_ecuador_dialogo/desconfiada.wav	false	false	APP_RESOURCE	APP_DEFAULT
VOC-PRESET-HOMBRE-20-PICARO-ECUADOR	Hombre 20 pícaro ecuatoriano diálogo	REPENTANT	VOICE-SAMPLE-VOC-PRESET-HOMBRE-20-PICARO-ECUADOR-REPENTANT	samples/voices/advanced-presets/hombre_20_picaro_ecuador_dialogo/arrepentida.wav	false	false	APP_RESOURCE	APP_DEFAULT
VOC-PRESET-HOMBRE-20-PICARO-ECUADOR	Hombre 20 pícaro ecuatoriano diálogo	VULNERABLE	VOICE-SAMPLE-VOC-PRESET-HOMBRE-20-PICARO-ECUADOR-VULNERABLE	samples/voices/advanced-presets/hombre_20_picaro_ecuador_dialogo/vulnerable.wav	false	false	APP_RESOURCE	APP_DEFAULT
VOC-PRESET-HOMBRE-20-PICARO-ECUADOR	Hombre 20 pícaro ecuatoriano diálogo	HOPEFUL	VOICE-SAMPLE-VOC-PRESET-HOMBRE-20-PICARO-ECUADOR-HOPEFUL	samples/voices/advanced-presets/hombre_20_picaro_ecuador_dialogo/esperanzada.wav	false	false	APP_RESOURCE	APP_DEFAULT
VOC-PRESET-HOMBRE-20-PICARO-ECUADOR	Hombre 20 pícaro ecuatoriano diálogo	RESIGNED	VOICE-SAMPLE-VOC-PRESET-HOMBRE-20-PICARO-ECUADOR-RESIGNED	samples/voices/advanced-presets/hombre_20_picaro_ecuador_dialogo/resignada.wav	false	false	APP_RESOURCE	APP_DEFAULT
VOC-PRESET-HOMBRE-20-PICARO-ECUADOR	Hombre 20 pícaro ecuatoriano diálogo	THREATENING	VOICE-SAMPLE-VOC-PRESET-HOMBRE-20-PICARO-ECUADOR-THREATENING	samples/voices/advanced-presets/hombre_20_picaro_ecuador_dialogo/amenazante.wav	false	false	APP_RESOURCE	APP_DEFAULT
VOC-PRESET-HOMBRE-20-PICARO-ECUADOR	Hombre 20 pícaro ecuatoriano diálogo	DEFIANT	VOICE-SAMPLE-VOC-PRESET-HOMBRE-20-PICARO-ECUADOR-DEFIANT	samples/voices/advanced-presets/hombre_20_picaro_ecuador_dialogo/desafiante.wav	false	false	APP_RESOURCE	APP_DEFAULT
VOC-PRESET-HOMBRE-20-PICARO-ECUADOR	Hombre 20 pícaro ecuatoriano diálogo	SEDUCTIVE_NON_EXPLICIT	VOICE-SAMPLE-VOC-PRESET-HOMBRE-20-PICARO-ECUADOR-SEDUCTIVE_NON_EXPLICIT	samples/voices/advanced-presets/hombre_20_picaro_ecuador_dialogo/sutil.wav	false	false	APP_RESOURCE	APP_DEFAULT
VOC-PRESET-HOMBRE-35-ASTUTO-ECUADOR	Hombre 35 astuto ecuatoriano diálogo	NEUTRAL	VOICE-SAMPLE-VOC-PRESET-HOMBRE-35-ASTUTO-ECUADOR-NEUTRAL	samples/voices/advanced-presets/hombre_35_astuto_ecuador_dialogo/neutral.wav	false	false	APP_RESOURCE	APP_DEFAULT
VOC-PRESET-HOMBRE-35-ASTUTO-ECUADOR	Hombre 35 astuto ecuatoriano diálogo	HAPPY	VOICE-SAMPLE-VOC-PRESET-HOMBRE-35-ASTUTO-ECUADOR-HAPPY	samples/voices/advanced-presets/hombre_35_astuto_ecuador_dialogo/feliz.wav	false	false	APP_RESOURCE	APP_DEFAULT
VOC-PRESET-HOMBRE-35-ASTUTO-ECUADOR	Hombre 35 astuto ecuatoriano diálogo	SAD	VOICE-SAMPLE-VOC-PRESET-HOMBRE-35-ASTUTO-ECUADOR-SAD	samples/voices/advanced-presets/hombre_35_astuto_ecuador_dialogo/triste.wav	false	false	APP_RESOURCE	APP_DEFAULT
VOC-PRESET-HOMBRE-35-ASTUTO-ECUADOR	Hombre 35 astuto ecuatoriano diálogo	ANGRY	VOICE-SAMPLE-VOC-PRESET-HOMBRE-35-ASTUTO-ECUADOR-ANGRY	samples/voices/advanced-presets/hombre_35_astuto_ecuador_dialogo/enojada.wav	false	false	APP_RESOURCE	APP_DEFAULT
VOC-PRESET-HOMBRE-35-ASTUTO-ECUADOR	Hombre 35 astuto ecuatoriano diálogo	SERIOUS	VOICE-SAMPLE-VOC-PRESET-HOMBRE-35-ASTUTO-ECUADOR-SERIOUS	samples/voices/advanced-presets/hombre_35_astuto_ecuador_dialogo/seria.wav	false	false	APP_RESOURCE	APP_DEFAULT
VOC-PRESET-HOMBRE-35-ASTUTO-ECUADOR	Hombre 35 astuto ecuatoriano diálogo	CALM	VOICE-SAMPLE-VOC-PRESET-HOMBRE-35-ASTUTO-ECUADOR-CALM	samples/voices/advanced-presets/hombre_35_astuto_ecuador_dialogo/calmada.wav	false	false	APP_RESOURCE	APP_DEFAULT
VOC-PRESET-HOMBRE-35-ASTUTO-ECUADOR	Hombre 35 astuto ecuatoriano diálogo	WORRIED	VOICE-SAMPLE-VOC-PRESET-HOMBRE-35-ASTUTO-ECUADOR-WORRIED	samples/voices/advanced-presets/hombre_35_astuto_ecuador_dialogo/preocupada.wav	false	false	APP_RESOURCE	APP_DEFAULT
VOC-PRESET-HOMBRE-35-ASTUTO-ECUADOR	Hombre 35 astuto ecuatoriano diálogo	ENTHUSIASTIC	VOICE-SAMPLE-VOC-PRESET-HOMBRE-35-ASTUTO-ECUADOR-ENTHUSIASTIC	samples/voices/advanced-presets/hombre_35_astuto_ecuador_dialogo/entusiasmada.wav	false	false	APP_RESOURCE	APP_DEFAULT
VOC-PRESET-HOMBRE-35-ASTUTO-ECUADOR	Hombre 35 astuto ecuatoriano diálogo	BORED	VOICE-SAMPLE-VOC-PRESET-HOMBRE-35-ASTUTO-ECUADOR-BORED	samples/voices/advanced-presets/hombre_35_astuto_ecuador_dialogo/aburrida.wav	false	false	APP_RESOURCE	APP_DEFAULT
VOC-PRESET-HOMBRE-35-ASTUTO-ECUADOR	Hombre 35 astuto ecuatoriano diálogo	EUPHORIC	VOICE-SAMPLE-VOC-PRESET-HOMBRE-35-ASTUTO-ECUADOR-EUPHORIC	samples/voices/advanced-presets/hombre_35_astuto_ecuador_dialogo/euforica.wav	false	false	APP_RESOURCE	APP_DEFAULT
VOC-PRESET-HOMBRE-35-ASTUTO-ECUADOR	Hombre 35 astuto ecuatoriano diálogo	MELANCHOLIC	VOICE-SAMPLE-VOC-PRESET-HOMBRE-35-ASTUTO-ECUADOR-MELANCHOLIC	samples/voices/advanced-presets/hombre_35_astuto_ecuador_dialogo/melancolica.wav	false	false	APP_RESOURCE	APP_DEFAULT
VOC-PRESET-HOMBRE-35-ASTUTO-ECUADOR	Hombre 35 astuto ecuatoriano diálogo	NERVOUS	VOICE-SAMPLE-VOC-PRESET-HOMBRE-35-ASTUTO-ECUADOR-NERVOUS	samples/voices/advanced-presets/hombre_35_astuto_ecuador_dialogo/nerviosa.wav	false	false	APP_RESOURCE	APP_DEFAULT
VOC-PRESET-HOMBRE-35-ASTUTO-ECUADOR	Hombre 35 astuto ecuatoriano diálogo	AFRAID	VOICE-SAMPLE-VOC-PRESET-HOMBRE-35-ASTUTO-ECUADOR-AFRAID	samples/voices/advanced-presets/hombre_35_astuto_ecuador_dialogo/asustada.wav	false	false	APP_RESOURCE	APP_DEFAULT
VOC-PRESET-HOMBRE-35-ASTUTO-ECUADOR	Hombre 35 astuto ecuatoriano diálogo	SURPRISED	VOICE-SAMPLE-VOC-PRESET-HOMBRE-35-ASTUTO-ECUADOR-SURPRISED	samples/voices/advanced-presets/hombre_35_astuto_ecuador_dialogo/sorprendida.wav	false	false	APP_RESOURCE	APP_DEFAULT
VOC-PRESET-HOMBRE-35-ASTUTO-ECUADOR	Hombre 35 astuto ecuatoriano diálogo	DOUBTFUL	VOICE-SAMPLE-VOC-PRESET-HOMBRE-35-ASTUTO-ECUADOR-DOUBTFUL	samples/voices/advanced-presets/hombre_35_astuto_ecuador_dialogo/dudosa.wav	false	false	APP_RESOURCE	APP_DEFAULT
VOC-PRESET-HOMBRE-35-ASTUTO-ECUADOR	Hombre 35 astuto ecuatoriano diálogo	TIRED	VOICE-SAMPLE-VOC-PRESET-HOMBRE-35-ASTUTO-ECUADOR-TIRED	samples/voices/advanced-presets/hombre_35_astuto_ecuador_dialogo/cansada.wav	false	false	APP_RESOURCE	APP_DEFAULT
VOC-PRESET-HOMBRE-35-ASTUTO-ECUADOR	Hombre 35 astuto ecuatoriano diálogo	PLEADING	VOICE-SAMPLE-VOC-PRESET-HOMBRE-35-ASTUTO-ECUADOR-PLEADING	samples/voices/advanced-presets/hombre_35_astuto_ecuador_dialogo/suplicante.wav	false	false	APP_RESOURCE	APP_DEFAULT
VOC-PRESET-HOMBRE-35-ASTUTO-ECUADOR	Hombre 35 astuto ecuatoriano diálogo	AUTHORITATIVE	VOICE-SAMPLE-VOC-PRESET-HOMBRE-35-ASTUTO-ECUADOR-AUTHORITATIVE	samples/voices/advanced-presets/hombre_35_astuto_ecuador_dialogo/autoritaria.wav	false	false	APP_RESOURCE	APP_DEFAULT
VOC-PRESET-HOMBRE-35-ASTUTO-ECUADOR	Hombre 35 astuto ecuatoriano diálogo	IRONIC	VOICE-SAMPLE-VOC-PRESET-HOMBRE-35-ASTUTO-ECUADOR-IRONIC	samples/voices/advanced-presets/hombre_35_astuto_ecuador_dialogo/ironica.wav	false	false	APP_RESOURCE	APP_DEFAULT
VOC-PRESET-HOMBRE-35-ASTUTO-ECUADOR	Hombre 35 astuto ecuatoriano diálogo	SARCASTIC	VOICE-SAMPLE-VOC-PRESET-HOMBRE-35-ASTUTO-ECUADOR-SARCASTIC	samples/voices/advanced-presets/hombre_35_astuto_ecuador_dialogo/sarcastica.wav	false	false	APP_RESOURCE	APP_DEFAULT
VOC-PRESET-HOMBRE-35-ASTUTO-ECUADOR	Hombre 35 astuto ecuatoriano diálogo	MYSTERIOUS	VOICE-SAMPLE-VOC-PRESET-HOMBRE-35-ASTUTO-ECUADOR-MYSTERIOUS	samples/voices/advanced-presets/hombre_35_astuto_ecuador_dialogo/misteriosa.wav	false	false	APP_RESOURCE	APP_DEFAULT
VOC-PRESET-HOMBRE-35-ASTUTO-ECUADOR	Hombre 35 astuto ecuatoriano diálogo	SOLEMN	VOICE-SAMPLE-VOC-PRESET-HOMBRE-35-ASTUTO-ECUADOR-SOLEMN	samples/voices/advanced-presets/hombre_35_astuto_ecuador_dialogo/solemne.wav	false	false	APP_RESOURCE	APP_DEFAULT
VOC-PRESET-HOMBRE-35-ASTUTO-ECUADOR	Hombre 35 astuto ecuatoriano diálogo	HEROIC	VOICE-SAMPLE-VOC-PRESET-HOMBRE-35-ASTUTO-ECUADOR-HEROIC	samples/voices/advanced-presets/hombre_35_astuto_ecuador_dialogo/heroica.wav	false	false	APP_RESOURCE	APP_DEFAULT
VOC-PRESET-HOMBRE-35-ASTUTO-ECUADOR	Hombre 35 astuto ecuatoriano diálogo	DRAMATIC	VOICE-SAMPLE-VOC-PRESET-HOMBRE-35-ASTUTO-ECUADOR-DRAMATIC	samples/voices/advanced-presets/hombre_35_astuto_ecuador_dialogo/dramatica.wav	false	false	APP_RESOURCE	APP_DEFAULT
VOC-PRESET-HOMBRE-35-ASTUTO-ECUADOR	Hombre 35 astuto ecuatoriano diálogo	TENSE	VOICE-SAMPLE-VOC-PRESET-HOMBRE-35-ASTUTO-ECUADOR-TENSE	samples/voices/advanced-presets/hombre_35_astuto_ecuador_dialogo/tensa.wav	false	false	APP_RESOURCE	APP_DEFAULT
VOC-PRESET-HOMBRE-35-ASTUTO-ECUADOR	Hombre 35 astuto ecuatoriano diálogo	RUSHED	VOICE-SAMPLE-VOC-PRESET-HOMBRE-35-ASTUTO-ECUADOR-RUSHED	samples/voices/advanced-presets/hombre_35_astuto_ecuador_dialogo/apurada.wav	false	false	APP_RESOURCE	APP_DEFAULT
VOC-PRESET-HOMBRE-35-ASTUTO-ECUADOR	Hombre 35 astuto ecuatoriano diálogo	CONFUSED	VOICE-SAMPLE-VOC-PRESET-HOMBRE-35-ASTUTO-ECUADOR-CONFUSED	samples/voices/advanced-presets/hombre_35_astuto_ecuador_dialogo/confundida.wav	false	false	APP_RESOURCE	APP_DEFAULT
VOC-PRESET-HOMBRE-35-ASTUTO-ECUADOR	Hombre 35 astuto ecuatoriano diálogo	TENDER	VOICE-SAMPLE-VOC-PRESET-HOMBRE-35-ASTUTO-ECUADOR-TENDER	samples/voices/advanced-presets/hombre_35_astuto_ecuador_dialogo/tierna.wav	false	false	APP_RESOURCE	APP_DEFAULT
VOC-PRESET-HOMBRE-35-ASTUTO-ECUADOR	Hombre 35 astuto ecuatoriano diálogo	COLD	VOICE-SAMPLE-VOC-PRESET-HOMBRE-35-ASTUTO-ECUADOR-COLD	samples/voices/advanced-presets/hombre_35_astuto_ecuador_dialogo/fria.wav	false	false	APP_RESOURCE	APP_DEFAULT
VOC-PRESET-HOMBRE-35-ASTUTO-ECUADOR	Hombre 35 astuto ecuatoriano diálogo	MOCKING	VOICE-SAMPLE-VOC-PRESET-HOMBRE-35-ASTUTO-ECUADOR-MOCKING	samples/voices/advanced-presets/hombre_35_astuto_ecuador_dialogo/burlona.wav	false	false	APP_RESOURCE	APP_DEFAULT
VOC-PRESET-HOMBRE-35-ASTUTO-ECUADOR	Hombre 35 astuto ecuatoriano diálogo	DISTRUSTFUL	VOICE-SAMPLE-VOC-PRESET-HOMBRE-35-ASTUTO-ECUADOR-DISTRUSTFUL	samples/voices/advanced-presets/hombre_35_astuto_ecuador_dialogo/desconfiada.wav	false	false	APP_RESOURCE	APP_DEFAULT
VOC-PRESET-HOMBRE-35-ASTUTO-ECUADOR	Hombre 35 astuto ecuatoriano diálogo	REPENTANT	VOICE-SAMPLE-VOC-PRESET-HOMBRE-35-ASTUTO-ECUADOR-REPENTANT	samples/voices/advanced-presets/hombre_35_astuto_ecuador_dialogo/arrepentida.wav	false	false	APP_RESOURCE	APP_DEFAULT
VOC-PRESET-HOMBRE-35-ASTUTO-ECUADOR	Hombre 35 astuto ecuatoriano diálogo	VULNERABLE	VOICE-SAMPLE-VOC-PRESET-HOMBRE-35-ASTUTO-ECUADOR-VULNERABLE	samples/voices/advanced-presets/hombre_35_astuto_ecuador_dialogo/vulnerable.wav	false	false	APP_RESOURCE	APP_DEFAULT
VOC-PRESET-HOMBRE-35-ASTUTO-ECUADOR	Hombre 35 astuto ecuatoriano diálogo	HOPEFUL	VOICE-SAMPLE-VOC-PRESET-HOMBRE-35-ASTUTO-ECUADOR-HOPEFUL	samples/voices/advanced-presets/hombre_35_astuto_ecuador_dialogo/esperanzada.wav	false	false	APP_RESOURCE	APP_DEFAULT
VOC-PRESET-HOMBRE-35-ASTUTO-ECUADOR	Hombre 35 astuto ecuatoriano diálogo	RESIGNED	VOICE-SAMPLE-VOC-PRESET-HOMBRE-35-ASTUTO-ECUADOR-RESIGNED	samples/voices/advanced-presets/hombre_35_astuto_ecuador_dialogo/resignada.wav	false	false	APP_RESOURCE	APP_DEFAULT
VOC-PRESET-HOMBRE-35-ASTUTO-ECUADOR	Hombre 35 astuto ecuatoriano diálogo	THREATENING	VOICE-SAMPLE-VOC-PRESET-HOMBRE-35-ASTUTO-ECUADOR-THREATENING	samples/voices/advanced-presets/hombre_35_astuto_ecuador_dialogo/amenazante.wav	false	false	APP_RESOURCE	APP_DEFAULT
VOC-PRESET-HOMBRE-35-ASTUTO-ECUADOR	Hombre 35 astuto ecuatoriano diálogo	DEFIANT	VOICE-SAMPLE-VOC-PRESET-HOMBRE-35-ASTUTO-ECUADOR-DEFIANT	samples/voices/advanced-presets/hombre_35_astuto_ecuador_dialogo/desafiante.wav	false	false	APP_RESOURCE	APP_DEFAULT
VOC-PRESET-HOMBRE-35-ASTUTO-ECUADOR	Hombre 35 astuto ecuatoriano diálogo	SEDUCTIVE_NON_EXPLICIT	VOICE-SAMPLE-VOC-PRESET-HOMBRE-35-ASTUTO-ECUADOR-SEDUCTIVE_NON_EXPLICIT	samples/voices/advanced-presets/hombre_35_astuto_ecuador_dialogo/sutil.wav	false	false	APP_RESOURCE	APP_DEFAULT
VOC-PRESET-HOMBRE-35-TERCO-COMICO-ECUADOR	Hombre 35 terco cómico ecuatoriano diálogo	NEUTRAL	VOICE-SAMPLE-VOC-PRESET-HOMBRE-35-TERCO-COMICO-ECUADOR-NEUTRAL	samples/voices/advanced-presets/hombre_35_terco_comico_ecuador_dialogo/neutral.wav	false	false	APP_RESOURCE	APP_DEFAULT
VOC-PRESET-HOMBRE-35-TERCO-COMICO-ECUADOR	Hombre 35 terco cómico ecuatoriano diálogo	HAPPY	VOICE-SAMPLE-VOC-PRESET-HOMBRE-35-TERCO-COMICO-ECUADOR-HAPPY	samples/voices/advanced-presets/hombre_35_terco_comico_ecuador_dialogo/feliz.wav	false	false	APP_RESOURCE	APP_DEFAULT
VOC-PRESET-HOMBRE-35-TERCO-COMICO-ECUADOR	Hombre 35 terco cómico ecuatoriano diálogo	SAD	VOICE-SAMPLE-VOC-PRESET-HOMBRE-35-TERCO-COMICO-ECUADOR-SAD	samples/voices/advanced-presets/hombre_35_terco_comico_ecuador_dialogo/triste.wav	false	false	APP_RESOURCE	APP_DEFAULT
VOC-PRESET-HOMBRE-35-TERCO-COMICO-ECUADOR	Hombre 35 terco cómico ecuatoriano diálogo	ANGRY	VOICE-SAMPLE-VOC-PRESET-HOMBRE-35-TERCO-COMICO-ECUADOR-ANGRY	samples/voices/advanced-presets/hombre_35_terco_comico_ecuador_dialogo/enojada.wav	false	false	APP_RESOURCE	APP_DEFAULT
VOC-PRESET-HOMBRE-35-TERCO-COMICO-ECUADOR	Hombre 35 terco cómico ecuatoriano diálogo	SERIOUS	VOICE-SAMPLE-VOC-PRESET-HOMBRE-35-TERCO-COMICO-ECUADOR-SERIOUS	samples/voices/advanced-presets/hombre_35_terco_comico_ecuador_dialogo/seria.wav	false	false	APP_RESOURCE	APP_DEFAULT
VOC-PRESET-HOMBRE-35-TERCO-COMICO-ECUADOR	Hombre 35 terco cómico ecuatoriano diálogo	CALM	VOICE-SAMPLE-VOC-PRESET-HOMBRE-35-TERCO-COMICO-ECUADOR-CALM	samples/voices/advanced-presets/hombre_35_terco_comico_ecuador_dialogo/calmada.wav	false	false	APP_RESOURCE	APP_DEFAULT
VOC-PRESET-HOMBRE-35-TERCO-COMICO-ECUADOR	Hombre 35 terco cómico ecuatoriano diálogo	WORRIED	VOICE-SAMPLE-VOC-PRESET-HOMBRE-35-TERCO-COMICO-ECUADOR-WORRIED	samples/voices/advanced-presets/hombre_35_terco_comico_ecuador_dialogo/preocupada.wav	false	false	APP_RESOURCE	APP_DEFAULT
VOC-PRESET-HOMBRE-35-TERCO-COMICO-ECUADOR	Hombre 35 terco cómico ecuatoriano diálogo	ENTHUSIASTIC	VOICE-SAMPLE-VOC-PRESET-HOMBRE-35-TERCO-COMICO-ECUADOR-ENTHUSIASTIC	samples/voices/advanced-presets/hombre_35_terco_comico_ecuador_dialogo/entusiasmada.wav	false	false	APP_RESOURCE	APP_DEFAULT
VOC-PRESET-HOMBRE-35-TERCO-COMICO-ECUADOR	Hombre 35 terco cómico ecuatoriano diálogo	BORED	VOICE-SAMPLE-VOC-PRESET-HOMBRE-35-TERCO-COMICO-ECUADOR-BORED	samples/voices/advanced-presets/hombre_35_terco_comico_ecuador_dialogo/aburrida.wav	false	false	APP_RESOURCE	APP_DEFAULT
VOC-PRESET-HOMBRE-35-TERCO-COMICO-ECUADOR	Hombre 35 terco cómico ecuatoriano diálogo	EUPHORIC	VOICE-SAMPLE-VOC-PRESET-HOMBRE-35-TERCO-COMICO-ECUADOR-EUPHORIC	samples/voices/advanced-presets/hombre_35_terco_comico_ecuador_dialogo/euforica.wav	false	false	APP_RESOURCE	APP_DEFAULT
VOC-PRESET-HOMBRE-35-TERCO-COMICO-ECUADOR	Hombre 35 terco cómico ecuatoriano diálogo	MELANCHOLIC	VOICE-SAMPLE-VOC-PRESET-HOMBRE-35-TERCO-COMICO-ECUADOR-MELANCHOLIC	samples/voices/advanced-presets/hombre_35_terco_comico_ecuador_dialogo/melancolica.wav	false	false	APP_RESOURCE	APP_DEFAULT
VOC-PRESET-HOMBRE-35-TERCO-COMICO-ECUADOR	Hombre 35 terco cómico ecuatoriano diálogo	NERVOUS	VOICE-SAMPLE-VOC-PRESET-HOMBRE-35-TERCO-COMICO-ECUADOR-NERVOUS	samples/voices/advanced-presets/hombre_35_terco_comico_ecuador_dialogo/nerviosa.wav	false	false	APP_RESOURCE	APP_DEFAULT
VOC-PRESET-HOMBRE-35-TERCO-COMICO-ECUADOR	Hombre 35 terco cómico ecuatoriano diálogo	AFRAID	VOICE-SAMPLE-VOC-PRESET-HOMBRE-35-TERCO-COMICO-ECUADOR-AFRAID	samples/voices/advanced-presets/hombre_35_terco_comico_ecuador_dialogo/asustada.wav	false	false	APP_RESOURCE	APP_DEFAULT
VOC-PRESET-HOMBRE-35-TERCO-COMICO-ECUADOR	Hombre 35 terco cómico ecuatoriano diálogo	SURPRISED	VOICE-SAMPLE-VOC-PRESET-HOMBRE-35-TERCO-COMICO-ECUADOR-SURPRISED	samples/voices/advanced-presets/hombre_35_terco_comico_ecuador_dialogo/sorprendida.wav	false	false	APP_RESOURCE	APP_DEFAULT
VOC-PRESET-HOMBRE-35-TERCO-COMICO-ECUADOR	Hombre 35 terco cómico ecuatoriano diálogo	DOUBTFUL	VOICE-SAMPLE-VOC-PRESET-HOMBRE-35-TERCO-COMICO-ECUADOR-DOUBTFUL	samples/voices/advanced-presets/hombre_35_terco_comico_ecuador_dialogo/dudosa.wav	false	false	APP_RESOURCE	APP_DEFAULT
VOC-PRESET-HOMBRE-35-TERCO-COMICO-ECUADOR	Hombre 35 terco cómico ecuatoriano diálogo	TIRED	VOICE-SAMPLE-VOC-PRESET-HOMBRE-35-TERCO-COMICO-ECUADOR-TIRED	samples/voices/advanced-presets/hombre_35_terco_comico_ecuador_dialogo/cansada.wav	false	false	APP_RESOURCE	APP_DEFAULT
VOC-PRESET-HOMBRE-35-TERCO-COMICO-ECUADOR	Hombre 35 terco cómico ecuatoriano diálogo	PLEADING	VOICE-SAMPLE-VOC-PRESET-HOMBRE-35-TERCO-COMICO-ECUADOR-PLEADING	samples/voices/advanced-presets/hombre_35_terco_comico_ecuador_dialogo/suplicante.wav	false	false	APP_RESOURCE	APP_DEFAULT
VOC-PRESET-HOMBRE-35-TERCO-COMICO-ECUADOR	Hombre 35 terco cómico ecuatoriano diálogo	AUTHORITATIVE	VOICE-SAMPLE-VOC-PRESET-HOMBRE-35-TERCO-COMICO-ECUADOR-AUTHORITATIVE	samples/voices/advanced-presets/hombre_35_terco_comico_ecuador_dialogo/autoritaria.wav	false	false	APP_RESOURCE	APP_DEFAULT
VOC-PRESET-HOMBRE-35-TERCO-COMICO-ECUADOR	Hombre 35 terco cómico ecuatoriano diálogo	IRONIC	VOICE-SAMPLE-VOC-PRESET-HOMBRE-35-TERCO-COMICO-ECUADOR-IRONIC	samples/voices/advanced-presets/hombre_35_terco_comico_ecuador_dialogo/ironica.wav	false	false	APP_RESOURCE	APP_DEFAULT
VOC-PRESET-HOMBRE-35-TERCO-COMICO-ECUADOR	Hombre 35 terco cómico ecuatoriano diálogo	SARCASTIC	VOICE-SAMPLE-VOC-PRESET-HOMBRE-35-TERCO-COMICO-ECUADOR-SARCASTIC	samples/voices/advanced-presets/hombre_35_terco_comico_ecuador_dialogo/sarcastica.wav	false	false	APP_RESOURCE	APP_DEFAULT
VOC-PRESET-HOMBRE-35-TERCO-COMICO-ECUADOR	Hombre 35 terco cómico ecuatoriano diálogo	MYSTERIOUS	VOICE-SAMPLE-VOC-PRESET-HOMBRE-35-TERCO-COMICO-ECUADOR-MYSTERIOUS	samples/voices/advanced-presets/hombre_35_terco_comico_ecuador_dialogo/misteriosa.wav	false	false	APP_RESOURCE	APP_DEFAULT
VOC-PRESET-HOMBRE-35-TERCO-COMICO-ECUADOR	Hombre 35 terco cómico ecuatoriano diálogo	SOLEMN	VOICE-SAMPLE-VOC-PRESET-HOMBRE-35-TERCO-COMICO-ECUADOR-SOLEMN	samples/voices/advanced-presets/hombre_35_terco_comico_ecuador_dialogo/solemne.wav	false	false	APP_RESOURCE	APP_DEFAULT
VOC-PRESET-HOMBRE-35-TERCO-COMICO-ECUADOR	Hombre 35 terco cómico ecuatoriano diálogo	HEROIC	VOICE-SAMPLE-VOC-PRESET-HOMBRE-35-TERCO-COMICO-ECUADOR-HEROIC	samples/voices/advanced-presets/hombre_35_terco_comico_ecuador_dialogo/heroica.wav	false	false	APP_RESOURCE	APP_DEFAULT
VOC-PRESET-HOMBRE-35-TERCO-COMICO-ECUADOR	Hombre 35 terco cómico ecuatoriano diálogo	DRAMATIC	VOICE-SAMPLE-VOC-PRESET-HOMBRE-35-TERCO-COMICO-ECUADOR-DRAMATIC	samples/voices/advanced-presets/hombre_35_terco_comico_ecuador_dialogo/dramatica.wav	false	false	APP_RESOURCE	APP_DEFAULT
VOC-PRESET-HOMBRE-35-TERCO-COMICO-ECUADOR	Hombre 35 terco cómico ecuatoriano diálogo	TENSE	VOICE-SAMPLE-VOC-PRESET-HOMBRE-35-TERCO-COMICO-ECUADOR-TENSE	samples/voices/advanced-presets/hombre_35_terco_comico_ecuador_dialogo/tensa.wav	false	false	APP_RESOURCE	APP_DEFAULT
VOC-PRESET-HOMBRE-35-TERCO-COMICO-ECUADOR	Hombre 35 terco cómico ecuatoriano diálogo	RUSHED	VOICE-SAMPLE-VOC-PRESET-HOMBRE-35-TERCO-COMICO-ECUADOR-RUSHED	samples/voices/advanced-presets/hombre_35_terco_comico_ecuador_dialogo/apurada.wav	false	false	APP_RESOURCE	APP_DEFAULT
VOC-PRESET-HOMBRE-35-TERCO-COMICO-ECUADOR	Hombre 35 terco cómico ecuatoriano diálogo	CONFUSED	VOICE-SAMPLE-VOC-PRESET-HOMBRE-35-TERCO-COMICO-ECUADOR-CONFUSED	samples/voices/advanced-presets/hombre_35_terco_comico_ecuador_dialogo/confundida.wav	false	false	APP_RESOURCE	APP_DEFAULT
VOC-PRESET-HOMBRE-35-TERCO-COMICO-ECUADOR	Hombre 35 terco cómico ecuatoriano diálogo	TENDER	VOICE-SAMPLE-VOC-PRESET-HOMBRE-35-TERCO-COMICO-ECUADOR-TENDER	samples/voices/advanced-presets/hombre_35_terco_comico_ecuador_dialogo/tierna.wav	false	false	APP_RESOURCE	APP_DEFAULT
VOC-PRESET-HOMBRE-35-TERCO-COMICO-ECUADOR	Hombre 35 terco cómico ecuatoriano diálogo	COLD	VOICE-SAMPLE-VOC-PRESET-HOMBRE-35-TERCO-COMICO-ECUADOR-COLD	samples/voices/advanced-presets/hombre_35_terco_comico_ecuador_dialogo/fria.wav	false	false	APP_RESOURCE	APP_DEFAULT
VOC-PRESET-HOMBRE-35-TERCO-COMICO-ECUADOR	Hombre 35 terco cómico ecuatoriano diálogo	MOCKING	VOICE-SAMPLE-VOC-PRESET-HOMBRE-35-TERCO-COMICO-ECUADOR-MOCKING	samples/voices/advanced-presets/hombre_35_terco_comico_ecuador_dialogo/burlona.wav	false	false	APP_RESOURCE	APP_DEFAULT
VOC-PRESET-HOMBRE-35-TERCO-COMICO-ECUADOR	Hombre 35 terco cómico ecuatoriano diálogo	DISTRUSTFUL	VOICE-SAMPLE-VOC-PRESET-HOMBRE-35-TERCO-COMICO-ECUADOR-DISTRUSTFUL	samples/voices/advanced-presets/hombre_35_terco_comico_ecuador_dialogo/desconfiada.wav	false	false	APP_RESOURCE	APP_DEFAULT
VOC-PRESET-HOMBRE-35-TERCO-COMICO-ECUADOR	Hombre 35 terco cómico ecuatoriano diálogo	REPENTANT	VOICE-SAMPLE-VOC-PRESET-HOMBRE-35-TERCO-COMICO-ECUADOR-REPENTANT	samples/voices/advanced-presets/hombre_35_terco_comico_ecuador_dialogo/arrepentida.wav	false	false	APP_RESOURCE	APP_DEFAULT
VOC-PRESET-HOMBRE-35-TERCO-COMICO-ECUADOR	Hombre 35 terco cómico ecuatoriano diálogo	VULNERABLE	VOICE-SAMPLE-VOC-PRESET-HOMBRE-35-TERCO-COMICO-ECUADOR-VULNERABLE	samples/voices/advanced-presets/hombre_35_terco_comico_ecuador_dialogo/vulnerable.wav	false	false	APP_RESOURCE	APP_DEFAULT
VOC-PRESET-HOMBRE-35-TERCO-COMICO-ECUADOR	Hombre 35 terco cómico ecuatoriano diálogo	HOPEFUL	VOICE-SAMPLE-VOC-PRESET-HOMBRE-35-TERCO-COMICO-ECUADOR-HOPEFUL	samples/voices/advanced-presets/hombre_35_terco_comico_ecuador_dialogo/esperanzada.wav	false	false	APP_RESOURCE	APP_DEFAULT
VOC-PRESET-HOMBRE-35-TERCO-COMICO-ECUADOR	Hombre 35 terco cómico ecuatoriano diálogo	RESIGNED	VOICE-SAMPLE-VOC-PRESET-HOMBRE-35-TERCO-COMICO-ECUADOR-RESIGNED	samples/voices/advanced-presets/hombre_35_terco_comico_ecuador_dialogo/resignada.wav	false	false	APP_RESOURCE	APP_DEFAULT
VOC-PRESET-HOMBRE-35-TERCO-COMICO-ECUADOR	Hombre 35 terco cómico ecuatoriano diálogo	THREATENING	VOICE-SAMPLE-VOC-PRESET-HOMBRE-35-TERCO-COMICO-ECUADOR-THREATENING	samples/voices/advanced-presets/hombre_35_terco_comico_ecuador_dialogo/amenazante.wav	false	false	APP_RESOURCE	APP_DEFAULT
VOC-PRESET-HOMBRE-35-TERCO-COMICO-ECUADOR	Hombre 35 terco cómico ecuatoriano diálogo	DEFIANT	VOICE-SAMPLE-VOC-PRESET-HOMBRE-35-TERCO-COMICO-ECUADOR-DEFIANT	samples/voices/advanced-presets/hombre_35_terco_comico_ecuador_dialogo/desafiante.wav	false	false	APP_RESOURCE	APP_DEFAULT
VOC-PRESET-HOMBRE-35-TERCO-COMICO-ECUADOR	Hombre 35 terco cómico ecuatoriano diálogo	SEDUCTIVE_NON_EXPLICIT	VOICE-SAMPLE-VOC-PRESET-HOMBRE-35-TERCO-COMICO-ECUADOR-SEDUCTIVE_NON_EXPLICIT	samples/voices/advanced-presets/hombre_35_terco_comico_ecuador_dialogo/sutil.wav	false	false	APP_RESOURCE	APP_DEFAULT
VOC-PRESET-HOMBRE-40-BUROCRATA-ECUADOR	Hombre 40 burócrata ecuatoriano diálogo	NEUTRAL	VOICE-SAMPLE-VOC-PRESET-HOMBRE-40-BUROCRATA-ECUADOR-NEUTRAL	samples/voices/advanced-presets/hombre_40_burocrata_ecuador_dialogo/neutral.wav	false	false	APP_RESOURCE	APP_DEFAULT
VOC-PRESET-HOMBRE-40-BUROCRATA-ECUADOR	Hombre 40 burócrata ecuatoriano diálogo	HAPPY	VOICE-SAMPLE-VOC-PRESET-HOMBRE-40-BUROCRATA-ECUADOR-HAPPY	samples/voices/advanced-presets/hombre_40_burocrata_ecuador_dialogo/feliz.wav	false	false	APP_RESOURCE	APP_DEFAULT
VOC-PRESET-HOMBRE-40-BUROCRATA-ECUADOR	Hombre 40 burócrata ecuatoriano diálogo	SAD	VOICE-SAMPLE-VOC-PRESET-HOMBRE-40-BUROCRATA-ECUADOR-SAD	samples/voices/advanced-presets/hombre_40_burocrata_ecuador_dialogo/triste.wav	false	false	APP_RESOURCE	APP_DEFAULT
VOC-PRESET-HOMBRE-40-BUROCRATA-ECUADOR	Hombre 40 burócrata ecuatoriano diálogo	ANGRY	VOICE-SAMPLE-VOC-PRESET-HOMBRE-40-BUROCRATA-ECUADOR-ANGRY	samples/voices/advanced-presets/hombre_40_burocrata_ecuador_dialogo/enojada.wav	false	false	APP_RESOURCE	APP_DEFAULT
VOC-PRESET-HOMBRE-40-BUROCRATA-ECUADOR	Hombre 40 burócrata ecuatoriano diálogo	SERIOUS	VOICE-SAMPLE-VOC-PRESET-HOMBRE-40-BUROCRATA-ECUADOR-SERIOUS	samples/voices/advanced-presets/hombre_40_burocrata_ecuador_dialogo/seria.wav	false	false	APP_RESOURCE	APP_DEFAULT
VOC-PRESET-HOMBRE-40-BUROCRATA-ECUADOR	Hombre 40 burócrata ecuatoriano diálogo	CALM	VOICE-SAMPLE-VOC-PRESET-HOMBRE-40-BUROCRATA-ECUADOR-CALM	samples/voices/advanced-presets/hombre_40_burocrata_ecuador_dialogo/calmada.wav	false	false	APP_RESOURCE	APP_DEFAULT
VOC-PRESET-HOMBRE-40-BUROCRATA-ECUADOR	Hombre 40 burócrata ecuatoriano diálogo	WORRIED	VOICE-SAMPLE-VOC-PRESET-HOMBRE-40-BUROCRATA-ECUADOR-WORRIED	samples/voices/advanced-presets/hombre_40_burocrata_ecuador_dialogo/preocupada.wav	false	false	APP_RESOURCE	APP_DEFAULT
VOC-PRESET-HOMBRE-40-BUROCRATA-ECUADOR	Hombre 40 burócrata ecuatoriano diálogo	ENTHUSIASTIC	VOICE-SAMPLE-VOC-PRESET-HOMBRE-40-BUROCRATA-ECUADOR-ENTHUSIASTIC	samples/voices/advanced-presets/hombre_40_burocrata_ecuador_dialogo/entusiasmada.wav	false	false	APP_RESOURCE	APP_DEFAULT
VOC-PRESET-HOMBRE-40-BUROCRATA-ECUADOR	Hombre 40 burócrata ecuatoriano diálogo	BORED	VOICE-SAMPLE-VOC-PRESET-HOMBRE-40-BUROCRATA-ECUADOR-BORED	samples/voices/advanced-presets/hombre_40_burocrata_ecuador_dialogo/aburrida.wav	false	false	APP_RESOURCE	APP_DEFAULT
VOC-PRESET-HOMBRE-40-BUROCRATA-ECUADOR	Hombre 40 burócrata ecuatoriano diálogo	EUPHORIC	VOICE-SAMPLE-VOC-PRESET-HOMBRE-40-BUROCRATA-ECUADOR-EUPHORIC	samples/voices/advanced-presets/hombre_40_burocrata_ecuador_dialogo/euforica.wav	false	false	APP_RESOURCE	APP_DEFAULT
VOC-PRESET-HOMBRE-40-BUROCRATA-ECUADOR	Hombre 40 burócrata ecuatoriano diálogo	MELANCHOLIC	VOICE-SAMPLE-VOC-PRESET-HOMBRE-40-BUROCRATA-ECUADOR-MELANCHOLIC	samples/voices/advanced-presets/hombre_40_burocrata_ecuador_dialogo/melancolica.wav	false	false	APP_RESOURCE	APP_DEFAULT
VOC-PRESET-HOMBRE-40-BUROCRATA-ECUADOR	Hombre 40 burócrata ecuatoriano diálogo	NERVOUS	VOICE-SAMPLE-VOC-PRESET-HOMBRE-40-BUROCRATA-ECUADOR-NERVOUS	samples/voices/advanced-presets/hombre_40_burocrata_ecuador_dialogo/nerviosa.wav	false	false	APP_RESOURCE	APP_DEFAULT
VOC-PRESET-HOMBRE-40-BUROCRATA-ECUADOR	Hombre 40 burócrata ecuatoriano diálogo	AFRAID	VOICE-SAMPLE-VOC-PRESET-HOMBRE-40-BUROCRATA-ECUADOR-AFRAID	samples/voices/advanced-presets/hombre_40_burocrata_ecuador_dialogo/asustada.wav	false	false	APP_RESOURCE	APP_DEFAULT
VOC-PRESET-HOMBRE-40-BUROCRATA-ECUADOR	Hombre 40 burócrata ecuatoriano diálogo	SURPRISED	VOICE-SAMPLE-VOC-PRESET-HOMBRE-40-BUROCRATA-ECUADOR-SURPRISED	samples/voices/advanced-presets/hombre_40_burocrata_ecuador_dialogo/sorprendida.wav	false	false	APP_RESOURCE	APP_DEFAULT
VOC-PRESET-HOMBRE-40-BUROCRATA-ECUADOR	Hombre 40 burócrata ecuatoriano diálogo	DOUBTFUL	VOICE-SAMPLE-VOC-PRESET-HOMBRE-40-BUROCRATA-ECUADOR-DOUBTFUL	samples/voices/advanced-presets/hombre_40_burocrata_ecuador_dialogo/dudosa.wav	false	false	APP_RESOURCE	APP_DEFAULT
VOC-PRESET-HOMBRE-40-BUROCRATA-ECUADOR	Hombre 40 burócrata ecuatoriano diálogo	TIRED	VOICE-SAMPLE-VOC-PRESET-HOMBRE-40-BUROCRATA-ECUADOR-TIRED	samples/voices/advanced-presets/hombre_40_burocrata_ecuador_dialogo/cansada.wav	false	false	APP_RESOURCE	APP_DEFAULT
VOC-PRESET-HOMBRE-40-BUROCRATA-ECUADOR	Hombre 40 burócrata ecuatoriano diálogo	PLEADING	VOICE-SAMPLE-VOC-PRESET-HOMBRE-40-BUROCRATA-ECUADOR-PLEADING	samples/voices/advanced-presets/hombre_40_burocrata_ecuador_dialogo/suplicante.wav	false	false	APP_RESOURCE	APP_DEFAULT
VOC-PRESET-HOMBRE-40-BUROCRATA-ECUADOR	Hombre 40 burócrata ecuatoriano diálogo	AUTHORITATIVE	VOICE-SAMPLE-VOC-PRESET-HOMBRE-40-BUROCRATA-ECUADOR-AUTHORITATIVE	samples/voices/advanced-presets/hombre_40_burocrata_ecuador_dialogo/autoritaria.wav	false	false	APP_RESOURCE	APP_DEFAULT
VOC-PRESET-HOMBRE-40-BUROCRATA-ECUADOR	Hombre 40 burócrata ecuatoriano diálogo	IRONIC	VOICE-SAMPLE-VOC-PRESET-HOMBRE-40-BUROCRATA-ECUADOR-IRONIC	samples/voices/advanced-presets/hombre_40_burocrata_ecuador_dialogo/ironica.wav	false	false	APP_RESOURCE	APP_DEFAULT
VOC-PRESET-HOMBRE-40-BUROCRATA-ECUADOR	Hombre 40 burócrata ecuatoriano diálogo	SARCASTIC	VOICE-SAMPLE-VOC-PRESET-HOMBRE-40-BUROCRATA-ECUADOR-SARCASTIC	samples/voices/advanced-presets/hombre_40_burocrata_ecuador_dialogo/sarcastica.wav	false	false	APP_RESOURCE	APP_DEFAULT
VOC-PRESET-HOMBRE-40-BUROCRATA-ECUADOR	Hombre 40 burócrata ecuatoriano diálogo	MYSTERIOUS	VOICE-SAMPLE-VOC-PRESET-HOMBRE-40-BUROCRATA-ECUADOR-MYSTERIOUS	samples/voices/advanced-presets/hombre_40_burocrata_ecuador_dialogo/misteriosa.wav	false	false	APP_RESOURCE	APP_DEFAULT
VOC-PRESET-HOMBRE-40-BUROCRATA-ECUADOR	Hombre 40 burócrata ecuatoriano diálogo	SOLEMN	VOICE-SAMPLE-VOC-PRESET-HOMBRE-40-BUROCRATA-ECUADOR-SOLEMN	samples/voices/advanced-presets/hombre_40_burocrata_ecuador_dialogo/solemne.wav	false	false	APP_RESOURCE	APP_DEFAULT
VOC-PRESET-HOMBRE-40-BUROCRATA-ECUADOR	Hombre 40 burócrata ecuatoriano diálogo	HEROIC	VOICE-SAMPLE-VOC-PRESET-HOMBRE-40-BUROCRATA-ECUADOR-HEROIC	samples/voices/advanced-presets/hombre_40_burocrata_ecuador_dialogo/heroica.wav	false	false	APP_RESOURCE	APP_DEFAULT
VOC-PRESET-HOMBRE-40-BUROCRATA-ECUADOR	Hombre 40 burócrata ecuatoriano diálogo	DRAMATIC	VOICE-SAMPLE-VOC-PRESET-HOMBRE-40-BUROCRATA-ECUADOR-DRAMATIC	samples/voices/advanced-presets/hombre_40_burocrata_ecuador_dialogo/dramatica.wav	false	false	APP_RESOURCE	APP_DEFAULT
VOC-PRESET-HOMBRE-40-BUROCRATA-ECUADOR	Hombre 40 burócrata ecuatoriano diálogo	TENSE	VOICE-SAMPLE-VOC-PRESET-HOMBRE-40-BUROCRATA-ECUADOR-TENSE	samples/voices/advanced-presets/hombre_40_burocrata_ecuador_dialogo/tensa.wav	false	false	APP_RESOURCE	APP_DEFAULT
VOC-PRESET-HOMBRE-40-BUROCRATA-ECUADOR	Hombre 40 burócrata ecuatoriano diálogo	RUSHED	VOICE-SAMPLE-VOC-PRESET-HOMBRE-40-BUROCRATA-ECUADOR-RUSHED	samples/voices/advanced-presets/hombre_40_burocrata_ecuador_dialogo/apurada.wav	false	false	APP_RESOURCE	APP_DEFAULT
VOC-PRESET-HOMBRE-40-BUROCRATA-ECUADOR	Hombre 40 burócrata ecuatoriano diálogo	CONFUSED	VOICE-SAMPLE-VOC-PRESET-HOMBRE-40-BUROCRATA-ECUADOR-CONFUSED	samples/voices/advanced-presets/hombre_40_burocrata_ecuador_dialogo/confundida.wav	false	false	APP_RESOURCE	APP_DEFAULT
VOC-PRESET-HOMBRE-40-BUROCRATA-ECUADOR	Hombre 40 burócrata ecuatoriano diálogo	TENDER	VOICE-SAMPLE-VOC-PRESET-HOMBRE-40-BUROCRATA-ECUADOR-TENDER	samples/voices/advanced-presets/hombre_40_burocrata_ecuador_dialogo/tierna.wav	false	false	APP_RESOURCE	APP_DEFAULT
VOC-PRESET-HOMBRE-40-BUROCRATA-ECUADOR	Hombre 40 burócrata ecuatoriano diálogo	COLD	VOICE-SAMPLE-VOC-PRESET-HOMBRE-40-BUROCRATA-ECUADOR-COLD	samples/voices/advanced-presets/hombre_40_burocrata_ecuador_dialogo/fria.wav	false	false	APP_RESOURCE	APP_DEFAULT
VOC-PRESET-HOMBRE-40-BUROCRATA-ECUADOR	Hombre 40 burócrata ecuatoriano diálogo	MOCKING	VOICE-SAMPLE-VOC-PRESET-HOMBRE-40-BUROCRATA-ECUADOR-MOCKING	samples/voices/advanced-presets/hombre_40_burocrata_ecuador_dialogo/burlona.wav	false	false	APP_RESOURCE	APP_DEFAULT
VOC-PRESET-HOMBRE-40-BUROCRATA-ECUADOR	Hombre 40 burócrata ecuatoriano diálogo	DISTRUSTFUL	VOICE-SAMPLE-VOC-PRESET-HOMBRE-40-BUROCRATA-ECUADOR-DISTRUSTFUL	samples/voices/advanced-presets/hombre_40_burocrata_ecuador_dialogo/desconfiada.wav	false	false	APP_RESOURCE	APP_DEFAULT
VOC-PRESET-HOMBRE-40-BUROCRATA-ECUADOR	Hombre 40 burócrata ecuatoriano diálogo	REPENTANT	VOICE-SAMPLE-VOC-PRESET-HOMBRE-40-BUROCRATA-ECUADOR-REPENTANT	samples/voices/advanced-presets/hombre_40_burocrata_ecuador_dialogo/arrepentida.wav	false	false	APP_RESOURCE	APP_DEFAULT
VOC-PRESET-HOMBRE-40-BUROCRATA-ECUADOR	Hombre 40 burócrata ecuatoriano diálogo	VULNERABLE	VOICE-SAMPLE-VOC-PRESET-HOMBRE-40-BUROCRATA-ECUADOR-VULNERABLE	samples/voices/advanced-presets/hombre_40_burocrata_ecuador_dialogo/vulnerable.wav	false	false	APP_RESOURCE	APP_DEFAULT
VOC-PRESET-HOMBRE-40-BUROCRATA-ECUADOR	Hombre 40 burócrata ecuatoriano diálogo	HOPEFUL	VOICE-SAMPLE-VOC-PRESET-HOMBRE-40-BUROCRATA-ECUADOR-HOPEFUL	samples/voices/advanced-presets/hombre_40_burocrata_ecuador_dialogo/esperanzada.wav	false	false	APP_RESOURCE	APP_DEFAULT
VOC-PRESET-HOMBRE-40-BUROCRATA-ECUADOR	Hombre 40 burócrata ecuatoriano diálogo	RESIGNED	VOICE-SAMPLE-VOC-PRESET-HOMBRE-40-BUROCRATA-ECUADOR-RESIGNED	samples/voices/advanced-presets/hombre_40_burocrata_ecuador_dialogo/resignada.wav	false	false	APP_RESOURCE	APP_DEFAULT
VOC-PRESET-HOMBRE-40-BUROCRATA-ECUADOR	Hombre 40 burócrata ecuatoriano diálogo	THREATENING	VOICE-SAMPLE-VOC-PRESET-HOMBRE-40-BUROCRATA-ECUADOR-THREATENING	samples/voices/advanced-presets/hombre_40_burocrata_ecuador_dialogo/amenazante.wav	false	false	APP_RESOURCE	APP_DEFAULT
VOC-PRESET-HOMBRE-40-BUROCRATA-ECUADOR	Hombre 40 burócrata ecuatoriano diálogo	DEFIANT	VOICE-SAMPLE-VOC-PRESET-HOMBRE-40-BUROCRATA-ECUADOR-DEFIANT	samples/voices/advanced-presets/hombre_40_burocrata_ecuador_dialogo/desafiante.wav	false	false	APP_RESOURCE	APP_DEFAULT
VOC-PRESET-HOMBRE-40-BUROCRATA-ECUADOR	Hombre 40 burócrata ecuatoriano diálogo	SEDUCTIVE_NON_EXPLICIT	VOICE-SAMPLE-VOC-PRESET-HOMBRE-40-BUROCRATA-ECUADOR-SEDUCTIVE_NON_EXPLICIT	samples/voices/advanced-presets/hombre_40_burocrata_ecuador_dialogo/sutil.wav	false	false	APP_RESOURCE	APP_DEFAULT
VOC-PRESET-HOMBRE-40-POPULAR-ECUADOR	Hombre 40 popular ecuatoriano diálogo	NEUTRAL	VOICE-SAMPLE-VOC-PRESET-HOMBRE-40-POPULAR-ECUADOR-NEUTRAL	samples/voices/advanced-presets/hombre_40_popular_ecuador_dialogo/neutral.wav	false	false	APP_RESOURCE	APP_DEFAULT
VOC-PRESET-HOMBRE-40-POPULAR-ECUADOR	Hombre 40 popular ecuatoriano diálogo	HAPPY	VOICE-SAMPLE-VOC-PRESET-HOMBRE-40-POPULAR-ECUADOR-HAPPY	samples/voices/advanced-presets/hombre_40_popular_ecuador_dialogo/feliz.wav	false	false	APP_RESOURCE	APP_DEFAULT
VOC-PRESET-HOMBRE-40-POPULAR-ECUADOR	Hombre 40 popular ecuatoriano diálogo	SAD	VOICE-SAMPLE-VOC-PRESET-HOMBRE-40-POPULAR-ECUADOR-SAD	samples/voices/advanced-presets/hombre_40_popular_ecuador_dialogo/triste.wav	false	false	APP_RESOURCE	APP_DEFAULT
VOC-PRESET-HOMBRE-40-POPULAR-ECUADOR	Hombre 40 popular ecuatoriano diálogo	ANGRY	VOICE-SAMPLE-VOC-PRESET-HOMBRE-40-POPULAR-ECUADOR-ANGRY	samples/voices/advanced-presets/hombre_40_popular_ecuador_dialogo/enojada.wav	false	false	APP_RESOURCE	APP_DEFAULT
VOC-PRESET-HOMBRE-40-POPULAR-ECUADOR	Hombre 40 popular ecuatoriano diálogo	SERIOUS	VOICE-SAMPLE-VOC-PRESET-HOMBRE-40-POPULAR-ECUADOR-SERIOUS	samples/voices/advanced-presets/hombre_40_popular_ecuador_dialogo/seria.wav	false	false	APP_RESOURCE	APP_DEFAULT
VOC-PRESET-HOMBRE-40-POPULAR-ECUADOR	Hombre 40 popular ecuatoriano diálogo	CALM	VOICE-SAMPLE-VOC-PRESET-HOMBRE-40-POPULAR-ECUADOR-CALM	samples/voices/advanced-presets/hombre_40_popular_ecuador_dialogo/calmada.wav	false	false	APP_RESOURCE	APP_DEFAULT
VOC-PRESET-HOMBRE-40-POPULAR-ECUADOR	Hombre 40 popular ecuatoriano diálogo	WORRIED	VOICE-SAMPLE-VOC-PRESET-HOMBRE-40-POPULAR-ECUADOR-WORRIED	samples/voices/advanced-presets/hombre_40_popular_ecuador_dialogo/preocupada.wav	false	false	APP_RESOURCE	APP_DEFAULT
VOC-PRESET-HOMBRE-40-POPULAR-ECUADOR	Hombre 40 popular ecuatoriano diálogo	ENTHUSIASTIC	VOICE-SAMPLE-VOC-PRESET-HOMBRE-40-POPULAR-ECUADOR-ENTHUSIASTIC	samples/voices/advanced-presets/hombre_40_popular_ecuador_dialogo/entusiasmada.wav	false	false	APP_RESOURCE	APP_DEFAULT
VOC-PRESET-HOMBRE-40-POPULAR-ECUADOR	Hombre 40 popular ecuatoriano diálogo	BORED	VOICE-SAMPLE-VOC-PRESET-HOMBRE-40-POPULAR-ECUADOR-BORED	samples/voices/advanced-presets/hombre_40_popular_ecuador_dialogo/aburrida.wav	false	false	APP_RESOURCE	APP_DEFAULT
VOC-PRESET-HOMBRE-40-POPULAR-ECUADOR	Hombre 40 popular ecuatoriano diálogo	EUPHORIC	VOICE-SAMPLE-VOC-PRESET-HOMBRE-40-POPULAR-ECUADOR-EUPHORIC	samples/voices/advanced-presets/hombre_40_popular_ecuador_dialogo/euforica.wav	false	false	APP_RESOURCE	APP_DEFAULT
VOC-PRESET-HOMBRE-40-POPULAR-ECUADOR	Hombre 40 popular ecuatoriano diálogo	MELANCHOLIC	VOICE-SAMPLE-VOC-PRESET-HOMBRE-40-POPULAR-ECUADOR-MELANCHOLIC	samples/voices/advanced-presets/hombre_40_popular_ecuador_dialogo/melancolica.wav	false	false	APP_RESOURCE	APP_DEFAULT
VOC-PRESET-HOMBRE-40-POPULAR-ECUADOR	Hombre 40 popular ecuatoriano diálogo	NERVOUS	VOICE-SAMPLE-VOC-PRESET-HOMBRE-40-POPULAR-ECUADOR-NERVOUS	samples/voices/advanced-presets/hombre_40_popular_ecuador_dialogo/nerviosa.wav	false	false	APP_RESOURCE	APP_DEFAULT
VOC-PRESET-HOMBRE-40-POPULAR-ECUADOR	Hombre 40 popular ecuatoriano diálogo	AFRAID	VOICE-SAMPLE-VOC-PRESET-HOMBRE-40-POPULAR-ECUADOR-AFRAID	samples/voices/advanced-presets/hombre_40_popular_ecuador_dialogo/asustada.wav	false	false	APP_RESOURCE	APP_DEFAULT
VOC-PRESET-HOMBRE-40-POPULAR-ECUADOR	Hombre 40 popular ecuatoriano diálogo	SURPRISED	VOICE-SAMPLE-VOC-PRESET-HOMBRE-40-POPULAR-ECUADOR-SURPRISED	samples/voices/advanced-presets/hombre_40_popular_ecuador_dialogo/sorprendida.wav	false	false	APP_RESOURCE	APP_DEFAULT
VOC-PRESET-HOMBRE-40-POPULAR-ECUADOR	Hombre 40 popular ecuatoriano diálogo	DOUBTFUL	VOICE-SAMPLE-VOC-PRESET-HOMBRE-40-POPULAR-ECUADOR-DOUBTFUL	samples/voices/advanced-presets/hombre_40_popular_ecuador_dialogo/dudosa.wav	false	false	APP_RESOURCE	APP_DEFAULT
VOC-PRESET-HOMBRE-40-POPULAR-ECUADOR	Hombre 40 popular ecuatoriano diálogo	TIRED	VOICE-SAMPLE-VOC-PRESET-HOMBRE-40-POPULAR-ECUADOR-TIRED	samples/voices/advanced-presets/hombre_40_popular_ecuador_dialogo/cansada.wav	false	false	APP_RESOURCE	APP_DEFAULT
VOC-PRESET-HOMBRE-40-POPULAR-ECUADOR	Hombre 40 popular ecuatoriano diálogo	PLEADING	VOICE-SAMPLE-VOC-PRESET-HOMBRE-40-POPULAR-ECUADOR-PLEADING	samples/voices/advanced-presets/hombre_40_popular_ecuador_dialogo/suplicante.wav	false	false	APP_RESOURCE	APP_DEFAULT
VOC-PRESET-HOMBRE-40-POPULAR-ECUADOR	Hombre 40 popular ecuatoriano diálogo	AUTHORITATIVE	VOICE-SAMPLE-VOC-PRESET-HOMBRE-40-POPULAR-ECUADOR-AUTHORITATIVE	samples/voices/advanced-presets/hombre_40_popular_ecuador_dialogo/autoritaria.wav	false	false	APP_RESOURCE	APP_DEFAULT
VOC-PRESET-HOMBRE-40-POPULAR-ECUADOR	Hombre 40 popular ecuatoriano diálogo	IRONIC	VOICE-SAMPLE-VOC-PRESET-HOMBRE-40-POPULAR-ECUADOR-IRONIC	samples/voices/advanced-presets/hombre_40_popular_ecuador_dialogo/ironica.wav	false	false	APP_RESOURCE	APP_DEFAULT
VOC-PRESET-HOMBRE-40-POPULAR-ECUADOR	Hombre 40 popular ecuatoriano diálogo	SARCASTIC	VOICE-SAMPLE-VOC-PRESET-HOMBRE-40-POPULAR-ECUADOR-SARCASTIC	samples/voices/advanced-presets/hombre_40_popular_ecuador_dialogo/sarcastica.wav	false	false	APP_RESOURCE	APP_DEFAULT
VOC-PRESET-HOMBRE-40-POPULAR-ECUADOR	Hombre 40 popular ecuatoriano diálogo	MYSTERIOUS	VOICE-SAMPLE-VOC-PRESET-HOMBRE-40-POPULAR-ECUADOR-MYSTERIOUS	samples/voices/advanced-presets/hombre_40_popular_ecuador_dialogo/misteriosa.wav	false	false	APP_RESOURCE	APP_DEFAULT
VOC-PRESET-HOMBRE-40-POPULAR-ECUADOR	Hombre 40 popular ecuatoriano diálogo	SOLEMN	VOICE-SAMPLE-VOC-PRESET-HOMBRE-40-POPULAR-ECUADOR-SOLEMN	samples/voices/advanced-presets/hombre_40_popular_ecuador_dialogo/solemne.wav	false	false	APP_RESOURCE	APP_DEFAULT
VOC-PRESET-HOMBRE-40-POPULAR-ECUADOR	Hombre 40 popular ecuatoriano diálogo	HEROIC	VOICE-SAMPLE-VOC-PRESET-HOMBRE-40-POPULAR-ECUADOR-HEROIC	samples/voices/advanced-presets/hombre_40_popular_ecuador_dialogo/heroica.wav	false	false	APP_RESOURCE	APP_DEFAULT
VOC-PRESET-HOMBRE-40-POPULAR-ECUADOR	Hombre 40 popular ecuatoriano diálogo	DRAMATIC	VOICE-SAMPLE-VOC-PRESET-HOMBRE-40-POPULAR-ECUADOR-DRAMATIC	samples/voices/advanced-presets/hombre_40_popular_ecuador_dialogo/dramatica.wav	false	false	APP_RESOURCE	APP_DEFAULT
VOC-PRESET-HOMBRE-40-POPULAR-ECUADOR	Hombre 40 popular ecuatoriano diálogo	TENSE	VOICE-SAMPLE-VOC-PRESET-HOMBRE-40-POPULAR-ECUADOR-TENSE	samples/voices/advanced-presets/hombre_40_popular_ecuador_dialogo/tensa.wav	false	false	APP_RESOURCE	APP_DEFAULT
VOC-PRESET-HOMBRE-40-POPULAR-ECUADOR	Hombre 40 popular ecuatoriano diálogo	RUSHED	VOICE-SAMPLE-VOC-PRESET-HOMBRE-40-POPULAR-ECUADOR-RUSHED	samples/voices/advanced-presets/hombre_40_popular_ecuador_dialogo/apurada.wav	false	false	APP_RESOURCE	APP_DEFAULT
VOC-PRESET-HOMBRE-40-POPULAR-ECUADOR	Hombre 40 popular ecuatoriano diálogo	CONFUSED	VOICE-SAMPLE-VOC-PRESET-HOMBRE-40-POPULAR-ECUADOR-CONFUSED	samples/voices/advanced-presets/hombre_40_popular_ecuador_dialogo/confundida.wav	false	false	APP_RESOURCE	APP_DEFAULT
VOC-PRESET-HOMBRE-40-POPULAR-ECUADOR	Hombre 40 popular ecuatoriano diálogo	TENDER	VOICE-SAMPLE-VOC-PRESET-HOMBRE-40-POPULAR-ECUADOR-TENDER	samples/voices/advanced-presets/hombre_40_popular_ecuador_dialogo/tierna.wav	false	false	APP_RESOURCE	APP_DEFAULT
VOC-PRESET-HOMBRE-40-POPULAR-ECUADOR	Hombre 40 popular ecuatoriano diálogo	COLD	VOICE-SAMPLE-VOC-PRESET-HOMBRE-40-POPULAR-ECUADOR-COLD	samples/voices/advanced-presets/hombre_40_popular_ecuador_dialogo/fria.wav	false	false	APP_RESOURCE	APP_DEFAULT
VOC-PRESET-HOMBRE-40-POPULAR-ECUADOR	Hombre 40 popular ecuatoriano diálogo	MOCKING	VOICE-SAMPLE-VOC-PRESET-HOMBRE-40-POPULAR-ECUADOR-MOCKING	samples/voices/advanced-presets/hombre_40_popular_ecuador_dialogo/burlona.wav	false	false	APP_RESOURCE	APP_DEFAULT
VOC-PRESET-HOMBRE-40-POPULAR-ECUADOR	Hombre 40 popular ecuatoriano diálogo	DISTRUSTFUL	VOICE-SAMPLE-VOC-PRESET-HOMBRE-40-POPULAR-ECUADOR-DISTRUSTFUL	samples/voices/advanced-presets/hombre_40_popular_ecuador_dialogo/desconfiada.wav	false	false	APP_RESOURCE	APP_DEFAULT
VOC-PRESET-HOMBRE-40-POPULAR-ECUADOR	Hombre 40 popular ecuatoriano diálogo	REPENTANT	VOICE-SAMPLE-VOC-PRESET-HOMBRE-40-POPULAR-ECUADOR-REPENTANT	samples/voices/advanced-presets/hombre_40_popular_ecuador_dialogo/arrepentida.wav	false	false	APP_RESOURCE	APP_DEFAULT
VOC-PRESET-HOMBRE-40-POPULAR-ECUADOR	Hombre 40 popular ecuatoriano diálogo	VULNERABLE	VOICE-SAMPLE-VOC-PRESET-HOMBRE-40-POPULAR-ECUADOR-VULNERABLE	samples/voices/advanced-presets/hombre_40_popular_ecuador_dialogo/vulnerable.wav	false	false	APP_RESOURCE	APP_DEFAULT
VOC-PRESET-HOMBRE-40-POPULAR-ECUADOR	Hombre 40 popular ecuatoriano diálogo	HOPEFUL	VOICE-SAMPLE-VOC-PRESET-HOMBRE-40-POPULAR-ECUADOR-HOPEFUL	samples/voices/advanced-presets/hombre_40_popular_ecuador_dialogo/esperanzada.wav	false	false	APP_RESOURCE	APP_DEFAULT
VOC-PRESET-HOMBRE-40-POPULAR-ECUADOR	Hombre 40 popular ecuatoriano diálogo	RESIGNED	VOICE-SAMPLE-VOC-PRESET-HOMBRE-40-POPULAR-ECUADOR-RESIGNED	samples/voices/advanced-presets/hombre_40_popular_ecuador_dialogo/resignada.wav	false	false	APP_RESOURCE	APP_DEFAULT
VOC-PRESET-HOMBRE-40-POPULAR-ECUADOR	Hombre 40 popular ecuatoriano diálogo	THREATENING	VOICE-SAMPLE-VOC-PRESET-HOMBRE-40-POPULAR-ECUADOR-THREATENING	samples/voices/advanced-presets/hombre_40_popular_ecuador_dialogo/amenazante.wav	false	false	APP_RESOURCE	APP_DEFAULT
VOC-PRESET-HOMBRE-40-POPULAR-ECUADOR	Hombre 40 popular ecuatoriano diálogo	DEFIANT	VOICE-SAMPLE-VOC-PRESET-HOMBRE-40-POPULAR-ECUADOR-DEFIANT	samples/voices/advanced-presets/hombre_40_popular_ecuador_dialogo/desafiante.wav	false	false	APP_RESOURCE	APP_DEFAULT
VOC-PRESET-HOMBRE-40-POPULAR-ECUADOR	Hombre 40 popular ecuatoriano diálogo	SEDUCTIVE_NON_EXPLICIT	VOICE-SAMPLE-VOC-PRESET-HOMBRE-40-POPULAR-ECUADOR-SEDUCTIVE_NON_EXPLICIT	samples/voices/advanced-presets/hombre_40_popular_ecuador_dialogo/sutil.wav	false	false	APP_RESOURCE	APP_DEFAULT
VOC-PRESET-HOMBRE-45-TRABAJADOR-ECUADOR	Hombre 45 trabajador ecuatoriano diálogo	NEUTRAL	VOICE-SAMPLE-VOC-PRESET-HOMBRE-45-TRABAJADOR-ECUADOR-NEUTRAL	samples/voices/advanced-presets/hombre_45_trabajador_ecuador_dialogo/neutral.wav	false	false	APP_RESOURCE	APP_DEFAULT
VOC-PRESET-HOMBRE-45-TRABAJADOR-ECUADOR	Hombre 45 trabajador ecuatoriano diálogo	HAPPY	VOICE-SAMPLE-VOC-PRESET-HOMBRE-45-TRABAJADOR-ECUADOR-HAPPY	samples/voices/advanced-presets/hombre_45_trabajador_ecuador_dialogo/feliz.wav	false	false	APP_RESOURCE	APP_DEFAULT
VOC-PRESET-HOMBRE-45-TRABAJADOR-ECUADOR	Hombre 45 trabajador ecuatoriano diálogo	SAD	VOICE-SAMPLE-VOC-PRESET-HOMBRE-45-TRABAJADOR-ECUADOR-SAD	samples/voices/advanced-presets/hombre_45_trabajador_ecuador_dialogo/triste.wav	false	false	APP_RESOURCE	APP_DEFAULT
VOC-PRESET-HOMBRE-45-TRABAJADOR-ECUADOR	Hombre 45 trabajador ecuatoriano diálogo	ANGRY	VOICE-SAMPLE-VOC-PRESET-HOMBRE-45-TRABAJADOR-ECUADOR-ANGRY	samples/voices/advanced-presets/hombre_45_trabajador_ecuador_dialogo/enojada.wav	false	false	APP_RESOURCE	APP_DEFAULT
VOC-PRESET-HOMBRE-45-TRABAJADOR-ECUADOR	Hombre 45 trabajador ecuatoriano diálogo	SERIOUS	VOICE-SAMPLE-VOC-PRESET-HOMBRE-45-TRABAJADOR-ECUADOR-SERIOUS	samples/voices/advanced-presets/hombre_45_trabajador_ecuador_dialogo/seria.wav	false	false	APP_RESOURCE	APP_DEFAULT
VOC-PRESET-HOMBRE-45-TRABAJADOR-ECUADOR	Hombre 45 trabajador ecuatoriano diálogo	CALM	VOICE-SAMPLE-VOC-PRESET-HOMBRE-45-TRABAJADOR-ECUADOR-CALM	samples/voices/advanced-presets/hombre_45_trabajador_ecuador_dialogo/calmada.wav	false	false	APP_RESOURCE	APP_DEFAULT
VOC-PRESET-HOMBRE-45-TRABAJADOR-ECUADOR	Hombre 45 trabajador ecuatoriano diálogo	WORRIED	VOICE-SAMPLE-VOC-PRESET-HOMBRE-45-TRABAJADOR-ECUADOR-WORRIED	samples/voices/advanced-presets/hombre_45_trabajador_ecuador_dialogo/preocupada.wav	false	false	APP_RESOURCE	APP_DEFAULT
VOC-PRESET-HOMBRE-45-TRABAJADOR-ECUADOR	Hombre 45 trabajador ecuatoriano diálogo	ENTHUSIASTIC	VOICE-SAMPLE-VOC-PRESET-HOMBRE-45-TRABAJADOR-ECUADOR-ENTHUSIASTIC	samples/voices/advanced-presets/hombre_45_trabajador_ecuador_dialogo/entusiasmada.wav	false	false	APP_RESOURCE	APP_DEFAULT
VOC-PRESET-HOMBRE-45-TRABAJADOR-ECUADOR	Hombre 45 trabajador ecuatoriano diálogo	BORED	VOICE-SAMPLE-VOC-PRESET-HOMBRE-45-TRABAJADOR-ECUADOR-BORED	samples/voices/advanced-presets/hombre_45_trabajador_ecuador_dialogo/aburrida.wav	false	false	APP_RESOURCE	APP_DEFAULT
VOC-PRESET-HOMBRE-45-TRABAJADOR-ECUADOR	Hombre 45 trabajador ecuatoriano diálogo	EUPHORIC	VOICE-SAMPLE-VOC-PRESET-HOMBRE-45-TRABAJADOR-ECUADOR-EUPHORIC	samples/voices/advanced-presets/hombre_45_trabajador_ecuador_dialogo/euforica.wav	false	false	APP_RESOURCE	APP_DEFAULT
VOC-PRESET-HOMBRE-45-TRABAJADOR-ECUADOR	Hombre 45 trabajador ecuatoriano diálogo	MELANCHOLIC	VOICE-SAMPLE-VOC-PRESET-HOMBRE-45-TRABAJADOR-ECUADOR-MELANCHOLIC	samples/voices/advanced-presets/hombre_45_trabajador_ecuador_dialogo/melancolica.wav	false	false	APP_RESOURCE	APP_DEFAULT
VOC-PRESET-HOMBRE-45-TRABAJADOR-ECUADOR	Hombre 45 trabajador ecuatoriano diálogo	NERVOUS	VOICE-SAMPLE-VOC-PRESET-HOMBRE-45-TRABAJADOR-ECUADOR-NERVOUS	samples/voices/advanced-presets/hombre_45_trabajador_ecuador_dialogo/nerviosa.wav	false	false	APP_RESOURCE	APP_DEFAULT
VOC-PRESET-HOMBRE-45-TRABAJADOR-ECUADOR	Hombre 45 trabajador ecuatoriano diálogo	AFRAID	VOICE-SAMPLE-VOC-PRESET-HOMBRE-45-TRABAJADOR-ECUADOR-AFRAID	samples/voices/advanced-presets/hombre_45_trabajador_ecuador_dialogo/asustada.wav	false	false	APP_RESOURCE	APP_DEFAULT
VOC-PRESET-HOMBRE-45-TRABAJADOR-ECUADOR	Hombre 45 trabajador ecuatoriano diálogo	SURPRISED	VOICE-SAMPLE-VOC-PRESET-HOMBRE-45-TRABAJADOR-ECUADOR-SURPRISED	samples/voices/advanced-presets/hombre_45_trabajador_ecuador_dialogo/sorprendida.wav	false	false	APP_RESOURCE	APP_DEFAULT
VOC-PRESET-HOMBRE-45-TRABAJADOR-ECUADOR	Hombre 45 trabajador ecuatoriano diálogo	DOUBTFUL	VOICE-SAMPLE-VOC-PRESET-HOMBRE-45-TRABAJADOR-ECUADOR-DOUBTFUL	samples/voices/advanced-presets/hombre_45_trabajador_ecuador_dialogo/dudosa.wav	false	false	APP_RESOURCE	APP_DEFAULT
VOC-PRESET-HOMBRE-45-TRABAJADOR-ECUADOR	Hombre 45 trabajador ecuatoriano diálogo	TIRED	VOICE-SAMPLE-VOC-PRESET-HOMBRE-45-TRABAJADOR-ECUADOR-TIRED	samples/voices/advanced-presets/hombre_45_trabajador_ecuador_dialogo/cansada.wav	false	false	APP_RESOURCE	APP_DEFAULT
VOC-PRESET-HOMBRE-45-TRABAJADOR-ECUADOR	Hombre 45 trabajador ecuatoriano diálogo	PLEADING	VOICE-SAMPLE-VOC-PRESET-HOMBRE-45-TRABAJADOR-ECUADOR-PLEADING	samples/voices/advanced-presets/hombre_45_trabajador_ecuador_dialogo/suplicante.wav	false	false	APP_RESOURCE	APP_DEFAULT
VOC-PRESET-HOMBRE-45-TRABAJADOR-ECUADOR	Hombre 45 trabajador ecuatoriano diálogo	AUTHORITATIVE	VOICE-SAMPLE-VOC-PRESET-HOMBRE-45-TRABAJADOR-ECUADOR-AUTHORITATIVE	samples/voices/advanced-presets/hombre_45_trabajador_ecuador_dialogo/autoritaria.wav	false	false	APP_RESOURCE	APP_DEFAULT
VOC-PRESET-HOMBRE-45-TRABAJADOR-ECUADOR	Hombre 45 trabajador ecuatoriano diálogo	IRONIC	VOICE-SAMPLE-VOC-PRESET-HOMBRE-45-TRABAJADOR-ECUADOR-IRONIC	samples/voices/advanced-presets/hombre_45_trabajador_ecuador_dialogo/ironica.wav	false	false	APP_RESOURCE	APP_DEFAULT
VOC-PRESET-HOMBRE-45-TRABAJADOR-ECUADOR	Hombre 45 trabajador ecuatoriano diálogo	SARCASTIC	VOICE-SAMPLE-VOC-PRESET-HOMBRE-45-TRABAJADOR-ECUADOR-SARCASTIC	samples/voices/advanced-presets/hombre_45_trabajador_ecuador_dialogo/sarcastica.wav	false	false	APP_RESOURCE	APP_DEFAULT
VOC-PRESET-HOMBRE-45-TRABAJADOR-ECUADOR	Hombre 45 trabajador ecuatoriano diálogo	MYSTERIOUS	VOICE-SAMPLE-VOC-PRESET-HOMBRE-45-TRABAJADOR-ECUADOR-MYSTERIOUS	samples/voices/advanced-presets/hombre_45_trabajador_ecuador_dialogo/misteriosa.wav	false	false	APP_RESOURCE	APP_DEFAULT
VOC-PRESET-HOMBRE-45-TRABAJADOR-ECUADOR	Hombre 45 trabajador ecuatoriano diálogo	SOLEMN	VOICE-SAMPLE-VOC-PRESET-HOMBRE-45-TRABAJADOR-ECUADOR-SOLEMN	samples/voices/advanced-presets/hombre_45_trabajador_ecuador_dialogo/solemne.wav	false	false	APP_RESOURCE	APP_DEFAULT
VOC-PRESET-HOMBRE-45-TRABAJADOR-ECUADOR	Hombre 45 trabajador ecuatoriano diálogo	HEROIC	VOICE-SAMPLE-VOC-PRESET-HOMBRE-45-TRABAJADOR-ECUADOR-HEROIC	samples/voices/advanced-presets/hombre_45_trabajador_ecuador_dialogo/heroica.wav	false	false	APP_RESOURCE	APP_DEFAULT
VOC-PRESET-HOMBRE-45-TRABAJADOR-ECUADOR	Hombre 45 trabajador ecuatoriano diálogo	DRAMATIC	VOICE-SAMPLE-VOC-PRESET-HOMBRE-45-TRABAJADOR-ECUADOR-DRAMATIC	samples/voices/advanced-presets/hombre_45_trabajador_ecuador_dialogo/dramatica.wav	false	false	APP_RESOURCE	APP_DEFAULT
VOC-PRESET-HOMBRE-45-TRABAJADOR-ECUADOR	Hombre 45 trabajador ecuatoriano diálogo	TENSE	VOICE-SAMPLE-VOC-PRESET-HOMBRE-45-TRABAJADOR-ECUADOR-TENSE	samples/voices/advanced-presets/hombre_45_trabajador_ecuador_dialogo/tensa.wav	false	false	APP_RESOURCE	APP_DEFAULT
VOC-PRESET-HOMBRE-45-TRABAJADOR-ECUADOR	Hombre 45 trabajador ecuatoriano diálogo	RUSHED	VOICE-SAMPLE-VOC-PRESET-HOMBRE-45-TRABAJADOR-ECUADOR-RUSHED	samples/voices/advanced-presets/hombre_45_trabajador_ecuador_dialogo/apurada.wav	false	false	APP_RESOURCE	APP_DEFAULT
VOC-PRESET-HOMBRE-45-TRABAJADOR-ECUADOR	Hombre 45 trabajador ecuatoriano diálogo	CONFUSED	VOICE-SAMPLE-VOC-PRESET-HOMBRE-45-TRABAJADOR-ECUADOR-CONFUSED	samples/voices/advanced-presets/hombre_45_trabajador_ecuador_dialogo/confundida.wav	false	false	APP_RESOURCE	APP_DEFAULT
VOC-PRESET-HOMBRE-45-TRABAJADOR-ECUADOR	Hombre 45 trabajador ecuatoriano diálogo	TENDER	VOICE-SAMPLE-VOC-PRESET-HOMBRE-45-TRABAJADOR-ECUADOR-TENDER	samples/voices/advanced-presets/hombre_45_trabajador_ecuador_dialogo/tierna.wav	false	false	APP_RESOURCE	APP_DEFAULT
VOC-PRESET-HOMBRE-45-TRABAJADOR-ECUADOR	Hombre 45 trabajador ecuatoriano diálogo	COLD	VOICE-SAMPLE-VOC-PRESET-HOMBRE-45-TRABAJADOR-ECUADOR-COLD	samples/voices/advanced-presets/hombre_45_trabajador_ecuador_dialogo/fria.wav	false	false	APP_RESOURCE	APP_DEFAULT
VOC-PRESET-HOMBRE-45-TRABAJADOR-ECUADOR	Hombre 45 trabajador ecuatoriano diálogo	MOCKING	VOICE-SAMPLE-VOC-PRESET-HOMBRE-45-TRABAJADOR-ECUADOR-MOCKING	samples/voices/advanced-presets/hombre_45_trabajador_ecuador_dialogo/burlona.wav	false	false	APP_RESOURCE	APP_DEFAULT
VOC-PRESET-HOMBRE-45-TRABAJADOR-ECUADOR	Hombre 45 trabajador ecuatoriano diálogo	DISTRUSTFUL	VOICE-SAMPLE-VOC-PRESET-HOMBRE-45-TRABAJADOR-ECUADOR-DISTRUSTFUL	samples/voices/advanced-presets/hombre_45_trabajador_ecuador_dialogo/desconfiada.wav	false	false	APP_RESOURCE	APP_DEFAULT
VOC-PRESET-HOMBRE-45-TRABAJADOR-ECUADOR	Hombre 45 trabajador ecuatoriano diálogo	REPENTANT	VOICE-SAMPLE-VOC-PRESET-HOMBRE-45-TRABAJADOR-ECUADOR-REPENTANT	samples/voices/advanced-presets/hombre_45_trabajador_ecuador_dialogo/arrepentida.wav	false	false	APP_RESOURCE	APP_DEFAULT
VOC-PRESET-HOMBRE-45-TRABAJADOR-ECUADOR	Hombre 45 trabajador ecuatoriano diálogo	VULNERABLE	VOICE-SAMPLE-VOC-PRESET-HOMBRE-45-TRABAJADOR-ECUADOR-VULNERABLE	samples/voices/advanced-presets/hombre_45_trabajador_ecuador_dialogo/vulnerable.wav	false	false	APP_RESOURCE	APP_DEFAULT
VOC-PRESET-HOMBRE-45-TRABAJADOR-ECUADOR	Hombre 45 trabajador ecuatoriano diálogo	HOPEFUL	VOICE-SAMPLE-VOC-PRESET-HOMBRE-45-TRABAJADOR-ECUADOR-HOPEFUL	samples/voices/advanced-presets/hombre_45_trabajador_ecuador_dialogo/esperanzada.wav	false	false	APP_RESOURCE	APP_DEFAULT
VOC-PRESET-HOMBRE-45-TRABAJADOR-ECUADOR	Hombre 45 trabajador ecuatoriano diálogo	RESIGNED	VOICE-SAMPLE-VOC-PRESET-HOMBRE-45-TRABAJADOR-ECUADOR-RESIGNED	samples/voices/advanced-presets/hombre_45_trabajador_ecuador_dialogo/resignada.wav	false	false	APP_RESOURCE	APP_DEFAULT
VOC-PRESET-HOMBRE-45-TRABAJADOR-ECUADOR	Hombre 45 trabajador ecuatoriano diálogo	THREATENING	VOICE-SAMPLE-VOC-PRESET-HOMBRE-45-TRABAJADOR-ECUADOR-THREATENING	samples/voices/advanced-presets/hombre_45_trabajador_ecuador_dialogo/amenazante.wav	false	false	APP_RESOURCE	APP_DEFAULT
VOC-PRESET-HOMBRE-45-TRABAJADOR-ECUADOR	Hombre 45 trabajador ecuatoriano diálogo	DEFIANT	VOICE-SAMPLE-VOC-PRESET-HOMBRE-45-TRABAJADOR-ECUADOR-DEFIANT	samples/voices/advanced-presets/hombre_45_trabajador_ecuador_dialogo/desafiante.wav	false	false	APP_RESOURCE	APP_DEFAULT
VOC-PRESET-HOMBRE-45-TRABAJADOR-ECUADOR	Hombre 45 trabajador ecuatoriano diálogo	SEDUCTIVE_NON_EXPLICIT	VOICE-SAMPLE-VOC-PRESET-HOMBRE-45-TRABAJADOR-ECUADOR-SEDUCTIVE_NON_EXPLICIT	samples/voices/advanced-presets/hombre_45_trabajador_ecuador_dialogo/sutil.wav	false	false	APP_RESOURCE	APP_DEFAULT
VOC-PRESET-HOMBRE-50-PODER-GRINGO	Hombre 50 poder gringo diálogo	NEUTRAL	VOICE-SAMPLE-VOC-PRESET-HOMBRE-50-PODER-GRINGO-NEUTRAL	samples/voices/advanced-presets/hombre_50_poder_gringo_dialogo/neutral.wav	false	false	APP_RESOURCE	APP_DEFAULT
VOC-PRESET-HOMBRE-50-PODER-GRINGO	Hombre 50 poder gringo diálogo	HAPPY	VOICE-SAMPLE-VOC-PRESET-HOMBRE-50-PODER-GRINGO-HAPPY	samples/voices/advanced-presets/hombre_50_poder_gringo_dialogo/feliz.wav	false	false	APP_RESOURCE	APP_DEFAULT
VOC-PRESET-HOMBRE-50-PODER-GRINGO	Hombre 50 poder gringo diálogo	SAD	VOICE-SAMPLE-VOC-PRESET-HOMBRE-50-PODER-GRINGO-SAD	samples/voices/advanced-presets/hombre_50_poder_gringo_dialogo/triste.wav	false	false	APP_RESOURCE	APP_DEFAULT
VOC-PRESET-HOMBRE-50-PODER-GRINGO	Hombre 50 poder gringo diálogo	ANGRY	VOICE-SAMPLE-VOC-PRESET-HOMBRE-50-PODER-GRINGO-ANGRY	samples/voices/advanced-presets/hombre_50_poder_gringo_dialogo/enojada.wav	false	false	APP_RESOURCE	APP_DEFAULT
VOC-PRESET-HOMBRE-50-PODER-GRINGO	Hombre 50 poder gringo diálogo	SERIOUS	VOICE-SAMPLE-VOC-PRESET-HOMBRE-50-PODER-GRINGO-SERIOUS	samples/voices/advanced-presets/hombre_50_poder_gringo_dialogo/seria.wav	false	false	APP_RESOURCE	APP_DEFAULT
VOC-PRESET-HOMBRE-50-PODER-GRINGO	Hombre 50 poder gringo diálogo	CALM	VOICE-SAMPLE-VOC-PRESET-HOMBRE-50-PODER-GRINGO-CALM	samples/voices/advanced-presets/hombre_50_poder_gringo_dialogo/calmada.wav	false	false	APP_RESOURCE	APP_DEFAULT
VOC-PRESET-HOMBRE-50-PODER-GRINGO	Hombre 50 poder gringo diálogo	WORRIED	VOICE-SAMPLE-VOC-PRESET-HOMBRE-50-PODER-GRINGO-WORRIED	samples/voices/advanced-presets/hombre_50_poder_gringo_dialogo/preocupada.wav	false	false	APP_RESOURCE	APP_DEFAULT
VOC-PRESET-HOMBRE-50-PODER-GRINGO	Hombre 50 poder gringo diálogo	ENTHUSIASTIC	VOICE-SAMPLE-VOC-PRESET-HOMBRE-50-PODER-GRINGO-ENTHUSIASTIC	samples/voices/advanced-presets/hombre_50_poder_gringo_dialogo/entusiasmada.wav	false	false	APP_RESOURCE	APP_DEFAULT
VOC-PRESET-HOMBRE-50-PODER-GRINGO	Hombre 50 poder gringo diálogo	BORED	VOICE-SAMPLE-VOC-PRESET-HOMBRE-50-PODER-GRINGO-BORED	samples/voices/advanced-presets/hombre_50_poder_gringo_dialogo/aburrida.wav	false	false	APP_RESOURCE	APP_DEFAULT
VOC-PRESET-HOMBRE-50-PODER-GRINGO	Hombre 50 poder gringo diálogo	EUPHORIC	VOICE-SAMPLE-VOC-PRESET-HOMBRE-50-PODER-GRINGO-EUPHORIC	samples/voices/advanced-presets/hombre_50_poder_gringo_dialogo/euforica.wav	false	false	APP_RESOURCE	APP_DEFAULT
VOC-PRESET-HOMBRE-50-PODER-GRINGO	Hombre 50 poder gringo diálogo	MELANCHOLIC	VOICE-SAMPLE-VOC-PRESET-HOMBRE-50-PODER-GRINGO-MELANCHOLIC	samples/voices/advanced-presets/hombre_50_poder_gringo_dialogo/melancolica.wav	false	false	APP_RESOURCE	APP_DEFAULT
VOC-PRESET-HOMBRE-50-PODER-GRINGO	Hombre 50 poder gringo diálogo	NERVOUS	VOICE-SAMPLE-VOC-PRESET-HOMBRE-50-PODER-GRINGO-NERVOUS	samples/voices/advanced-presets/hombre_50_poder_gringo_dialogo/nerviosa.wav	false	false	APP_RESOURCE	APP_DEFAULT
VOC-PRESET-HOMBRE-50-PODER-GRINGO	Hombre 50 poder gringo diálogo	AFRAID	VOICE-SAMPLE-VOC-PRESET-HOMBRE-50-PODER-GRINGO-AFRAID	samples/voices/advanced-presets/hombre_50_poder_gringo_dialogo/asustada.wav	false	false	APP_RESOURCE	APP_DEFAULT
VOC-PRESET-HOMBRE-50-PODER-GRINGO	Hombre 50 poder gringo diálogo	SURPRISED	VOICE-SAMPLE-VOC-PRESET-HOMBRE-50-PODER-GRINGO-SURPRISED	samples/voices/advanced-presets/hombre_50_poder_gringo_dialogo/sorprendida.wav	false	false	APP_RESOURCE	APP_DEFAULT
VOC-PRESET-HOMBRE-50-PODER-GRINGO	Hombre 50 poder gringo diálogo	DOUBTFUL	VOICE-SAMPLE-VOC-PRESET-HOMBRE-50-PODER-GRINGO-DOUBTFUL	samples/voices/advanced-presets/hombre_50_poder_gringo_dialogo/dudosa.wav	false	false	APP_RESOURCE	APP_DEFAULT
VOC-PRESET-HOMBRE-50-PODER-GRINGO	Hombre 50 poder gringo diálogo	TIRED	VOICE-SAMPLE-VOC-PRESET-HOMBRE-50-PODER-GRINGO-TIRED	samples/voices/advanced-presets/hombre_50_poder_gringo_dialogo/cansada.wav	false	false	APP_RESOURCE	APP_DEFAULT
VOC-PRESET-HOMBRE-50-PODER-GRINGO	Hombre 50 poder gringo diálogo	PLEADING	VOICE-SAMPLE-VOC-PRESET-HOMBRE-50-PODER-GRINGO-PLEADING	samples/voices/advanced-presets/hombre_50_poder_gringo_dialogo/suplicante.wav	false	false	APP_RESOURCE	APP_DEFAULT
VOC-PRESET-HOMBRE-50-PODER-GRINGO	Hombre 50 poder gringo diálogo	AUTHORITATIVE	VOICE-SAMPLE-VOC-PRESET-HOMBRE-50-PODER-GRINGO-AUTHORITATIVE	samples/voices/advanced-presets/hombre_50_poder_gringo_dialogo/autoritaria.wav	false	false	APP_RESOURCE	APP_DEFAULT
VOC-PRESET-HOMBRE-50-PODER-GRINGO	Hombre 50 poder gringo diálogo	IRONIC	VOICE-SAMPLE-VOC-PRESET-HOMBRE-50-PODER-GRINGO-IRONIC	samples/voices/advanced-presets/hombre_50_poder_gringo_dialogo/ironica.wav	false	false	APP_RESOURCE	APP_DEFAULT
VOC-PRESET-HOMBRE-50-PODER-GRINGO	Hombre 50 poder gringo diálogo	SARCASTIC	VOICE-SAMPLE-VOC-PRESET-HOMBRE-50-PODER-GRINGO-SARCASTIC	samples/voices/advanced-presets/hombre_50_poder_gringo_dialogo/sarcastica.wav	false	false	APP_RESOURCE	APP_DEFAULT
VOC-PRESET-HOMBRE-50-PODER-GRINGO	Hombre 50 poder gringo diálogo	MYSTERIOUS	VOICE-SAMPLE-VOC-PRESET-HOMBRE-50-PODER-GRINGO-MYSTERIOUS	samples/voices/advanced-presets/hombre_50_poder_gringo_dialogo/misteriosa.wav	false	false	APP_RESOURCE	APP_DEFAULT
VOC-PRESET-HOMBRE-50-PODER-GRINGO	Hombre 50 poder gringo diálogo	SOLEMN	VOICE-SAMPLE-VOC-PRESET-HOMBRE-50-PODER-GRINGO-SOLEMN	samples/voices/advanced-presets/hombre_50_poder_gringo_dialogo/solemne.wav	false	false	APP_RESOURCE	APP_DEFAULT
VOC-PRESET-HOMBRE-50-PODER-GRINGO	Hombre 50 poder gringo diálogo	HEROIC	VOICE-SAMPLE-VOC-PRESET-HOMBRE-50-PODER-GRINGO-HEROIC	samples/voices/advanced-presets/hombre_50_poder_gringo_dialogo/heroica.wav	false	false	APP_RESOURCE	APP_DEFAULT
VOC-PRESET-HOMBRE-50-PODER-GRINGO	Hombre 50 poder gringo diálogo	DRAMATIC	VOICE-SAMPLE-VOC-PRESET-HOMBRE-50-PODER-GRINGO-DRAMATIC	samples/voices/advanced-presets/hombre_50_poder_gringo_dialogo/dramatica.wav	false	false	APP_RESOURCE	APP_DEFAULT
VOC-PRESET-HOMBRE-50-PODER-GRINGO	Hombre 50 poder gringo diálogo	TENSE	VOICE-SAMPLE-VOC-PRESET-HOMBRE-50-PODER-GRINGO-TENSE	samples/voices/advanced-presets/hombre_50_poder_gringo_dialogo/tensa.wav	false	false	APP_RESOURCE	APP_DEFAULT
VOC-PRESET-HOMBRE-50-PODER-GRINGO	Hombre 50 poder gringo diálogo	RUSHED	VOICE-SAMPLE-VOC-PRESET-HOMBRE-50-PODER-GRINGO-RUSHED	samples/voices/advanced-presets/hombre_50_poder_gringo_dialogo/apurada.wav	false	false	APP_RESOURCE	APP_DEFAULT
VOC-PRESET-HOMBRE-50-PODER-GRINGO	Hombre 50 poder gringo diálogo	CONFUSED	VOICE-SAMPLE-VOC-PRESET-HOMBRE-50-PODER-GRINGO-CONFUSED	samples/voices/advanced-presets/hombre_50_poder_gringo_dialogo/confundida.wav	false	false	APP_RESOURCE	APP_DEFAULT
VOC-PRESET-HOMBRE-50-PODER-GRINGO	Hombre 50 poder gringo diálogo	TENDER	VOICE-SAMPLE-VOC-PRESET-HOMBRE-50-PODER-GRINGO-TENDER	samples/voices/advanced-presets/hombre_50_poder_gringo_dialogo/tierna.wav	false	false	APP_RESOURCE	APP_DEFAULT
VOC-PRESET-HOMBRE-50-PODER-GRINGO	Hombre 50 poder gringo diálogo	COLD	VOICE-SAMPLE-VOC-PRESET-HOMBRE-50-PODER-GRINGO-COLD	samples/voices/advanced-presets/hombre_50_poder_gringo_dialogo/fria.wav	false	false	APP_RESOURCE	APP_DEFAULT
VOC-PRESET-HOMBRE-50-PODER-GRINGO	Hombre 50 poder gringo diálogo	MOCKING	VOICE-SAMPLE-VOC-PRESET-HOMBRE-50-PODER-GRINGO-MOCKING	samples/voices/advanced-presets/hombre_50_poder_gringo_dialogo/burlona.wav	false	false	APP_RESOURCE	APP_DEFAULT
VOC-PRESET-HOMBRE-50-PODER-GRINGO	Hombre 50 poder gringo diálogo	DISTRUSTFUL	VOICE-SAMPLE-VOC-PRESET-HOMBRE-50-PODER-GRINGO-DISTRUSTFUL	samples/voices/advanced-presets/hombre_50_poder_gringo_dialogo/desconfiada.wav	false	false	APP_RESOURCE	APP_DEFAULT
VOC-PRESET-HOMBRE-50-PODER-GRINGO	Hombre 50 poder gringo diálogo	REPENTANT	VOICE-SAMPLE-VOC-PRESET-HOMBRE-50-PODER-GRINGO-REPENTANT	samples/voices/advanced-presets/hombre_50_poder_gringo_dialogo/arrepentida.wav	false	false	APP_RESOURCE	APP_DEFAULT
VOC-PRESET-HOMBRE-50-PODER-GRINGO	Hombre 50 poder gringo diálogo	VULNERABLE	VOICE-SAMPLE-VOC-PRESET-HOMBRE-50-PODER-GRINGO-VULNERABLE	samples/voices/advanced-presets/hombre_50_poder_gringo_dialogo/vulnerable.wav	false	false	APP_RESOURCE	APP_DEFAULT
VOC-PRESET-HOMBRE-50-PODER-GRINGO	Hombre 50 poder gringo diálogo	HOPEFUL	VOICE-SAMPLE-VOC-PRESET-HOMBRE-50-PODER-GRINGO-HOPEFUL	samples/voices/advanced-presets/hombre_50_poder_gringo_dialogo/esperanzada.wav	false	false	APP_RESOURCE	APP_DEFAULT
VOC-PRESET-HOMBRE-50-PODER-GRINGO	Hombre 50 poder gringo diálogo	RESIGNED	VOICE-SAMPLE-VOC-PRESET-HOMBRE-50-PODER-GRINGO-RESIGNED	samples/voices/advanced-presets/hombre_50_poder_gringo_dialogo/resignada.wav	false	false	APP_RESOURCE	APP_DEFAULT
VOC-PRESET-HOMBRE-50-PODER-GRINGO	Hombre 50 poder gringo diálogo	THREATENING	VOICE-SAMPLE-VOC-PRESET-HOMBRE-50-PODER-GRINGO-THREATENING	samples/voices/advanced-presets/hombre_50_poder_gringo_dialogo/amenazante.wav	false	false	APP_RESOURCE	APP_DEFAULT
VOC-PRESET-HOMBRE-50-PODER-GRINGO	Hombre 50 poder gringo diálogo	DEFIANT	VOICE-SAMPLE-VOC-PRESET-HOMBRE-50-PODER-GRINGO-DEFIANT	samples/voices/advanced-presets/hombre_50_poder_gringo_dialogo/desafiante.wav	false	false	APP_RESOURCE	APP_DEFAULT
VOC-PRESET-HOMBRE-50-PODER-GRINGO	Hombre 50 poder gringo diálogo	SEDUCTIVE_NON_EXPLICIT	VOICE-SAMPLE-VOC-PRESET-HOMBRE-50-PODER-GRINGO-SEDUCTIVE_NON_EXPLICIT	samples/voices/advanced-presets/hombre_50_poder_gringo_dialogo/sutil.wav	false	false	APP_RESOURCE	APP_DEFAULT
VOC-PRESET-HOMBRE-60-VETERANO-ECUADOR	Hombre 60 veterano ecuatoriano diálogo	NEUTRAL	VOICE-SAMPLE-VOC-PRESET-HOMBRE-60-VETERANO-ECUADOR-NEUTRAL	samples/voices/advanced-presets/hombre_60_veterano_ecuador_dialogo/neutral.wav	false	false	APP_RESOURCE	APP_DEFAULT
VOC-PRESET-HOMBRE-60-VETERANO-ECUADOR	Hombre 60 veterano ecuatoriano diálogo	HAPPY	VOICE-SAMPLE-VOC-PRESET-HOMBRE-60-VETERANO-ECUADOR-HAPPY	samples/voices/advanced-presets/hombre_60_veterano_ecuador_dialogo/feliz.wav	false	false	APP_RESOURCE	APP_DEFAULT
VOC-PRESET-HOMBRE-60-VETERANO-ECUADOR	Hombre 60 veterano ecuatoriano diálogo	SAD	VOICE-SAMPLE-VOC-PRESET-HOMBRE-60-VETERANO-ECUADOR-SAD	samples/voices/advanced-presets/hombre_60_veterano_ecuador_dialogo/triste.wav	false	false	APP_RESOURCE	APP_DEFAULT
VOC-PRESET-HOMBRE-60-VETERANO-ECUADOR	Hombre 60 veterano ecuatoriano diálogo	ANGRY	VOICE-SAMPLE-VOC-PRESET-HOMBRE-60-VETERANO-ECUADOR-ANGRY	samples/voices/advanced-presets/hombre_60_veterano_ecuador_dialogo/enojada.wav	false	false	APP_RESOURCE	APP_DEFAULT
VOC-PRESET-HOMBRE-60-VETERANO-ECUADOR	Hombre 60 veterano ecuatoriano diálogo	SERIOUS	VOICE-SAMPLE-VOC-PRESET-HOMBRE-60-VETERANO-ECUADOR-SERIOUS	samples/voices/advanced-presets/hombre_60_veterano_ecuador_dialogo/seria.wav	false	false	APP_RESOURCE	APP_DEFAULT
VOC-PRESET-HOMBRE-60-VETERANO-ECUADOR	Hombre 60 veterano ecuatoriano diálogo	CALM	VOICE-SAMPLE-VOC-PRESET-HOMBRE-60-VETERANO-ECUADOR-CALM	samples/voices/advanced-presets/hombre_60_veterano_ecuador_dialogo/calmada.wav	false	false	APP_RESOURCE	APP_DEFAULT
VOC-PRESET-HOMBRE-60-VETERANO-ECUADOR	Hombre 60 veterano ecuatoriano diálogo	WORRIED	VOICE-SAMPLE-VOC-PRESET-HOMBRE-60-VETERANO-ECUADOR-WORRIED	samples/voices/advanced-presets/hombre_60_veterano_ecuador_dialogo/preocupada.wav	false	false	APP_RESOURCE	APP_DEFAULT
VOC-PRESET-HOMBRE-60-VETERANO-ECUADOR	Hombre 60 veterano ecuatoriano diálogo	ENTHUSIASTIC	VOICE-SAMPLE-VOC-PRESET-HOMBRE-60-VETERANO-ECUADOR-ENTHUSIASTIC	samples/voices/advanced-presets/hombre_60_veterano_ecuador_dialogo/entusiasmada.wav	false	false	APP_RESOURCE	APP_DEFAULT
VOC-PRESET-HOMBRE-60-VETERANO-ECUADOR	Hombre 60 veterano ecuatoriano diálogo	BORED	VOICE-SAMPLE-VOC-PRESET-HOMBRE-60-VETERANO-ECUADOR-BORED	samples/voices/advanced-presets/hombre_60_veterano_ecuador_dialogo/aburrida.wav	false	false	APP_RESOURCE	APP_DEFAULT
VOC-PRESET-HOMBRE-60-VETERANO-ECUADOR	Hombre 60 veterano ecuatoriano diálogo	EUPHORIC	VOICE-SAMPLE-VOC-PRESET-HOMBRE-60-VETERANO-ECUADOR-EUPHORIC	samples/voices/advanced-presets/hombre_60_veterano_ecuador_dialogo/euforica.wav	false	false	APP_RESOURCE	APP_DEFAULT
VOC-PRESET-HOMBRE-60-VETERANO-ECUADOR	Hombre 60 veterano ecuatoriano diálogo	MELANCHOLIC	VOICE-SAMPLE-VOC-PRESET-HOMBRE-60-VETERANO-ECUADOR-MELANCHOLIC	samples/voices/advanced-presets/hombre_60_veterano_ecuador_dialogo/melancolica.wav	false	false	APP_RESOURCE	APP_DEFAULT
VOC-PRESET-HOMBRE-60-VETERANO-ECUADOR	Hombre 60 veterano ecuatoriano diálogo	NERVOUS	VOICE-SAMPLE-VOC-PRESET-HOMBRE-60-VETERANO-ECUADOR-NERVOUS	samples/voices/advanced-presets/hombre_60_veterano_ecuador_dialogo/nerviosa.wav	false	false	APP_RESOURCE	APP_DEFAULT
VOC-PRESET-HOMBRE-60-VETERANO-ECUADOR	Hombre 60 veterano ecuatoriano diálogo	AFRAID	VOICE-SAMPLE-VOC-PRESET-HOMBRE-60-VETERANO-ECUADOR-AFRAID	samples/voices/advanced-presets/hombre_60_veterano_ecuador_dialogo/asustada.wav	false	false	APP_RESOURCE	APP_DEFAULT
VOC-PRESET-HOMBRE-60-VETERANO-ECUADOR	Hombre 60 veterano ecuatoriano diálogo	SURPRISED	VOICE-SAMPLE-VOC-PRESET-HOMBRE-60-VETERANO-ECUADOR-SURPRISED	samples/voices/advanced-presets/hombre_60_veterano_ecuador_dialogo/sorprendida.wav	false	false	APP_RESOURCE	APP_DEFAULT
VOC-PRESET-HOMBRE-60-VETERANO-ECUADOR	Hombre 60 veterano ecuatoriano diálogo	DOUBTFUL	VOICE-SAMPLE-VOC-PRESET-HOMBRE-60-VETERANO-ECUADOR-DOUBTFUL	samples/voices/advanced-presets/hombre_60_veterano_ecuador_dialogo/dudosa.wav	false	false	APP_RESOURCE	APP_DEFAULT
VOC-PRESET-HOMBRE-60-VETERANO-ECUADOR	Hombre 60 veterano ecuatoriano diálogo	TIRED	VOICE-SAMPLE-VOC-PRESET-HOMBRE-60-VETERANO-ECUADOR-TIRED	samples/voices/advanced-presets/hombre_60_veterano_ecuador_dialogo/cansada.wav	false	false	APP_RESOURCE	APP_DEFAULT
VOC-PRESET-HOMBRE-60-VETERANO-ECUADOR	Hombre 60 veterano ecuatoriano diálogo	PLEADING	VOICE-SAMPLE-VOC-PRESET-HOMBRE-60-VETERANO-ECUADOR-PLEADING	samples/voices/advanced-presets/hombre_60_veterano_ecuador_dialogo/suplicante.wav	false	false	APP_RESOURCE	APP_DEFAULT
VOC-PRESET-HOMBRE-60-VETERANO-ECUADOR	Hombre 60 veterano ecuatoriano diálogo	AUTHORITATIVE	VOICE-SAMPLE-VOC-PRESET-HOMBRE-60-VETERANO-ECUADOR-AUTHORITATIVE	samples/voices/advanced-presets/hombre_60_veterano_ecuador_dialogo/autoritaria.wav	false	false	APP_RESOURCE	APP_DEFAULT
VOC-PRESET-HOMBRE-60-VETERANO-ECUADOR	Hombre 60 veterano ecuatoriano diálogo	IRONIC	VOICE-SAMPLE-VOC-PRESET-HOMBRE-60-VETERANO-ECUADOR-IRONIC	samples/voices/advanced-presets/hombre_60_veterano_ecuador_dialogo/ironica.wav	false	false	APP_RESOURCE	APP_DEFAULT
VOC-PRESET-HOMBRE-60-VETERANO-ECUADOR	Hombre 60 veterano ecuatoriano diálogo	SARCASTIC	VOICE-SAMPLE-VOC-PRESET-HOMBRE-60-VETERANO-ECUADOR-SARCASTIC	samples/voices/advanced-presets/hombre_60_veterano_ecuador_dialogo/sarcastica.wav	false	false	APP_RESOURCE	APP_DEFAULT
VOC-PRESET-HOMBRE-60-VETERANO-ECUADOR	Hombre 60 veterano ecuatoriano diálogo	MYSTERIOUS	VOICE-SAMPLE-VOC-PRESET-HOMBRE-60-VETERANO-ECUADOR-MYSTERIOUS	samples/voices/advanced-presets/hombre_60_veterano_ecuador_dialogo/misteriosa.wav	false	false	APP_RESOURCE	APP_DEFAULT
VOC-PRESET-HOMBRE-60-VETERANO-ECUADOR	Hombre 60 veterano ecuatoriano diálogo	SOLEMN	VOICE-SAMPLE-VOC-PRESET-HOMBRE-60-VETERANO-ECUADOR-SOLEMN	samples/voices/advanced-presets/hombre_60_veterano_ecuador_dialogo/solemne.wav	false	false	APP_RESOURCE	APP_DEFAULT
VOC-PRESET-HOMBRE-60-VETERANO-ECUADOR	Hombre 60 veterano ecuatoriano diálogo	HEROIC	VOICE-SAMPLE-VOC-PRESET-HOMBRE-60-VETERANO-ECUADOR-HEROIC	samples/voices/advanced-presets/hombre_60_veterano_ecuador_dialogo/heroica.wav	false	false	APP_RESOURCE	APP_DEFAULT
VOC-PRESET-HOMBRE-60-VETERANO-ECUADOR	Hombre 60 veterano ecuatoriano diálogo	DRAMATIC	VOICE-SAMPLE-VOC-PRESET-HOMBRE-60-VETERANO-ECUADOR-DRAMATIC	samples/voices/advanced-presets/hombre_60_veterano_ecuador_dialogo/dramatica.wav	false	false	APP_RESOURCE	APP_DEFAULT
VOC-PRESET-HOMBRE-60-VETERANO-ECUADOR	Hombre 60 veterano ecuatoriano diálogo	TENSE	VOICE-SAMPLE-VOC-PRESET-HOMBRE-60-VETERANO-ECUADOR-TENSE	samples/voices/advanced-presets/hombre_60_veterano_ecuador_dialogo/tensa.wav	false	false	APP_RESOURCE	APP_DEFAULT
VOC-PRESET-HOMBRE-60-VETERANO-ECUADOR	Hombre 60 veterano ecuatoriano diálogo	RUSHED	VOICE-SAMPLE-VOC-PRESET-HOMBRE-60-VETERANO-ECUADOR-RUSHED	samples/voices/advanced-presets/hombre_60_veterano_ecuador_dialogo/apurada.wav	false	false	APP_RESOURCE	APP_DEFAULT
VOC-PRESET-HOMBRE-60-VETERANO-ECUADOR	Hombre 60 veterano ecuatoriano diálogo	CONFUSED	VOICE-SAMPLE-VOC-PRESET-HOMBRE-60-VETERANO-ECUADOR-CONFUSED	samples/voices/advanced-presets/hombre_60_veterano_ecuador_dialogo/confundida.wav	false	false	APP_RESOURCE	APP_DEFAULT
VOC-PRESET-HOMBRE-60-VETERANO-ECUADOR	Hombre 60 veterano ecuatoriano diálogo	TENDER	VOICE-SAMPLE-VOC-PRESET-HOMBRE-60-VETERANO-ECUADOR-TENDER	samples/voices/advanced-presets/hombre_60_veterano_ecuador_dialogo/tierna.wav	false	false	APP_RESOURCE	APP_DEFAULT
VOC-PRESET-HOMBRE-60-VETERANO-ECUADOR	Hombre 60 veterano ecuatoriano diálogo	COLD	VOICE-SAMPLE-VOC-PRESET-HOMBRE-60-VETERANO-ECUADOR-COLD	samples/voices/advanced-presets/hombre_60_veterano_ecuador_dialogo/fria.wav	false	false	APP_RESOURCE	APP_DEFAULT
VOC-PRESET-HOMBRE-60-VETERANO-ECUADOR	Hombre 60 veterano ecuatoriano diálogo	MOCKING	VOICE-SAMPLE-VOC-PRESET-HOMBRE-60-VETERANO-ECUADOR-MOCKING	samples/voices/advanced-presets/hombre_60_veterano_ecuador_dialogo/burlona.wav	false	false	APP_RESOURCE	APP_DEFAULT
VOC-PRESET-HOMBRE-60-VETERANO-ECUADOR	Hombre 60 veterano ecuatoriano diálogo	DISTRUSTFUL	VOICE-SAMPLE-VOC-PRESET-HOMBRE-60-VETERANO-ECUADOR-DISTRUSTFUL	samples/voices/advanced-presets/hombre_60_veterano_ecuador_dialogo/desconfiada.wav	false	false	APP_RESOURCE	APP_DEFAULT
VOC-PRESET-HOMBRE-60-VETERANO-ECUADOR	Hombre 60 veterano ecuatoriano diálogo	REPENTANT	VOICE-SAMPLE-VOC-PRESET-HOMBRE-60-VETERANO-ECUADOR-REPENTANT	samples/voices/advanced-presets/hombre_60_veterano_ecuador_dialogo/arrepentida.wav	false	false	APP_RESOURCE	APP_DEFAULT
VOC-PRESET-HOMBRE-60-VETERANO-ECUADOR	Hombre 60 veterano ecuatoriano diálogo	VULNERABLE	VOICE-SAMPLE-VOC-PRESET-HOMBRE-60-VETERANO-ECUADOR-VULNERABLE	samples/voices/advanced-presets/hombre_60_veterano_ecuador_dialogo/vulnerable.wav	false	false	APP_RESOURCE	APP_DEFAULT
VOC-PRESET-HOMBRE-60-VETERANO-ECUADOR	Hombre 60 veterano ecuatoriano diálogo	HOPEFUL	VOICE-SAMPLE-VOC-PRESET-HOMBRE-60-VETERANO-ECUADOR-HOPEFUL	samples/voices/advanced-presets/hombre_60_veterano_ecuador_dialogo/esperanzada.wav	false	false	APP_RESOURCE	APP_DEFAULT
VOC-PRESET-HOMBRE-60-VETERANO-ECUADOR	Hombre 60 veterano ecuatoriano diálogo	RESIGNED	VOICE-SAMPLE-VOC-PRESET-HOMBRE-60-VETERANO-ECUADOR-RESIGNED	samples/voices/advanced-presets/hombre_60_veterano_ecuador_dialogo/resignada.wav	false	false	APP_RESOURCE	APP_DEFAULT
VOC-PRESET-HOMBRE-60-VETERANO-ECUADOR	Hombre 60 veterano ecuatoriano diálogo	THREATENING	VOICE-SAMPLE-VOC-PRESET-HOMBRE-60-VETERANO-ECUADOR-THREATENING	samples/voices/advanced-presets/hombre_60_veterano_ecuador_dialogo/amenazante.wav	false	false	APP_RESOURCE	APP_DEFAULT
VOC-PRESET-HOMBRE-60-VETERANO-ECUADOR	Hombre 60 veterano ecuatoriano diálogo	DEFIANT	VOICE-SAMPLE-VOC-PRESET-HOMBRE-60-VETERANO-ECUADOR-DEFIANT	samples/voices/advanced-presets/hombre_60_veterano_ecuador_dialogo/desafiante.wav	false	false	APP_RESOURCE	APP_DEFAULT
VOC-PRESET-HOMBRE-60-VETERANO-ECUADOR	Hombre 60 veterano ecuatoriano diálogo	SEDUCTIVE_NON_EXPLICIT	VOICE-SAMPLE-VOC-PRESET-HOMBRE-60-VETERANO-ECUADOR-SEDUCTIVE_NON_EXPLICIT	samples/voices/advanced-presets/hombre_60_veterano_ecuador_dialogo/sutil.wav	false	false	APP_RESOURCE	APP_DEFAULT
VOC-PRESET-HOMBRE-ADULTO-PERSONAJE-NARRATIVO	Hombre adulto narrativo	NEUTRAL	VOICE-SAMPLE-VOC-PRESET-HOMBRE-ADULTO-PERSONAJE-NARRATIVO-NEUTRAL	samples/voices/advanced-presets/hombre_adulto_personaje_narrativo/neutral.wav	false	false	APP_RESOURCE	APP_DEFAULT
VOC-PRESET-HOMBRE-ADULTO-PERSONAJE-NARRATIVO	Hombre adulto narrativo	HAPPY	VOICE-SAMPLE-VOC-PRESET-HOMBRE-ADULTO-PERSONAJE-NARRATIVO-HAPPY	samples/voices/advanced-presets/hombre_adulto_personaje_narrativo/feliz.wav	false	false	APP_RESOURCE	APP_DEFAULT
VOC-PRESET-HOMBRE-ADULTO-PERSONAJE-NARRATIVO	Hombre adulto narrativo	SAD	VOICE-SAMPLE-VOC-PRESET-HOMBRE-ADULTO-PERSONAJE-NARRATIVO-SAD	samples/voices/advanced-presets/hombre_adulto_personaje_narrativo/triste.wav	false	false	APP_RESOURCE	APP_DEFAULT
VOC-PRESET-HOMBRE-ADULTO-PERSONAJE-NARRATIVO	Hombre adulto narrativo	ANGRY	VOICE-SAMPLE-VOC-PRESET-HOMBRE-ADULTO-PERSONAJE-NARRATIVO-ANGRY	samples/voices/advanced-presets/hombre_adulto_personaje_narrativo/enojada.wav	false	false	APP_RESOURCE	APP_DEFAULT
VOC-PRESET-HOMBRE-ADULTO-PERSONAJE-NARRATIVO	Hombre adulto narrativo	SERIOUS	VOICE-SAMPLE-VOC-PRESET-HOMBRE-ADULTO-PERSONAJE-NARRATIVO-SERIOUS	samples/voices/advanced-presets/hombre_adulto_personaje_narrativo/seria.wav	false	false	APP_RESOURCE	APP_DEFAULT
VOC-PRESET-HOMBRE-ADULTO-PERSONAJE-NARRATIVO	Hombre adulto narrativo	CALM	VOICE-SAMPLE-VOC-PRESET-HOMBRE-ADULTO-PERSONAJE-NARRATIVO-CALM	samples/voices/advanced-presets/hombre_adulto_personaje_narrativo/calmada.wav	false	false	APP_RESOURCE	APP_DEFAULT
VOC-PRESET-HOMBRE-ADULTO-PERSONAJE-NARRATIVO	Hombre adulto narrativo	WORRIED	VOICE-SAMPLE-VOC-PRESET-HOMBRE-ADULTO-PERSONAJE-NARRATIVO-WORRIED	samples/voices/advanced-presets/hombre_adulto_personaje_narrativo/preocupada.wav	false	false	APP_RESOURCE	APP_DEFAULT
VOC-PRESET-HOMBRE-ADULTO-PERSONAJE-NARRATIVO	Hombre adulto narrativo	ENTHUSIASTIC	VOICE-SAMPLE-VOC-PRESET-HOMBRE-ADULTO-PERSONAJE-NARRATIVO-ENTHUSIASTIC	samples/voices/advanced-presets/hombre_adulto_personaje_narrativo/entusiasmada.wav	false	false	APP_RESOURCE	APP_DEFAULT
VOC-PRESET-HOMBRE-ADULTO-PERSONAJE-NARRATIVO	Hombre adulto narrativo	BORED	VOICE-SAMPLE-VOC-PRESET-HOMBRE-ADULTO-PERSONAJE-NARRATIVO-BORED	samples/voices/advanced-presets/hombre_adulto_personaje_narrativo/aburrida.wav	false	false	APP_RESOURCE	APP_DEFAULT
VOC-PRESET-HOMBRE-ADULTO-PERSONAJE-NARRATIVO	Hombre adulto narrativo	EUPHORIC	VOICE-SAMPLE-VOC-PRESET-HOMBRE-ADULTO-PERSONAJE-NARRATIVO-EUPHORIC	samples/voices/advanced-presets/hombre_adulto_personaje_narrativo/euforica.wav	false	false	APP_RESOURCE	APP_DEFAULT
VOC-PRESET-HOMBRE-ADULTO-PERSONAJE-NARRATIVO	Hombre adulto narrativo	MELANCHOLIC	VOICE-SAMPLE-VOC-PRESET-HOMBRE-ADULTO-PERSONAJE-NARRATIVO-MELANCHOLIC	samples/voices/advanced-presets/hombre_adulto_personaje_narrativo/melancolica.wav	false	false	APP_RESOURCE	APP_DEFAULT
VOC-PRESET-HOMBRE-ADULTO-PERSONAJE-NARRATIVO	Hombre adulto narrativo	NERVOUS	VOICE-SAMPLE-VOC-PRESET-HOMBRE-ADULTO-PERSONAJE-NARRATIVO-NERVOUS	samples/voices/advanced-presets/hombre_adulto_personaje_narrativo/nerviosa.wav	false	false	APP_RESOURCE	APP_DEFAULT
VOC-PRESET-HOMBRE-ADULTO-PERSONAJE-NARRATIVO	Hombre adulto narrativo	AFRAID	VOICE-SAMPLE-VOC-PRESET-HOMBRE-ADULTO-PERSONAJE-NARRATIVO-AFRAID	samples/voices/advanced-presets/hombre_adulto_personaje_narrativo/asustada.wav	false	false	APP_RESOURCE	APP_DEFAULT
VOC-PRESET-HOMBRE-ADULTO-PERSONAJE-NARRATIVO	Hombre adulto narrativo	SURPRISED	VOICE-SAMPLE-VOC-PRESET-HOMBRE-ADULTO-PERSONAJE-NARRATIVO-SURPRISED	samples/voices/advanced-presets/hombre_adulto_personaje_narrativo/sorprendida.wav	false	false	APP_RESOURCE	APP_DEFAULT
VOC-PRESET-HOMBRE-ADULTO-PERSONAJE-NARRATIVO	Hombre adulto narrativo	DOUBTFUL	VOICE-SAMPLE-VOC-PRESET-HOMBRE-ADULTO-PERSONAJE-NARRATIVO-DOUBTFUL	samples/voices/advanced-presets/hombre_adulto_personaje_narrativo/dudosa.wav	false	false	APP_RESOURCE	APP_DEFAULT
VOC-PRESET-HOMBRE-ADULTO-PERSONAJE-NARRATIVO	Hombre adulto narrativo	TIRED	VOICE-SAMPLE-VOC-PRESET-HOMBRE-ADULTO-PERSONAJE-NARRATIVO-TIRED	samples/voices/advanced-presets/hombre_adulto_personaje_narrativo/cansada.wav	false	false	APP_RESOURCE	APP_DEFAULT
VOC-PRESET-HOMBRE-ADULTO-PERSONAJE-NARRATIVO	Hombre adulto narrativo	PLEADING	VOICE-SAMPLE-VOC-PRESET-HOMBRE-ADULTO-PERSONAJE-NARRATIVO-PLEADING	samples/voices/advanced-presets/hombre_adulto_personaje_narrativo/suplicante.wav	false	false	APP_RESOURCE	APP_DEFAULT
VOC-PRESET-HOMBRE-ADULTO-PERSONAJE-NARRATIVO	Hombre adulto narrativo	AUTHORITATIVE	VOICE-SAMPLE-VOC-PRESET-HOMBRE-ADULTO-PERSONAJE-NARRATIVO-AUTHORITATIVE	samples/voices/advanced-presets/hombre_adulto_personaje_narrativo/autoritaria.wav	false	false	APP_RESOURCE	APP_DEFAULT
VOC-PRESET-HOMBRE-ADULTO-PERSONAJE-NARRATIVO	Hombre adulto narrativo	IRONIC	VOICE-SAMPLE-VOC-PRESET-HOMBRE-ADULTO-PERSONAJE-NARRATIVO-IRONIC	samples/voices/advanced-presets/hombre_adulto_personaje_narrativo/ironica.wav	false	false	APP_RESOURCE	APP_DEFAULT
VOC-PRESET-HOMBRE-ADULTO-PERSONAJE-NARRATIVO	Hombre adulto narrativo	SARCASTIC	VOICE-SAMPLE-VOC-PRESET-HOMBRE-ADULTO-PERSONAJE-NARRATIVO-SARCASTIC	samples/voices/advanced-presets/hombre_adulto_personaje_narrativo/sarcastica.wav	false	false	APP_RESOURCE	APP_DEFAULT
VOC-PRESET-HOMBRE-ADULTO-PERSONAJE-NARRATIVO	Hombre adulto narrativo	MYSTERIOUS	VOICE-SAMPLE-VOC-PRESET-HOMBRE-ADULTO-PERSONAJE-NARRATIVO-MYSTERIOUS	samples/voices/advanced-presets/hombre_adulto_personaje_narrativo/misteriosa.wav	false	false	APP_RESOURCE	APP_DEFAULT
VOC-PRESET-HOMBRE-ADULTO-PERSONAJE-NARRATIVO	Hombre adulto narrativo	SOLEMN	VOICE-SAMPLE-VOC-PRESET-HOMBRE-ADULTO-PERSONAJE-NARRATIVO-SOLEMN	samples/voices/advanced-presets/hombre_adulto_personaje_narrativo/solemne.wav	false	false	APP_RESOURCE	APP_DEFAULT
VOC-PRESET-HOMBRE-ADULTO-PERSONAJE-NARRATIVO	Hombre adulto narrativo	HEROIC	VOICE-SAMPLE-VOC-PRESET-HOMBRE-ADULTO-PERSONAJE-NARRATIVO-HEROIC	samples/voices/advanced-presets/hombre_adulto_personaje_narrativo/heroica.wav	false	false	APP_RESOURCE	APP_DEFAULT
VOC-PRESET-HOMBRE-ADULTO-PERSONAJE-NARRATIVO	Hombre adulto narrativo	DRAMATIC	VOICE-SAMPLE-VOC-PRESET-HOMBRE-ADULTO-PERSONAJE-NARRATIVO-DRAMATIC	samples/voices/advanced-presets/hombre_adulto_personaje_narrativo/dramatica.wav	false	false	APP_RESOURCE	APP_DEFAULT
VOC-PRESET-HOMBRE-ADULTO-PERSONAJE-NARRATIVO	Hombre adulto narrativo	TENSE	VOICE-SAMPLE-VOC-PRESET-HOMBRE-ADULTO-PERSONAJE-NARRATIVO-TENSE	samples/voices/advanced-presets/hombre_adulto_personaje_narrativo/tensa.wav	false	false	APP_RESOURCE	APP_DEFAULT
VOC-PRESET-HOMBRE-ADULTO-PERSONAJE-NARRATIVO	Hombre adulto narrativo	RUSHED	VOICE-SAMPLE-VOC-PRESET-HOMBRE-ADULTO-PERSONAJE-NARRATIVO-RUSHED	samples/voices/advanced-presets/hombre_adulto_personaje_narrativo/apurada.wav	false	false	APP_RESOURCE	APP_DEFAULT
VOC-PRESET-HOMBRE-ADULTO-PERSONAJE-NARRATIVO	Hombre adulto narrativo	CONFUSED	VOICE-SAMPLE-VOC-PRESET-HOMBRE-ADULTO-PERSONAJE-NARRATIVO-CONFUSED	samples/voices/advanced-presets/hombre_adulto_personaje_narrativo/confundida.wav	false	false	APP_RESOURCE	APP_DEFAULT
VOC-PRESET-HOMBRE-ADULTO-PERSONAJE-NARRATIVO	Hombre adulto narrativo	TENDER	VOICE-SAMPLE-VOC-PRESET-HOMBRE-ADULTO-PERSONAJE-NARRATIVO-TENDER	samples/voices/advanced-presets/hombre_adulto_personaje_narrativo/tierna.wav	false	false	APP_RESOURCE	APP_DEFAULT
VOC-PRESET-HOMBRE-ADULTO-PERSONAJE-NARRATIVO	Hombre adulto narrativo	COLD	VOICE-SAMPLE-VOC-PRESET-HOMBRE-ADULTO-PERSONAJE-NARRATIVO-COLD	samples/voices/advanced-presets/hombre_adulto_personaje_narrativo/fria.wav	false	false	APP_RESOURCE	APP_DEFAULT
VOC-PRESET-HOMBRE-ADULTO-PERSONAJE-NARRATIVO	Hombre adulto narrativo	MOCKING	VOICE-SAMPLE-VOC-PRESET-HOMBRE-ADULTO-PERSONAJE-NARRATIVO-MOCKING	samples/voices/advanced-presets/hombre_adulto_personaje_narrativo/burlona.wav	false	false	APP_RESOURCE	APP_DEFAULT
VOC-PRESET-HOMBRE-ADULTO-PERSONAJE-NARRATIVO	Hombre adulto narrativo	DISTRUSTFUL	VOICE-SAMPLE-VOC-PRESET-HOMBRE-ADULTO-PERSONAJE-NARRATIVO-DISTRUSTFUL	samples/voices/advanced-presets/hombre_adulto_personaje_narrativo/desconfiada.wav	false	false	APP_RESOURCE	APP_DEFAULT
VOC-PRESET-HOMBRE-ADULTO-PERSONAJE-NARRATIVO	Hombre adulto narrativo	REPENTANT	VOICE-SAMPLE-VOC-PRESET-HOMBRE-ADULTO-PERSONAJE-NARRATIVO-REPENTANT	samples/voices/advanced-presets/hombre_adulto_personaje_narrativo/arrepentida.wav	false	false	APP_RESOURCE	APP_DEFAULT
VOC-PRESET-HOMBRE-ADULTO-PERSONAJE-NARRATIVO	Hombre adulto narrativo	VULNERABLE	VOICE-SAMPLE-VOC-PRESET-HOMBRE-ADULTO-PERSONAJE-NARRATIVO-VULNERABLE	samples/voices/advanced-presets/hombre_adulto_personaje_narrativo/vulnerable.wav	false	false	APP_RESOURCE	APP_DEFAULT
VOC-PRESET-HOMBRE-ADULTO-PERSONAJE-NARRATIVO	Hombre adulto narrativo	HOPEFUL	VOICE-SAMPLE-VOC-PRESET-HOMBRE-ADULTO-PERSONAJE-NARRATIVO-HOPEFUL	samples/voices/advanced-presets/hombre_adulto_personaje_narrativo/esperanzada.wav	false	false	APP_RESOURCE	APP_DEFAULT
VOC-PRESET-HOMBRE-ADULTO-PERSONAJE-NARRATIVO	Hombre adulto narrativo	RESIGNED	VOICE-SAMPLE-VOC-PRESET-HOMBRE-ADULTO-PERSONAJE-NARRATIVO-RESIGNED	samples/voices/advanced-presets/hombre_adulto_personaje_narrativo/resignada.wav	false	false	APP_RESOURCE	APP_DEFAULT
VOC-PRESET-HOMBRE-ADULTO-PERSONAJE-NARRATIVO	Hombre adulto narrativo	THREATENING	VOICE-SAMPLE-VOC-PRESET-HOMBRE-ADULTO-PERSONAJE-NARRATIVO-THREATENING	samples/voices/advanced-presets/hombre_adulto_personaje_narrativo/amenazante.wav	false	false	APP_RESOURCE	APP_DEFAULT
VOC-PRESET-HOMBRE-ADULTO-PERSONAJE-NARRATIVO	Hombre adulto narrativo	DEFIANT	VOICE-SAMPLE-VOC-PRESET-HOMBRE-ADULTO-PERSONAJE-NARRATIVO-DEFIANT	samples/voices/advanced-presets/hombre_adulto_personaje_narrativo/desafiante.wav	false	false	APP_RESOURCE	APP_DEFAULT
VOC-PRESET-HOMBRE-ADULTO-PERSONAJE-NARRATIVO	Hombre adulto narrativo	SEDUCTIVE_NON_EXPLICIT	VOICE-SAMPLE-VOC-PRESET-HOMBRE-ADULTO-PERSONAJE-NARRATIVO-SEDUCTIVE_NON_EXPLICIT	samples/voices/advanced-presets/hombre_adulto_personaje_narrativo/sutil.wav	false	false	APP_RESOURCE	APP_DEFAULT
VOC-PRESET-HOMBRE-MADURO-NARRATIVO	Hombre maduro narrativo	NEUTRAL	VOICE-SAMPLE-VOC-PRESET-HOMBRE-MADURO-NARRATIVO-NEUTRAL	samples/voices/advanced-presets/hombre_maduro_narrativo/neutral.wav	false	false	APP_RESOURCE	APP_DEFAULT
VOC-PRESET-HOMBRE-MADURO-NARRATIVO	Hombre maduro narrativo	HAPPY	VOICE-SAMPLE-VOC-PRESET-HOMBRE-MADURO-NARRATIVO-HAPPY	samples/voices/advanced-presets/hombre_maduro_narrativo/feliz.wav	false	false	APP_RESOURCE	APP_DEFAULT
VOC-PRESET-HOMBRE-MADURO-NARRATIVO	Hombre maduro narrativo	SAD	VOICE-SAMPLE-VOC-PRESET-HOMBRE-MADURO-NARRATIVO-SAD	samples/voices/advanced-presets/hombre_maduro_narrativo/triste.wav	false	false	APP_RESOURCE	APP_DEFAULT
VOC-PRESET-HOMBRE-MADURO-NARRATIVO	Hombre maduro narrativo	ANGRY	VOICE-SAMPLE-VOC-PRESET-HOMBRE-MADURO-NARRATIVO-ANGRY	samples/voices/advanced-presets/hombre_maduro_narrativo/enojada.wav	false	false	APP_RESOURCE	APP_DEFAULT
VOC-PRESET-HOMBRE-MADURO-NARRATIVO	Hombre maduro narrativo	SERIOUS	VOICE-SAMPLE-VOC-PRESET-HOMBRE-MADURO-NARRATIVO-SERIOUS	samples/voices/advanced-presets/hombre_maduro_narrativo/seria.wav	false	false	APP_RESOURCE	APP_DEFAULT
VOC-PRESET-HOMBRE-MADURO-NARRATIVO	Hombre maduro narrativo	CALM	VOICE-SAMPLE-VOC-PRESET-HOMBRE-MADURO-NARRATIVO-CALM	samples/voices/advanced-presets/hombre_maduro_narrativo/calmada.wav	false	false	APP_RESOURCE	APP_DEFAULT
VOC-PRESET-HOMBRE-MADURO-NARRATIVO	Hombre maduro narrativo	WORRIED	VOICE-SAMPLE-VOC-PRESET-HOMBRE-MADURO-NARRATIVO-WORRIED	samples/voices/advanced-presets/hombre_maduro_narrativo/preocupada.wav	false	false	APP_RESOURCE	APP_DEFAULT
VOC-PRESET-HOMBRE-MADURO-NARRATIVO	Hombre maduro narrativo	ENTHUSIASTIC	VOICE-SAMPLE-VOC-PRESET-HOMBRE-MADURO-NARRATIVO-ENTHUSIASTIC	samples/voices/advanced-presets/hombre_maduro_narrativo/entusiasmada.wav	false	false	APP_RESOURCE	APP_DEFAULT
VOC-PRESET-HOMBRE-MADURO-NARRATIVO	Hombre maduro narrativo	BORED	VOICE-SAMPLE-VOC-PRESET-HOMBRE-MADURO-NARRATIVO-BORED	samples/voices/advanced-presets/hombre_maduro_narrativo/aburrida.wav	false	false	APP_RESOURCE	APP_DEFAULT
VOC-PRESET-HOMBRE-MADURO-NARRATIVO	Hombre maduro narrativo	EUPHORIC	VOICE-SAMPLE-VOC-PRESET-HOMBRE-MADURO-NARRATIVO-EUPHORIC	samples/voices/advanced-presets/hombre_maduro_narrativo/euforica.wav	false	false	APP_RESOURCE	APP_DEFAULT
VOC-PRESET-HOMBRE-MADURO-NARRATIVO	Hombre maduro narrativo	MELANCHOLIC	VOICE-SAMPLE-VOC-PRESET-HOMBRE-MADURO-NARRATIVO-MELANCHOLIC	samples/voices/advanced-presets/hombre_maduro_narrativo/melancolica.wav	false	false	APP_RESOURCE	APP_DEFAULT
VOC-PRESET-HOMBRE-MADURO-NARRATIVO	Hombre maduro narrativo	NERVOUS	VOICE-SAMPLE-VOC-PRESET-HOMBRE-MADURO-NARRATIVO-NERVOUS	samples/voices/advanced-presets/hombre_maduro_narrativo/nerviosa.wav	false	false	APP_RESOURCE	APP_DEFAULT
VOC-PRESET-HOMBRE-MADURO-NARRATIVO	Hombre maduro narrativo	AFRAID	VOICE-SAMPLE-VOC-PRESET-HOMBRE-MADURO-NARRATIVO-AFRAID	samples/voices/advanced-presets/hombre_maduro_narrativo/asustada.wav	false	false	APP_RESOURCE	APP_DEFAULT
VOC-PRESET-HOMBRE-MADURO-NARRATIVO	Hombre maduro narrativo	SURPRISED	VOICE-SAMPLE-VOC-PRESET-HOMBRE-MADURO-NARRATIVO-SURPRISED	samples/voices/advanced-presets/hombre_maduro_narrativo/sorprendida.wav	false	false	APP_RESOURCE	APP_DEFAULT
VOC-PRESET-HOMBRE-MADURO-NARRATIVO	Hombre maduro narrativo	DOUBTFUL	VOICE-SAMPLE-VOC-PRESET-HOMBRE-MADURO-NARRATIVO-DOUBTFUL	samples/voices/advanced-presets/hombre_maduro_narrativo/dudosa.wav	false	false	APP_RESOURCE	APP_DEFAULT
VOC-PRESET-HOMBRE-MADURO-NARRATIVO	Hombre maduro narrativo	TIRED	VOICE-SAMPLE-VOC-PRESET-HOMBRE-MADURO-NARRATIVO-TIRED	samples/voices/advanced-presets/hombre_maduro_narrativo/cansada.wav	false	false	APP_RESOURCE	APP_DEFAULT
VOC-PRESET-HOMBRE-MADURO-NARRATIVO	Hombre maduro narrativo	PLEADING	VOICE-SAMPLE-VOC-PRESET-HOMBRE-MADURO-NARRATIVO-PLEADING	samples/voices/advanced-presets/hombre_maduro_narrativo/suplicante.wav	false	false	APP_RESOURCE	APP_DEFAULT
VOC-PRESET-HOMBRE-MADURO-NARRATIVO	Hombre maduro narrativo	AUTHORITATIVE	VOICE-SAMPLE-VOC-PRESET-HOMBRE-MADURO-NARRATIVO-AUTHORITATIVE	samples/voices/advanced-presets/hombre_maduro_narrativo/autoritaria.wav	false	false	APP_RESOURCE	APP_DEFAULT
VOC-PRESET-HOMBRE-MADURO-NARRATIVO	Hombre maduro narrativo	IRONIC	VOICE-SAMPLE-VOC-PRESET-HOMBRE-MADURO-NARRATIVO-IRONIC	samples/voices/advanced-presets/hombre_maduro_narrativo/ironica.wav	false	false	APP_RESOURCE	APP_DEFAULT
VOC-PRESET-HOMBRE-MADURO-NARRATIVO	Hombre maduro narrativo	SARCASTIC	VOICE-SAMPLE-VOC-PRESET-HOMBRE-MADURO-NARRATIVO-SARCASTIC	samples/voices/advanced-presets/hombre_maduro_narrativo/sarcastica.wav	false	false	APP_RESOURCE	APP_DEFAULT
VOC-PRESET-HOMBRE-MADURO-NARRATIVO	Hombre maduro narrativo	MYSTERIOUS	VOICE-SAMPLE-VOC-PRESET-HOMBRE-MADURO-NARRATIVO-MYSTERIOUS	samples/voices/advanced-presets/hombre_maduro_narrativo/misteriosa.wav	false	false	APP_RESOURCE	APP_DEFAULT
VOC-PRESET-HOMBRE-MADURO-NARRATIVO	Hombre maduro narrativo	SOLEMN	VOICE-SAMPLE-VOC-PRESET-HOMBRE-MADURO-NARRATIVO-SOLEMN	samples/voices/advanced-presets/hombre_maduro_narrativo/solemne.wav	false	false	APP_RESOURCE	APP_DEFAULT
VOC-PRESET-HOMBRE-MADURO-NARRATIVO	Hombre maduro narrativo	HEROIC	VOICE-SAMPLE-VOC-PRESET-HOMBRE-MADURO-NARRATIVO-HEROIC	samples/voices/advanced-presets/hombre_maduro_narrativo/heroica.wav	false	false	APP_RESOURCE	APP_DEFAULT
VOC-PRESET-HOMBRE-MADURO-NARRATIVO	Hombre maduro narrativo	DRAMATIC	VOICE-SAMPLE-VOC-PRESET-HOMBRE-MADURO-NARRATIVO-DRAMATIC	samples/voices/advanced-presets/hombre_maduro_narrativo/dramatica.wav	false	false	APP_RESOURCE	APP_DEFAULT
VOC-PRESET-HOMBRE-MADURO-NARRATIVO	Hombre maduro narrativo	TENSE	VOICE-SAMPLE-VOC-PRESET-HOMBRE-MADURO-NARRATIVO-TENSE	samples/voices/advanced-presets/hombre_maduro_narrativo/tensa.wav	false	false	APP_RESOURCE	APP_DEFAULT
VOC-PRESET-HOMBRE-MADURO-NARRATIVO	Hombre maduro narrativo	RUSHED	VOICE-SAMPLE-VOC-PRESET-HOMBRE-MADURO-NARRATIVO-RUSHED	samples/voices/advanced-presets/hombre_maduro_narrativo/apurada.wav	false	false	APP_RESOURCE	APP_DEFAULT
VOC-PRESET-HOMBRE-MADURO-NARRATIVO	Hombre maduro narrativo	CONFUSED	VOICE-SAMPLE-VOC-PRESET-HOMBRE-MADURO-NARRATIVO-CONFUSED	samples/voices/advanced-presets/hombre_maduro_narrativo/confundida.wav	false	false	APP_RESOURCE	APP_DEFAULT
VOC-PRESET-HOMBRE-MADURO-NARRATIVO	Hombre maduro narrativo	TENDER	VOICE-SAMPLE-VOC-PRESET-HOMBRE-MADURO-NARRATIVO-TENDER	samples/voices/advanced-presets/hombre_maduro_narrativo/tierna.wav	false	false	APP_RESOURCE	APP_DEFAULT
VOC-PRESET-HOMBRE-MADURO-NARRATIVO	Hombre maduro narrativo	COLD	VOICE-SAMPLE-VOC-PRESET-HOMBRE-MADURO-NARRATIVO-COLD	samples/voices/advanced-presets/hombre_maduro_narrativo/fria.wav	false	false	APP_RESOURCE	APP_DEFAULT
VOC-PRESET-HOMBRE-MADURO-NARRATIVO	Hombre maduro narrativo	MOCKING	VOICE-SAMPLE-VOC-PRESET-HOMBRE-MADURO-NARRATIVO-MOCKING	samples/voices/advanced-presets/hombre_maduro_narrativo/burlona.wav	false	false	APP_RESOURCE	APP_DEFAULT
VOC-PRESET-HOMBRE-MADURO-NARRATIVO	Hombre maduro narrativo	DISTRUSTFUL	VOICE-SAMPLE-VOC-PRESET-HOMBRE-MADURO-NARRATIVO-DISTRUSTFUL	samples/voices/advanced-presets/hombre_maduro_narrativo/desconfiada.wav	false	false	APP_RESOURCE	APP_DEFAULT
VOC-PRESET-HOMBRE-MADURO-NARRATIVO	Hombre maduro narrativo	REPENTANT	VOICE-SAMPLE-VOC-PRESET-HOMBRE-MADURO-NARRATIVO-REPENTANT	samples/voices/advanced-presets/hombre_maduro_narrativo/arrepentida.wav	false	false	APP_RESOURCE	APP_DEFAULT
VOC-PRESET-HOMBRE-MADURO-NARRATIVO	Hombre maduro narrativo	VULNERABLE	VOICE-SAMPLE-VOC-PRESET-HOMBRE-MADURO-NARRATIVO-VULNERABLE	samples/voices/advanced-presets/hombre_maduro_narrativo/vulnerable.wav	false	false	APP_RESOURCE	APP_DEFAULT
VOC-PRESET-HOMBRE-MADURO-NARRATIVO	Hombre maduro narrativo	HOPEFUL	VOICE-SAMPLE-VOC-PRESET-HOMBRE-MADURO-NARRATIVO-HOPEFUL	samples/voices/advanced-presets/hombre_maduro_narrativo/esperanzada.wav	false	false	APP_RESOURCE	APP_DEFAULT
VOC-PRESET-HOMBRE-MADURO-NARRATIVO	Hombre maduro narrativo	RESIGNED	VOICE-SAMPLE-VOC-PRESET-HOMBRE-MADURO-NARRATIVO-RESIGNED	samples/voices/advanced-presets/hombre_maduro_narrativo/resignada.wav	false	false	APP_RESOURCE	APP_DEFAULT
VOC-PRESET-HOMBRE-MADURO-NARRATIVO	Hombre maduro narrativo	THREATENING	VOICE-SAMPLE-VOC-PRESET-HOMBRE-MADURO-NARRATIVO-THREATENING	samples/voices/advanced-presets/hombre_maduro_narrativo/amenazante.wav	false	false	APP_RESOURCE	APP_DEFAULT
VOC-PRESET-HOMBRE-MADURO-NARRATIVO	Hombre maduro narrativo	DEFIANT	VOICE-SAMPLE-VOC-PRESET-HOMBRE-MADURO-NARRATIVO-DEFIANT	samples/voices/advanced-presets/hombre_maduro_narrativo/desafiante.wav	false	false	APP_RESOURCE	APP_DEFAULT
VOC-PRESET-HOMBRE-MADURO-NARRATIVO	Hombre maduro narrativo	SEDUCTIVE_NON_EXPLICIT	VOICE-SAMPLE-VOC-PRESET-HOMBRE-MADURO-NARRATIVO-SEDUCTIVE_NON_EXPLICIT	samples/voices/advanced-presets/hombre_maduro_narrativo/sutil.wav	false	false	APP_RESOURCE	APP_DEFAULT
VOC-PRESET-HOMBRE-40-FIRME-LATAM-PERSONAJE	Hombre 40 firme LATAM personaje	NEUTRAL	VOICE-SAMPLE-VOC-PRESET-HOMBRE-40-FIRME-LATAM-PERSONAJE-NEUTRAL	samples/voices/advanced-presets/hombre_40_firme_latam_personaje/neutral.wav	false	false	APP_RESOURCE	APP_DEFAULT
VOC-PRESET-HOMBRE-40-FIRME-LATAM-PERSONAJE	Hombre 40 firme LATAM personaje	HAPPY	VOICE-SAMPLE-VOC-PRESET-HOMBRE-40-FIRME-LATAM-PERSONAJE-HAPPY	samples/voices/advanced-presets/hombre_40_firme_latam_personaje/feliz.wav	false	false	APP_RESOURCE	APP_DEFAULT
VOC-PRESET-HOMBRE-40-FIRME-LATAM-PERSONAJE	Hombre 40 firme LATAM personaje	SAD	VOICE-SAMPLE-VOC-PRESET-HOMBRE-40-FIRME-LATAM-PERSONAJE-SAD	samples/voices/advanced-presets/hombre_40_firme_latam_personaje/triste.wav	false	false	APP_RESOURCE	APP_DEFAULT
VOC-PRESET-HOMBRE-40-FIRME-LATAM-PERSONAJE	Hombre 40 firme LATAM personaje	ANGRY	VOICE-SAMPLE-VOC-PRESET-HOMBRE-40-FIRME-LATAM-PERSONAJE-ANGRY	samples/voices/advanced-presets/hombre_40_firme_latam_personaje/enojada.wav	false	false	APP_RESOURCE	APP_DEFAULT
VOC-PRESET-HOMBRE-40-FIRME-LATAM-PERSONAJE	Hombre 40 firme LATAM personaje	SERIOUS	VOICE-SAMPLE-VOC-PRESET-HOMBRE-40-FIRME-LATAM-PERSONAJE-SERIOUS	samples/voices/advanced-presets/hombre_40_firme_latam_personaje/seria.wav	false	false	APP_RESOURCE	APP_DEFAULT
VOC-PRESET-HOMBRE-40-FIRME-LATAM-PERSONAJE	Hombre 40 firme LATAM personaje	CALM	VOICE-SAMPLE-VOC-PRESET-HOMBRE-40-FIRME-LATAM-PERSONAJE-CALM	samples/voices/advanced-presets/hombre_40_firme_latam_personaje/calmada.wav	false	false	APP_RESOURCE	APP_DEFAULT
VOC-PRESET-HOMBRE-40-FIRME-LATAM-PERSONAJE	Hombre 40 firme LATAM personaje	WORRIED	VOICE-SAMPLE-VOC-PRESET-HOMBRE-40-FIRME-LATAM-PERSONAJE-WORRIED	samples/voices/advanced-presets/hombre_40_firme_latam_personaje/preocupada.wav	false	false	APP_RESOURCE	APP_DEFAULT
VOC-PRESET-HOMBRE-40-FIRME-LATAM-PERSONAJE	Hombre 40 firme LATAM personaje	ENTHUSIASTIC	VOICE-SAMPLE-VOC-PRESET-HOMBRE-40-FIRME-LATAM-PERSONAJE-ENTHUSIASTIC	samples/voices/advanced-presets/hombre_40_firme_latam_personaje/entusiasmada.wav	false	false	APP_RESOURCE	APP_DEFAULT
VOC-PRESET-HOMBRE-40-FIRME-LATAM-PERSONAJE	Hombre 40 firme LATAM personaje	BORED	VOICE-SAMPLE-VOC-PRESET-HOMBRE-40-FIRME-LATAM-PERSONAJE-BORED	samples/voices/advanced-presets/hombre_40_firme_latam_personaje/aburrida.wav	false	false	APP_RESOURCE	APP_DEFAULT
VOC-PRESET-HOMBRE-40-FIRME-LATAM-PERSONAJE	Hombre 40 firme LATAM personaje	EUPHORIC	VOICE-SAMPLE-VOC-PRESET-HOMBRE-40-FIRME-LATAM-PERSONAJE-EUPHORIC	samples/voices/advanced-presets/hombre_40_firme_latam_personaje/euforica.wav	false	false	APP_RESOURCE	APP_DEFAULT
VOC-PRESET-HOMBRE-40-FIRME-LATAM-PERSONAJE	Hombre 40 firme LATAM personaje	MELANCHOLIC	VOICE-SAMPLE-VOC-PRESET-HOMBRE-40-FIRME-LATAM-PERSONAJE-MELANCHOLIC	samples/voices/advanced-presets/hombre_40_firme_latam_personaje/melancolica.wav	false	false	APP_RESOURCE	APP_DEFAULT
VOC-PRESET-HOMBRE-40-FIRME-LATAM-PERSONAJE	Hombre 40 firme LATAM personaje	NERVOUS	VOICE-SAMPLE-VOC-PRESET-HOMBRE-40-FIRME-LATAM-PERSONAJE-NERVOUS	samples/voices/advanced-presets/hombre_40_firme_latam_personaje/nerviosa.wav	false	false	APP_RESOURCE	APP_DEFAULT
VOC-PRESET-HOMBRE-40-FIRME-LATAM-PERSONAJE	Hombre 40 firme LATAM personaje	AFRAID	VOICE-SAMPLE-VOC-PRESET-HOMBRE-40-FIRME-LATAM-PERSONAJE-AFRAID	samples/voices/advanced-presets/hombre_40_firme_latam_personaje/asustada.wav	false	false	APP_RESOURCE	APP_DEFAULT
VOC-PRESET-HOMBRE-40-FIRME-LATAM-PERSONAJE	Hombre 40 firme LATAM personaje	SURPRISED	VOICE-SAMPLE-VOC-PRESET-HOMBRE-40-FIRME-LATAM-PERSONAJE-SURPRISED	samples/voices/advanced-presets/hombre_40_firme_latam_personaje/sorprendida.wav	false	false	APP_RESOURCE	APP_DEFAULT
VOC-PRESET-HOMBRE-40-FIRME-LATAM-PERSONAJE	Hombre 40 firme LATAM personaje	DOUBTFUL	VOICE-SAMPLE-VOC-PRESET-HOMBRE-40-FIRME-LATAM-PERSONAJE-DOUBTFUL	samples/voices/advanced-presets/hombre_40_firme_latam_personaje/dudosa.wav	false	false	APP_RESOURCE	APP_DEFAULT
VOC-PRESET-HOMBRE-40-FIRME-LATAM-PERSONAJE	Hombre 40 firme LATAM personaje	TIRED	VOICE-SAMPLE-VOC-PRESET-HOMBRE-40-FIRME-LATAM-PERSONAJE-TIRED	samples/voices/advanced-presets/hombre_40_firme_latam_personaje/cansada.wav	false	false	APP_RESOURCE	APP_DEFAULT
VOC-PRESET-HOMBRE-40-FIRME-LATAM-PERSONAJE	Hombre 40 firme LATAM personaje	PLEADING	VOICE-SAMPLE-VOC-PRESET-HOMBRE-40-FIRME-LATAM-PERSONAJE-PLEADING	samples/voices/advanced-presets/hombre_40_firme_latam_personaje/suplicante.wav	false	false	APP_RESOURCE	APP_DEFAULT
VOC-PRESET-HOMBRE-40-FIRME-LATAM-PERSONAJE	Hombre 40 firme LATAM personaje	AUTHORITATIVE	VOICE-SAMPLE-VOC-PRESET-HOMBRE-40-FIRME-LATAM-PERSONAJE-AUTHORITATIVE	samples/voices/advanced-presets/hombre_40_firme_latam_personaje/autoritaria.wav	false	false	APP_RESOURCE	APP_DEFAULT
VOC-PRESET-HOMBRE-40-FIRME-LATAM-PERSONAJE	Hombre 40 firme LATAM personaje	IRONIC	VOICE-SAMPLE-VOC-PRESET-HOMBRE-40-FIRME-LATAM-PERSONAJE-IRONIC	samples/voices/advanced-presets/hombre_40_firme_latam_personaje/ironica.wav	false	false	APP_RESOURCE	APP_DEFAULT
VOC-PRESET-HOMBRE-40-FIRME-LATAM-PERSONAJE	Hombre 40 firme LATAM personaje	SARCASTIC	VOICE-SAMPLE-VOC-PRESET-HOMBRE-40-FIRME-LATAM-PERSONAJE-SARCASTIC	samples/voices/advanced-presets/hombre_40_firme_latam_personaje/sarcastica.wav	false	false	APP_RESOURCE	APP_DEFAULT
VOC-PRESET-HOMBRE-40-FIRME-LATAM-PERSONAJE	Hombre 40 firme LATAM personaje	MYSTERIOUS	VOICE-SAMPLE-VOC-PRESET-HOMBRE-40-FIRME-LATAM-PERSONAJE-MYSTERIOUS	samples/voices/advanced-presets/hombre_40_firme_latam_personaje/misteriosa.wav	false	false	APP_RESOURCE	APP_DEFAULT
VOC-PRESET-HOMBRE-40-FIRME-LATAM-PERSONAJE	Hombre 40 firme LATAM personaje	SOLEMN	VOICE-SAMPLE-VOC-PRESET-HOMBRE-40-FIRME-LATAM-PERSONAJE-SOLEMN	samples/voices/advanced-presets/hombre_40_firme_latam_personaje/solemne.wav	false	false	APP_RESOURCE	APP_DEFAULT
VOC-PRESET-HOMBRE-40-FIRME-LATAM-PERSONAJE	Hombre 40 firme LATAM personaje	HEROIC	VOICE-SAMPLE-VOC-PRESET-HOMBRE-40-FIRME-LATAM-PERSONAJE-HEROIC	samples/voices/advanced-presets/hombre_40_firme_latam_personaje/heroica.wav	false	false	APP_RESOURCE	APP_DEFAULT
VOC-PRESET-HOMBRE-40-FIRME-LATAM-PERSONAJE	Hombre 40 firme LATAM personaje	DRAMATIC	VOICE-SAMPLE-VOC-PRESET-HOMBRE-40-FIRME-LATAM-PERSONAJE-DRAMATIC	samples/voices/advanced-presets/hombre_40_firme_latam_personaje/dramatica.wav	false	false	APP_RESOURCE	APP_DEFAULT
VOC-PRESET-HOMBRE-40-FIRME-LATAM-PERSONAJE	Hombre 40 firme LATAM personaje	TENSE	VOICE-SAMPLE-VOC-PRESET-HOMBRE-40-FIRME-LATAM-PERSONAJE-TENSE	samples/voices/advanced-presets/hombre_40_firme_latam_personaje/tensa.wav	false	false	APP_RESOURCE	APP_DEFAULT
VOC-PRESET-HOMBRE-40-FIRME-LATAM-PERSONAJE	Hombre 40 firme LATAM personaje	RUSHED	VOICE-SAMPLE-VOC-PRESET-HOMBRE-40-FIRME-LATAM-PERSONAJE-RUSHED	samples/voices/advanced-presets/hombre_40_firme_latam_personaje/apurada.wav	false	false	APP_RESOURCE	APP_DEFAULT
VOC-PRESET-HOMBRE-40-FIRME-LATAM-PERSONAJE	Hombre 40 firme LATAM personaje	CONFUSED	VOICE-SAMPLE-VOC-PRESET-HOMBRE-40-FIRME-LATAM-PERSONAJE-CONFUSED	samples/voices/advanced-presets/hombre_40_firme_latam_personaje/confundida.wav	false	false	APP_RESOURCE	APP_DEFAULT
VOC-PRESET-HOMBRE-40-FIRME-LATAM-PERSONAJE	Hombre 40 firme LATAM personaje	TENDER	VOICE-SAMPLE-VOC-PRESET-HOMBRE-40-FIRME-LATAM-PERSONAJE-TENDER	samples/voices/advanced-presets/hombre_40_firme_latam_personaje/tierna.wav	false	false	APP_RESOURCE	APP_DEFAULT
VOC-PRESET-HOMBRE-40-FIRME-LATAM-PERSONAJE	Hombre 40 firme LATAM personaje	COLD	VOICE-SAMPLE-VOC-PRESET-HOMBRE-40-FIRME-LATAM-PERSONAJE-COLD	samples/voices/advanced-presets/hombre_40_firme_latam_personaje/fria.wav	false	false	APP_RESOURCE	APP_DEFAULT
VOC-PRESET-HOMBRE-40-FIRME-LATAM-PERSONAJE	Hombre 40 firme LATAM personaje	MOCKING	VOICE-SAMPLE-VOC-PRESET-HOMBRE-40-FIRME-LATAM-PERSONAJE-MOCKING	samples/voices/advanced-presets/hombre_40_firme_latam_personaje/burlona.wav	false	false	APP_RESOURCE	APP_DEFAULT
VOC-PRESET-HOMBRE-40-FIRME-LATAM-PERSONAJE	Hombre 40 firme LATAM personaje	DISTRUSTFUL	VOICE-SAMPLE-VOC-PRESET-HOMBRE-40-FIRME-LATAM-PERSONAJE-DISTRUSTFUL	samples/voices/advanced-presets/hombre_40_firme_latam_personaje/desconfiada.wav	false	false	APP_RESOURCE	APP_DEFAULT
VOC-PRESET-HOMBRE-40-FIRME-LATAM-PERSONAJE	Hombre 40 firme LATAM personaje	REPENTANT	VOICE-SAMPLE-VOC-PRESET-HOMBRE-40-FIRME-LATAM-PERSONAJE-REPENTANT	samples/voices/advanced-presets/hombre_40_firme_latam_personaje/arrepentida.wav	false	false	APP_RESOURCE	APP_DEFAULT
VOC-PRESET-HOMBRE-40-FIRME-LATAM-PERSONAJE	Hombre 40 firme LATAM personaje	VULNERABLE	VOICE-SAMPLE-VOC-PRESET-HOMBRE-40-FIRME-LATAM-PERSONAJE-VULNERABLE	samples/voices/advanced-presets/hombre_40_firme_latam_personaje/vulnerable.wav	false	false	APP_RESOURCE	APP_DEFAULT
VOC-PRESET-HOMBRE-40-FIRME-LATAM-PERSONAJE	Hombre 40 firme LATAM personaje	HOPEFUL	VOICE-SAMPLE-VOC-PRESET-HOMBRE-40-FIRME-LATAM-PERSONAJE-HOPEFUL	samples/voices/advanced-presets/hombre_40_firme_latam_personaje/esperanzada.wav	false	false	APP_RESOURCE	APP_DEFAULT
VOC-PRESET-HOMBRE-40-FIRME-LATAM-PERSONAJE	Hombre 40 firme LATAM personaje	RESIGNED	VOICE-SAMPLE-VOC-PRESET-HOMBRE-40-FIRME-LATAM-PERSONAJE-RESIGNED	samples/voices/advanced-presets/hombre_40_firme_latam_personaje/resignada.wav	false	false	APP_RESOURCE	APP_DEFAULT
VOC-PRESET-HOMBRE-40-FIRME-LATAM-PERSONAJE	Hombre 40 firme LATAM personaje	THREATENING	VOICE-SAMPLE-VOC-PRESET-HOMBRE-40-FIRME-LATAM-PERSONAJE-THREATENING	samples/voices/advanced-presets/hombre_40_firme_latam_personaje/amenazante.wav	false	false	APP_RESOURCE	APP_DEFAULT
VOC-PRESET-HOMBRE-40-FIRME-LATAM-PERSONAJE	Hombre 40 firme LATAM personaje	DEFIANT	VOICE-SAMPLE-VOC-PRESET-HOMBRE-40-FIRME-LATAM-PERSONAJE-DEFIANT	samples/voices/advanced-presets/hombre_40_firme_latam_personaje/desafiante.wav	false	false	APP_RESOURCE	APP_DEFAULT
VOC-PRESET-HOMBRE-40-FIRME-LATAM-PERSONAJE	Hombre 40 firme LATAM personaje	SEDUCTIVE_NON_EXPLICIT	VOICE-SAMPLE-VOC-PRESET-HOMBRE-40-FIRME-LATAM-PERSONAJE-SEDUCTIVE_NON_EXPLICIT	samples/voices/advanced-presets/hombre_40_firme_latam_personaje/sutil.wav	false	false	APP_RESOURCE	APP_DEFAULT
VOC-PRESET-HOMBRE-40-CONVERSACIONAL-LATAM-DIALOGO	Hombre 40 conversacional LATAM dialogo	NEUTRAL	VOICE-SAMPLE-VOC-PRESET-HOMBRE-40-CONVERSACIONAL-LATAM-DIALOGO-NEUTRAL	samples/voices/advanced-presets/hombre_40_conversacional_latam_dialogo/neutral.wav	false	false	APP_RESOURCE	APP_DEFAULT
VOC-PRESET-HOMBRE-40-CONVERSACIONAL-LATAM-DIALOGO	Hombre 40 conversacional LATAM dialogo	HAPPY	VOICE-SAMPLE-VOC-PRESET-HOMBRE-40-CONVERSACIONAL-LATAM-DIALOGO-HAPPY	samples/voices/advanced-presets/hombre_40_conversacional_latam_dialogo/feliz.wav	false	false	APP_RESOURCE	APP_DEFAULT
VOC-PRESET-HOMBRE-40-CONVERSACIONAL-LATAM-DIALOGO	Hombre 40 conversacional LATAM dialogo	SAD	VOICE-SAMPLE-VOC-PRESET-HOMBRE-40-CONVERSACIONAL-LATAM-DIALOGO-SAD	samples/voices/advanced-presets/hombre_40_conversacional_latam_dialogo/triste.wav	false	false	APP_RESOURCE	APP_DEFAULT
VOC-PRESET-HOMBRE-40-CONVERSACIONAL-LATAM-DIALOGO	Hombre 40 conversacional LATAM dialogo	ANGRY	VOICE-SAMPLE-VOC-PRESET-HOMBRE-40-CONVERSACIONAL-LATAM-DIALOGO-ANGRY	samples/voices/advanced-presets/hombre_40_conversacional_latam_dialogo/enojada.wav	false	false	APP_RESOURCE	APP_DEFAULT
VOC-PRESET-HOMBRE-40-CONVERSACIONAL-LATAM-DIALOGO	Hombre 40 conversacional LATAM dialogo	SERIOUS	VOICE-SAMPLE-VOC-PRESET-HOMBRE-40-CONVERSACIONAL-LATAM-DIALOGO-SERIOUS	samples/voices/advanced-presets/hombre_40_conversacional_latam_dialogo/seria.wav	false	false	APP_RESOURCE	APP_DEFAULT
VOC-PRESET-HOMBRE-40-CONVERSACIONAL-LATAM-DIALOGO	Hombre 40 conversacional LATAM dialogo	CALM	VOICE-SAMPLE-VOC-PRESET-HOMBRE-40-CONVERSACIONAL-LATAM-DIALOGO-CALM	samples/voices/advanced-presets/hombre_40_conversacional_latam_dialogo/calmada.wav	false	false	APP_RESOURCE	APP_DEFAULT
VOC-PRESET-HOMBRE-40-CONVERSACIONAL-LATAM-DIALOGO	Hombre 40 conversacional LATAM dialogo	WORRIED	VOICE-SAMPLE-VOC-PRESET-HOMBRE-40-CONVERSACIONAL-LATAM-DIALOGO-WORRIED	samples/voices/advanced-presets/hombre_40_conversacional_latam_dialogo/preocupada.wav	false	false	APP_RESOURCE	APP_DEFAULT
VOC-PRESET-HOMBRE-40-CONVERSACIONAL-LATAM-DIALOGO	Hombre 40 conversacional LATAM dialogo	ENTHUSIASTIC	VOICE-SAMPLE-VOC-PRESET-HOMBRE-40-CONVERSACIONAL-LATAM-DIALOGO-ENTHUSIASTIC	samples/voices/advanced-presets/hombre_40_conversacional_latam_dialogo/entusiasmada.wav	false	false	APP_RESOURCE	APP_DEFAULT
VOC-PRESET-HOMBRE-40-CONVERSACIONAL-LATAM-DIALOGO	Hombre 40 conversacional LATAM dialogo	BORED	VOICE-SAMPLE-VOC-PRESET-HOMBRE-40-CONVERSACIONAL-LATAM-DIALOGO-BORED	samples/voices/advanced-presets/hombre_40_conversacional_latam_dialogo/aburrida.wav	false	false	APP_RESOURCE	APP_DEFAULT
VOC-PRESET-HOMBRE-40-CONVERSACIONAL-LATAM-DIALOGO	Hombre 40 conversacional LATAM dialogo	EUPHORIC	VOICE-SAMPLE-VOC-PRESET-HOMBRE-40-CONVERSACIONAL-LATAM-DIALOGO-EUPHORIC	samples/voices/advanced-presets/hombre_40_conversacional_latam_dialogo/euforica.wav	false	false	APP_RESOURCE	APP_DEFAULT
VOC-PRESET-HOMBRE-40-CONVERSACIONAL-LATAM-DIALOGO	Hombre 40 conversacional LATAM dialogo	MELANCHOLIC	VOICE-SAMPLE-VOC-PRESET-HOMBRE-40-CONVERSACIONAL-LATAM-DIALOGO-MELANCHOLIC	samples/voices/advanced-presets/hombre_40_conversacional_latam_dialogo/melancolica.wav	false	false	APP_RESOURCE	APP_DEFAULT
VOC-PRESET-HOMBRE-40-CONVERSACIONAL-LATAM-DIALOGO	Hombre 40 conversacional LATAM dialogo	NERVOUS	VOICE-SAMPLE-VOC-PRESET-HOMBRE-40-CONVERSACIONAL-LATAM-DIALOGO-NERVOUS	samples/voices/advanced-presets/hombre_40_conversacional_latam_dialogo/nerviosa.wav	false	false	APP_RESOURCE	APP_DEFAULT
VOC-PRESET-HOMBRE-40-CONVERSACIONAL-LATAM-DIALOGO	Hombre 40 conversacional LATAM dialogo	AFRAID	VOICE-SAMPLE-VOC-PRESET-HOMBRE-40-CONVERSACIONAL-LATAM-DIALOGO-AFRAID	samples/voices/advanced-presets/hombre_40_conversacional_latam_dialogo/asustada.wav	false	false	APP_RESOURCE	APP_DEFAULT
VOC-PRESET-HOMBRE-40-CONVERSACIONAL-LATAM-DIALOGO	Hombre 40 conversacional LATAM dialogo	SURPRISED	VOICE-SAMPLE-VOC-PRESET-HOMBRE-40-CONVERSACIONAL-LATAM-DIALOGO-SURPRISED	samples/voices/advanced-presets/hombre_40_conversacional_latam_dialogo/sorprendida.wav	false	false	APP_RESOURCE	APP_DEFAULT
VOC-PRESET-HOMBRE-40-CONVERSACIONAL-LATAM-DIALOGO	Hombre 40 conversacional LATAM dialogo	DOUBTFUL	VOICE-SAMPLE-VOC-PRESET-HOMBRE-40-CONVERSACIONAL-LATAM-DIALOGO-DOUBTFUL	samples/voices/advanced-presets/hombre_40_conversacional_latam_dialogo/dudosa.wav	false	false	APP_RESOURCE	APP_DEFAULT
VOC-PRESET-HOMBRE-40-CONVERSACIONAL-LATAM-DIALOGO	Hombre 40 conversacional LATAM dialogo	TIRED	VOICE-SAMPLE-VOC-PRESET-HOMBRE-40-CONVERSACIONAL-LATAM-DIALOGO-TIRED	samples/voices/advanced-presets/hombre_40_conversacional_latam_dialogo/cansada.wav	false	false	APP_RESOURCE	APP_DEFAULT
VOC-PRESET-HOMBRE-40-CONVERSACIONAL-LATAM-DIALOGO	Hombre 40 conversacional LATAM dialogo	PLEADING	VOICE-SAMPLE-VOC-PRESET-HOMBRE-40-CONVERSACIONAL-LATAM-DIALOGO-PLEADING	samples/voices/advanced-presets/hombre_40_conversacional_latam_dialogo/suplicante.wav	false	false	APP_RESOURCE	APP_DEFAULT
VOC-PRESET-HOMBRE-40-CONVERSACIONAL-LATAM-DIALOGO	Hombre 40 conversacional LATAM dialogo	AUTHORITATIVE	VOICE-SAMPLE-VOC-PRESET-HOMBRE-40-CONVERSACIONAL-LATAM-DIALOGO-AUTHORITATIVE	samples/voices/advanced-presets/hombre_40_conversacional_latam_dialogo/autoritaria.wav	false	false	APP_RESOURCE	APP_DEFAULT
VOC-PRESET-HOMBRE-40-CONVERSACIONAL-LATAM-DIALOGO	Hombre 40 conversacional LATAM dialogo	IRONIC	VOICE-SAMPLE-VOC-PRESET-HOMBRE-40-CONVERSACIONAL-LATAM-DIALOGO-IRONIC	samples/voices/advanced-presets/hombre_40_conversacional_latam_dialogo/ironica.wav	false	false	APP_RESOURCE	APP_DEFAULT
VOC-PRESET-HOMBRE-40-CONVERSACIONAL-LATAM-DIALOGO	Hombre 40 conversacional LATAM dialogo	SARCASTIC	VOICE-SAMPLE-VOC-PRESET-HOMBRE-40-CONVERSACIONAL-LATAM-DIALOGO-SARCASTIC	samples/voices/advanced-presets/hombre_40_conversacional_latam_dialogo/sarcastica.wav	false	false	APP_RESOURCE	APP_DEFAULT
VOC-PRESET-HOMBRE-40-CONVERSACIONAL-LATAM-DIALOGO	Hombre 40 conversacional LATAM dialogo	MYSTERIOUS	VOICE-SAMPLE-VOC-PRESET-HOMBRE-40-CONVERSACIONAL-LATAM-DIALOGO-MYSTERIOUS	samples/voices/advanced-presets/hombre_40_conversacional_latam_dialogo/misteriosa.wav	false	false	APP_RESOURCE	APP_DEFAULT
VOC-PRESET-HOMBRE-40-CONVERSACIONAL-LATAM-DIALOGO	Hombre 40 conversacional LATAM dialogo	SOLEMN	VOICE-SAMPLE-VOC-PRESET-HOMBRE-40-CONVERSACIONAL-LATAM-DIALOGO-SOLEMN	samples/voices/advanced-presets/hombre_40_conversacional_latam_dialogo/solemne.wav	false	false	APP_RESOURCE	APP_DEFAULT
VOC-PRESET-HOMBRE-40-CONVERSACIONAL-LATAM-DIALOGO	Hombre 40 conversacional LATAM dialogo	HEROIC	VOICE-SAMPLE-VOC-PRESET-HOMBRE-40-CONVERSACIONAL-LATAM-DIALOGO-HEROIC	samples/voices/advanced-presets/hombre_40_conversacional_latam_dialogo/heroica.wav	false	false	APP_RESOURCE	APP_DEFAULT
VOC-PRESET-HOMBRE-40-CONVERSACIONAL-LATAM-DIALOGO	Hombre 40 conversacional LATAM dialogo	DRAMATIC	VOICE-SAMPLE-VOC-PRESET-HOMBRE-40-CONVERSACIONAL-LATAM-DIALOGO-DRAMATIC	samples/voices/advanced-presets/hombre_40_conversacional_latam_dialogo/dramatica.wav	false	false	APP_RESOURCE	APP_DEFAULT
VOC-PRESET-HOMBRE-40-CONVERSACIONAL-LATAM-DIALOGO	Hombre 40 conversacional LATAM dialogo	TENSE	VOICE-SAMPLE-VOC-PRESET-HOMBRE-40-CONVERSACIONAL-LATAM-DIALOGO-TENSE	samples/voices/advanced-presets/hombre_40_conversacional_latam_dialogo/tensa.wav	false	false	APP_RESOURCE	APP_DEFAULT
VOC-PRESET-HOMBRE-40-CONVERSACIONAL-LATAM-DIALOGO	Hombre 40 conversacional LATAM dialogo	RUSHED	VOICE-SAMPLE-VOC-PRESET-HOMBRE-40-CONVERSACIONAL-LATAM-DIALOGO-RUSHED	samples/voices/advanced-presets/hombre_40_conversacional_latam_dialogo/apurada.wav	false	false	APP_RESOURCE	APP_DEFAULT
VOC-PRESET-HOMBRE-40-CONVERSACIONAL-LATAM-DIALOGO	Hombre 40 conversacional LATAM dialogo	CONFUSED	VOICE-SAMPLE-VOC-PRESET-HOMBRE-40-CONVERSACIONAL-LATAM-DIALOGO-CONFUSED	samples/voices/advanced-presets/hombre_40_conversacional_latam_dialogo/confundida.wav	false	false	APP_RESOURCE	APP_DEFAULT
VOC-PRESET-HOMBRE-40-CONVERSACIONAL-LATAM-DIALOGO	Hombre 40 conversacional LATAM dialogo	TENDER	VOICE-SAMPLE-VOC-PRESET-HOMBRE-40-CONVERSACIONAL-LATAM-DIALOGO-TENDER	samples/voices/advanced-presets/hombre_40_conversacional_latam_dialogo/tierna.wav	false	false	APP_RESOURCE	APP_DEFAULT
VOC-PRESET-HOMBRE-40-CONVERSACIONAL-LATAM-DIALOGO	Hombre 40 conversacional LATAM dialogo	COLD	VOICE-SAMPLE-VOC-PRESET-HOMBRE-40-CONVERSACIONAL-LATAM-DIALOGO-COLD	samples/voices/advanced-presets/hombre_40_conversacional_latam_dialogo/fria.wav	false	false	APP_RESOURCE	APP_DEFAULT
VOC-PRESET-HOMBRE-40-CONVERSACIONAL-LATAM-DIALOGO	Hombre 40 conversacional LATAM dialogo	MOCKING	VOICE-SAMPLE-VOC-PRESET-HOMBRE-40-CONVERSACIONAL-LATAM-DIALOGO-MOCKING	samples/voices/advanced-presets/hombre_40_conversacional_latam_dialogo/burlona.wav	false	false	APP_RESOURCE	APP_DEFAULT
VOC-PRESET-HOMBRE-40-CONVERSACIONAL-LATAM-DIALOGO	Hombre 40 conversacional LATAM dialogo	DISTRUSTFUL	VOICE-SAMPLE-VOC-PRESET-HOMBRE-40-CONVERSACIONAL-LATAM-DIALOGO-DISTRUSTFUL	samples/voices/advanced-presets/hombre_40_conversacional_latam_dialogo/desconfiada.wav	false	false	APP_RESOURCE	APP_DEFAULT
VOC-PRESET-HOMBRE-40-CONVERSACIONAL-LATAM-DIALOGO	Hombre 40 conversacional LATAM dialogo	REPENTANT	VOICE-SAMPLE-VOC-PRESET-HOMBRE-40-CONVERSACIONAL-LATAM-DIALOGO-REPENTANT	samples/voices/advanced-presets/hombre_40_conversacional_latam_dialogo/arrepentida.wav	false	false	APP_RESOURCE	APP_DEFAULT
VOC-PRESET-HOMBRE-40-CONVERSACIONAL-LATAM-DIALOGO	Hombre 40 conversacional LATAM dialogo	VULNERABLE	VOICE-SAMPLE-VOC-PRESET-HOMBRE-40-CONVERSACIONAL-LATAM-DIALOGO-VULNERABLE	samples/voices/advanced-presets/hombre_40_conversacional_latam_dialogo/vulnerable.wav	false	false	APP_RESOURCE	APP_DEFAULT
VOC-PRESET-HOMBRE-40-CONVERSACIONAL-LATAM-DIALOGO	Hombre 40 conversacional LATAM dialogo	HOPEFUL	VOICE-SAMPLE-VOC-PRESET-HOMBRE-40-CONVERSACIONAL-LATAM-DIALOGO-HOPEFUL	samples/voices/advanced-presets/hombre_40_conversacional_latam_dialogo/esperanzada.wav	false	false	APP_RESOURCE	APP_DEFAULT
VOC-PRESET-HOMBRE-40-CONVERSACIONAL-LATAM-DIALOGO	Hombre 40 conversacional LATAM dialogo	RESIGNED	VOICE-SAMPLE-VOC-PRESET-HOMBRE-40-CONVERSACIONAL-LATAM-DIALOGO-RESIGNED	samples/voices/advanced-presets/hombre_40_conversacional_latam_dialogo/resignada.wav	false	false	APP_RESOURCE	APP_DEFAULT
VOC-PRESET-HOMBRE-40-CONVERSACIONAL-LATAM-DIALOGO	Hombre 40 conversacional LATAM dialogo	THREATENING	VOICE-SAMPLE-VOC-PRESET-HOMBRE-40-CONVERSACIONAL-LATAM-DIALOGO-THREATENING	samples/voices/advanced-presets/hombre_40_conversacional_latam_dialogo/amenazante.wav	false	false	APP_RESOURCE	APP_DEFAULT
VOC-PRESET-HOMBRE-40-CONVERSACIONAL-LATAM-DIALOGO	Hombre 40 conversacional LATAM dialogo	DEFIANT	VOICE-SAMPLE-VOC-PRESET-HOMBRE-40-CONVERSACIONAL-LATAM-DIALOGO-DEFIANT	samples/voices/advanced-presets/hombre_40_conversacional_latam_dialogo/desafiante.wav	false	false	APP_RESOURCE	APP_DEFAULT
VOC-PRESET-HOMBRE-40-CONVERSACIONAL-LATAM-DIALOGO	Hombre 40 conversacional LATAM dialogo	SEDUCTIVE_NON_EXPLICIT	VOICE-SAMPLE-VOC-PRESET-HOMBRE-40-CONVERSACIONAL-LATAM-DIALOGO-SEDUCTIVE_NON_EXPLICIT	samples/voices/advanced-presets/hombre_40_conversacional_latam_dialogo/sutil.wav	false	false	APP_RESOURCE	APP_DEFAULT
VOC-PRESET-MUJER-20-ENTUSIASTA-LATAM-PERSONAJE	Mujer 20 entusiasta LATAM personaje	NEUTRAL	VOICE-SAMPLE-VOC-PRESET-MUJER-20-ENTUSIASTA-LATAM-PERSONAJE-NEUTRAL	samples/voices/advanced-presets/mujer_20_entusiasta_latam_personaje/neutral.wav	false	false	APP_RESOURCE	APP_DEFAULT
VOC-PRESET-MUJER-20-ENTUSIASTA-LATAM-PERSONAJE	Mujer 20 entusiasta LATAM personaje	HAPPY	VOICE-SAMPLE-VOC-PRESET-MUJER-20-ENTUSIASTA-LATAM-PERSONAJE-HAPPY	samples/voices/advanced-presets/mujer_20_entusiasta_latam_personaje/feliz.wav	false	false	APP_RESOURCE	APP_DEFAULT
VOC-PRESET-MUJER-20-ENTUSIASTA-LATAM-PERSONAJE	Mujer 20 entusiasta LATAM personaje	SAD	VOICE-SAMPLE-VOC-PRESET-MUJER-20-ENTUSIASTA-LATAM-PERSONAJE-SAD	samples/voices/advanced-presets/mujer_20_entusiasta_latam_personaje/triste.wav	false	false	APP_RESOURCE	APP_DEFAULT
VOC-PRESET-MUJER-20-ENTUSIASTA-LATAM-PERSONAJE	Mujer 20 entusiasta LATAM personaje	ANGRY	VOICE-SAMPLE-VOC-PRESET-MUJER-20-ENTUSIASTA-LATAM-PERSONAJE-ANGRY	samples/voices/advanced-presets/mujer_20_entusiasta_latam_personaje/enojada.wav	false	false	APP_RESOURCE	APP_DEFAULT
VOC-PRESET-MUJER-20-ENTUSIASTA-LATAM-PERSONAJE	Mujer 20 entusiasta LATAM personaje	SERIOUS	VOICE-SAMPLE-VOC-PRESET-MUJER-20-ENTUSIASTA-LATAM-PERSONAJE-SERIOUS	samples/voices/advanced-presets/mujer_20_entusiasta_latam_personaje/seria.wav	false	false	APP_RESOURCE	APP_DEFAULT
VOC-PRESET-MUJER-20-ENTUSIASTA-LATAM-PERSONAJE	Mujer 20 entusiasta LATAM personaje	CALM	VOICE-SAMPLE-VOC-PRESET-MUJER-20-ENTUSIASTA-LATAM-PERSONAJE-CALM	samples/voices/advanced-presets/mujer_20_entusiasta_latam_personaje/calmada.wav	false	false	APP_RESOURCE	APP_DEFAULT
VOC-PRESET-MUJER-20-ENTUSIASTA-LATAM-PERSONAJE	Mujer 20 entusiasta LATAM personaje	WORRIED	VOICE-SAMPLE-VOC-PRESET-MUJER-20-ENTUSIASTA-LATAM-PERSONAJE-WORRIED	samples/voices/advanced-presets/mujer_20_entusiasta_latam_personaje/preocupada.wav	false	false	APP_RESOURCE	APP_DEFAULT
VOC-PRESET-MUJER-20-ENTUSIASTA-LATAM-PERSONAJE	Mujer 20 entusiasta LATAM personaje	ENTHUSIASTIC	VOICE-SAMPLE-VOC-PRESET-MUJER-20-ENTUSIASTA-LATAM-PERSONAJE-ENTHUSIASTIC	samples/voices/advanced-presets/mujer_20_entusiasta_latam_personaje/entusiasmada.wav	false	false	APP_RESOURCE	APP_DEFAULT
VOC-PRESET-MUJER-20-ENTUSIASTA-LATAM-PERSONAJE	Mujer 20 entusiasta LATAM personaje	BORED	VOICE-SAMPLE-VOC-PRESET-MUJER-20-ENTUSIASTA-LATAM-PERSONAJE-BORED	samples/voices/advanced-presets/mujer_20_entusiasta_latam_personaje/aburrida.wav	false	false	APP_RESOURCE	APP_DEFAULT
VOC-PRESET-MUJER-20-ENTUSIASTA-LATAM-PERSONAJE	Mujer 20 entusiasta LATAM personaje	EUPHORIC	VOICE-SAMPLE-VOC-PRESET-MUJER-20-ENTUSIASTA-LATAM-PERSONAJE-EUPHORIC	samples/voices/advanced-presets/mujer_20_entusiasta_latam_personaje/euforica.wav	false	false	APP_RESOURCE	APP_DEFAULT
VOC-PRESET-MUJER-20-ENTUSIASTA-LATAM-PERSONAJE	Mujer 20 entusiasta LATAM personaje	MELANCHOLIC	VOICE-SAMPLE-VOC-PRESET-MUJER-20-ENTUSIASTA-LATAM-PERSONAJE-MELANCHOLIC	samples/voices/advanced-presets/mujer_20_entusiasta_latam_personaje/melancolica.wav	false	false	APP_RESOURCE	APP_DEFAULT
VOC-PRESET-MUJER-20-ENTUSIASTA-LATAM-PERSONAJE	Mujer 20 entusiasta LATAM personaje	NERVOUS	VOICE-SAMPLE-VOC-PRESET-MUJER-20-ENTUSIASTA-LATAM-PERSONAJE-NERVOUS	samples/voices/advanced-presets/mujer_20_entusiasta_latam_personaje/nerviosa.wav	false	false	APP_RESOURCE	APP_DEFAULT
VOC-PRESET-MUJER-20-ENTUSIASTA-LATAM-PERSONAJE	Mujer 20 entusiasta LATAM personaje	AFRAID	VOICE-SAMPLE-VOC-PRESET-MUJER-20-ENTUSIASTA-LATAM-PERSONAJE-AFRAID	samples/voices/advanced-presets/mujer_20_entusiasta_latam_personaje/asustada.wav	false	false	APP_RESOURCE	APP_DEFAULT
VOC-PRESET-MUJER-20-ENTUSIASTA-LATAM-PERSONAJE	Mujer 20 entusiasta LATAM personaje	SURPRISED	VOICE-SAMPLE-VOC-PRESET-MUJER-20-ENTUSIASTA-LATAM-PERSONAJE-SURPRISED	samples/voices/advanced-presets/mujer_20_entusiasta_latam_personaje/sorprendida.wav	false	false	APP_RESOURCE	APP_DEFAULT
VOC-PRESET-MUJER-20-ENTUSIASTA-LATAM-PERSONAJE	Mujer 20 entusiasta LATAM personaje	DOUBTFUL	VOICE-SAMPLE-VOC-PRESET-MUJER-20-ENTUSIASTA-LATAM-PERSONAJE-DOUBTFUL	samples/voices/advanced-presets/mujer_20_entusiasta_latam_personaje/dudosa.wav	false	false	APP_RESOURCE	APP_DEFAULT
VOC-PRESET-MUJER-20-ENTUSIASTA-LATAM-PERSONAJE	Mujer 20 entusiasta LATAM personaje	TIRED	VOICE-SAMPLE-VOC-PRESET-MUJER-20-ENTUSIASTA-LATAM-PERSONAJE-TIRED	samples/voices/advanced-presets/mujer_20_entusiasta_latam_personaje/cansada.wav	false	false	APP_RESOURCE	APP_DEFAULT
VOC-PRESET-MUJER-20-ENTUSIASTA-LATAM-PERSONAJE	Mujer 20 entusiasta LATAM personaje	PLEADING	VOICE-SAMPLE-VOC-PRESET-MUJER-20-ENTUSIASTA-LATAM-PERSONAJE-PLEADING	samples/voices/advanced-presets/mujer_20_entusiasta_latam_personaje/suplicante.wav	false	false	APP_RESOURCE	APP_DEFAULT
VOC-PRESET-MUJER-20-ENTUSIASTA-LATAM-PERSONAJE	Mujer 20 entusiasta LATAM personaje	AUTHORITATIVE	VOICE-SAMPLE-VOC-PRESET-MUJER-20-ENTUSIASTA-LATAM-PERSONAJE-AUTHORITATIVE	samples/voices/advanced-presets/mujer_20_entusiasta_latam_personaje/autoritaria.wav	false	false	APP_RESOURCE	APP_DEFAULT
VOC-PRESET-MUJER-20-ENTUSIASTA-LATAM-PERSONAJE	Mujer 20 entusiasta LATAM personaje	IRONIC	VOICE-SAMPLE-VOC-PRESET-MUJER-20-ENTUSIASTA-LATAM-PERSONAJE-IRONIC	samples/voices/advanced-presets/mujer_20_entusiasta_latam_personaje/ironica.wav	false	false	APP_RESOURCE	APP_DEFAULT
VOC-PRESET-MUJER-20-ENTUSIASTA-LATAM-PERSONAJE	Mujer 20 entusiasta LATAM personaje	SARCASTIC	VOICE-SAMPLE-VOC-PRESET-MUJER-20-ENTUSIASTA-LATAM-PERSONAJE-SARCASTIC	samples/voices/advanced-presets/mujer_20_entusiasta_latam_personaje/sarcastica.wav	false	false	APP_RESOURCE	APP_DEFAULT
VOC-PRESET-MUJER-20-ENTUSIASTA-LATAM-PERSONAJE	Mujer 20 entusiasta LATAM personaje	MYSTERIOUS	VOICE-SAMPLE-VOC-PRESET-MUJER-20-ENTUSIASTA-LATAM-PERSONAJE-MYSTERIOUS	samples/voices/advanced-presets/mujer_20_entusiasta_latam_personaje/misteriosa.wav	false	false	APP_RESOURCE	APP_DEFAULT
VOC-PRESET-MUJER-20-ENTUSIASTA-LATAM-PERSONAJE	Mujer 20 entusiasta LATAM personaje	SOLEMN	VOICE-SAMPLE-VOC-PRESET-MUJER-20-ENTUSIASTA-LATAM-PERSONAJE-SOLEMN	samples/voices/advanced-presets/mujer_20_entusiasta_latam_personaje/solemne.wav	false	false	APP_RESOURCE	APP_DEFAULT
VOC-PRESET-MUJER-20-ENTUSIASTA-LATAM-PERSONAJE	Mujer 20 entusiasta LATAM personaje	HEROIC	VOICE-SAMPLE-VOC-PRESET-MUJER-20-ENTUSIASTA-LATAM-PERSONAJE-HEROIC	samples/voices/advanced-presets/mujer_20_entusiasta_latam_personaje/heroica.wav	false	false	APP_RESOURCE	APP_DEFAULT
VOC-PRESET-MUJER-20-ENTUSIASTA-LATAM-PERSONAJE	Mujer 20 entusiasta LATAM personaje	DRAMATIC	VOICE-SAMPLE-VOC-PRESET-MUJER-20-ENTUSIASTA-LATAM-PERSONAJE-DRAMATIC	samples/voices/advanced-presets/mujer_20_entusiasta_latam_personaje/dramatica.wav	false	false	APP_RESOURCE	APP_DEFAULT
VOC-PRESET-MUJER-20-ENTUSIASTA-LATAM-PERSONAJE	Mujer 20 entusiasta LATAM personaje	TENSE	VOICE-SAMPLE-VOC-PRESET-MUJER-20-ENTUSIASTA-LATAM-PERSONAJE-TENSE	samples/voices/advanced-presets/mujer_20_entusiasta_latam_personaje/tensa.wav	false	false	APP_RESOURCE	APP_DEFAULT
VOC-PRESET-MUJER-20-ENTUSIASTA-LATAM-PERSONAJE	Mujer 20 entusiasta LATAM personaje	RUSHED	VOICE-SAMPLE-VOC-PRESET-MUJER-20-ENTUSIASTA-LATAM-PERSONAJE-RUSHED	samples/voices/advanced-presets/mujer_20_entusiasta_latam_personaje/apurada.wav	false	false	APP_RESOURCE	APP_DEFAULT
VOC-PRESET-MUJER-20-ENTUSIASTA-LATAM-PERSONAJE	Mujer 20 entusiasta LATAM personaje	CONFUSED	VOICE-SAMPLE-VOC-PRESET-MUJER-20-ENTUSIASTA-LATAM-PERSONAJE-CONFUSED	samples/voices/advanced-presets/mujer_20_entusiasta_latam_personaje/confundida.wav	false	false	APP_RESOURCE	APP_DEFAULT
VOC-PRESET-MUJER-20-ENTUSIASTA-LATAM-PERSONAJE	Mujer 20 entusiasta LATAM personaje	TENDER	VOICE-SAMPLE-VOC-PRESET-MUJER-20-ENTUSIASTA-LATAM-PERSONAJE-TENDER	samples/voices/advanced-presets/mujer_20_entusiasta_latam_personaje/tierna.wav	false	false	APP_RESOURCE	APP_DEFAULT
VOC-PRESET-MUJER-20-ENTUSIASTA-LATAM-PERSONAJE	Mujer 20 entusiasta LATAM personaje	COLD	VOICE-SAMPLE-VOC-PRESET-MUJER-20-ENTUSIASTA-LATAM-PERSONAJE-COLD	samples/voices/advanced-presets/mujer_20_entusiasta_latam_personaje/fria.wav	false	false	APP_RESOURCE	APP_DEFAULT
VOC-PRESET-MUJER-20-ENTUSIASTA-LATAM-PERSONAJE	Mujer 20 entusiasta LATAM personaje	MOCKING	VOICE-SAMPLE-VOC-PRESET-MUJER-20-ENTUSIASTA-LATAM-PERSONAJE-MOCKING	samples/voices/advanced-presets/mujer_20_entusiasta_latam_personaje/burlona.wav	false	false	APP_RESOURCE	APP_DEFAULT
VOC-PRESET-MUJER-20-ENTUSIASTA-LATAM-PERSONAJE	Mujer 20 entusiasta LATAM personaje	DISTRUSTFUL	VOICE-SAMPLE-VOC-PRESET-MUJER-20-ENTUSIASTA-LATAM-PERSONAJE-DISTRUSTFUL	samples/voices/advanced-presets/mujer_20_entusiasta_latam_personaje/desconfiada.wav	false	false	APP_RESOURCE	APP_DEFAULT
VOC-PRESET-MUJER-20-ENTUSIASTA-LATAM-PERSONAJE	Mujer 20 entusiasta LATAM personaje	REPENTANT	VOICE-SAMPLE-VOC-PRESET-MUJER-20-ENTUSIASTA-LATAM-PERSONAJE-REPENTANT	samples/voices/advanced-presets/mujer_20_entusiasta_latam_personaje/arrepentida.wav	false	false	APP_RESOURCE	APP_DEFAULT
VOC-PRESET-MUJER-20-ENTUSIASTA-LATAM-PERSONAJE	Mujer 20 entusiasta LATAM personaje	VULNERABLE	VOICE-SAMPLE-VOC-PRESET-MUJER-20-ENTUSIASTA-LATAM-PERSONAJE-VULNERABLE	samples/voices/advanced-presets/mujer_20_entusiasta_latam_personaje/vulnerable.wav	false	false	APP_RESOURCE	APP_DEFAULT
VOC-PRESET-MUJER-20-ENTUSIASTA-LATAM-PERSONAJE	Mujer 20 entusiasta LATAM personaje	HOPEFUL	VOICE-SAMPLE-VOC-PRESET-MUJER-20-ENTUSIASTA-LATAM-PERSONAJE-HOPEFUL	samples/voices/advanced-presets/mujer_20_entusiasta_latam_personaje/esperanzada.wav	false	false	APP_RESOURCE	APP_DEFAULT
VOC-PRESET-MUJER-20-ENTUSIASTA-LATAM-PERSONAJE	Mujer 20 entusiasta LATAM personaje	RESIGNED	VOICE-SAMPLE-VOC-PRESET-MUJER-20-ENTUSIASTA-LATAM-PERSONAJE-RESIGNED	samples/voices/advanced-presets/mujer_20_entusiasta_latam_personaje/resignada.wav	false	false	APP_RESOURCE	APP_DEFAULT
VOC-PRESET-MUJER-20-ENTUSIASTA-LATAM-PERSONAJE	Mujer 20 entusiasta LATAM personaje	THREATENING	VOICE-SAMPLE-VOC-PRESET-MUJER-20-ENTUSIASTA-LATAM-PERSONAJE-THREATENING	samples/voices/advanced-presets/mujer_20_entusiasta_latam_personaje/amenazante.wav	false	false	APP_RESOURCE	APP_DEFAULT
VOC-PRESET-MUJER-20-ENTUSIASTA-LATAM-PERSONAJE	Mujer 20 entusiasta LATAM personaje	DEFIANT	VOICE-SAMPLE-VOC-PRESET-MUJER-20-ENTUSIASTA-LATAM-PERSONAJE-DEFIANT	samples/voices/advanced-presets/mujer_20_entusiasta_latam_personaje/desafiante.wav	false	false	APP_RESOURCE	APP_DEFAULT
VOC-PRESET-MUJER-20-ENTUSIASTA-LATAM-PERSONAJE	Mujer 20 entusiasta LATAM personaje	SEDUCTIVE_NON_EXPLICIT	VOICE-SAMPLE-VOC-PRESET-MUJER-20-ENTUSIASTA-LATAM-PERSONAJE-SEDUCTIVE_NON_EXPLICIT	samples/voices/advanced-presets/mujer_20_entusiasta_latam_personaje/sutil.wav	false	false	APP_RESOURCE	APP_DEFAULT
VOC-PRESET-MUJER-20-SUAVE-COLOMBIANA-NEUTRAL-DIALOGO	Mujer 20 suave colombiana neutral dialogo	NEUTRAL	VOICE-SAMPLE-VOC-PRESET-MUJER-20-SUAVE-COLOMBIANA-NEUTRAL-DIALOGO-NEUTRAL	samples/voices/advanced-presets/mujer_20_suave_colombiana_neutral_dialogo/neutral.wav	false	false	APP_RESOURCE	APP_DEFAULT
VOC-PRESET-MUJER-20-SUAVE-COLOMBIANA-NEUTRAL-DIALOGO	Mujer 20 suave colombiana neutral dialogo	HAPPY	VOICE-SAMPLE-VOC-PRESET-MUJER-20-SUAVE-COLOMBIANA-NEUTRAL-DIALOGO-HAPPY	samples/voices/advanced-presets/mujer_20_suave_colombiana_neutral_dialogo/feliz.wav	false	false	APP_RESOURCE	APP_DEFAULT
VOC-PRESET-MUJER-20-SUAVE-COLOMBIANA-NEUTRAL-DIALOGO	Mujer 20 suave colombiana neutral dialogo	SAD	VOICE-SAMPLE-VOC-PRESET-MUJER-20-SUAVE-COLOMBIANA-NEUTRAL-DIALOGO-SAD	samples/voices/advanced-presets/mujer_20_suave_colombiana_neutral_dialogo/triste.wav	false	false	APP_RESOURCE	APP_DEFAULT
VOC-PRESET-MUJER-20-SUAVE-COLOMBIANA-NEUTRAL-DIALOGO	Mujer 20 suave colombiana neutral dialogo	ANGRY	VOICE-SAMPLE-VOC-PRESET-MUJER-20-SUAVE-COLOMBIANA-NEUTRAL-DIALOGO-ANGRY	samples/voices/advanced-presets/mujer_20_suave_colombiana_neutral_dialogo/enojada.wav	false	false	APP_RESOURCE	APP_DEFAULT
VOC-PRESET-MUJER-20-SUAVE-COLOMBIANA-NEUTRAL-DIALOGO	Mujer 20 suave colombiana neutral dialogo	SERIOUS	VOICE-SAMPLE-VOC-PRESET-MUJER-20-SUAVE-COLOMBIANA-NEUTRAL-DIALOGO-SERIOUS	samples/voices/advanced-presets/mujer_20_suave_colombiana_neutral_dialogo/seria.wav	false	false	APP_RESOURCE	APP_DEFAULT
VOC-PRESET-MUJER-20-SUAVE-COLOMBIANA-NEUTRAL-DIALOGO	Mujer 20 suave colombiana neutral dialogo	CALM	VOICE-SAMPLE-VOC-PRESET-MUJER-20-SUAVE-COLOMBIANA-NEUTRAL-DIALOGO-CALM	samples/voices/advanced-presets/mujer_20_suave_colombiana_neutral_dialogo/calmada.wav	false	false	APP_RESOURCE	APP_DEFAULT
VOC-PRESET-MUJER-20-SUAVE-COLOMBIANA-NEUTRAL-DIALOGO	Mujer 20 suave colombiana neutral dialogo	WORRIED	VOICE-SAMPLE-VOC-PRESET-MUJER-20-SUAVE-COLOMBIANA-NEUTRAL-DIALOGO-WORRIED	samples/voices/advanced-presets/mujer_20_suave_colombiana_neutral_dialogo/preocupada.wav	false	false	APP_RESOURCE	APP_DEFAULT
VOC-PRESET-MUJER-20-SUAVE-COLOMBIANA-NEUTRAL-DIALOGO	Mujer 20 suave colombiana neutral dialogo	ENTHUSIASTIC	VOICE-SAMPLE-VOC-PRESET-MUJER-20-SUAVE-COLOMBIANA-NEUTRAL-DIALOGO-ENTHUSIASTIC	samples/voices/advanced-presets/mujer_20_suave_colombiana_neutral_dialogo/entusiasmada.wav	false	false	APP_RESOURCE	APP_DEFAULT
VOC-PRESET-MUJER-20-SUAVE-COLOMBIANA-NEUTRAL-DIALOGO	Mujer 20 suave colombiana neutral dialogo	BORED	VOICE-SAMPLE-VOC-PRESET-MUJER-20-SUAVE-COLOMBIANA-NEUTRAL-DIALOGO-BORED	samples/voices/advanced-presets/mujer_20_suave_colombiana_neutral_dialogo/aburrida.wav	false	false	APP_RESOURCE	APP_DEFAULT
VOC-PRESET-MUJER-20-SUAVE-COLOMBIANA-NEUTRAL-DIALOGO	Mujer 20 suave colombiana neutral dialogo	EUPHORIC	VOICE-SAMPLE-VOC-PRESET-MUJER-20-SUAVE-COLOMBIANA-NEUTRAL-DIALOGO-EUPHORIC	samples/voices/advanced-presets/mujer_20_suave_colombiana_neutral_dialogo/euforica.wav	false	false	APP_RESOURCE	APP_DEFAULT
VOC-PRESET-MUJER-20-SUAVE-COLOMBIANA-NEUTRAL-DIALOGO	Mujer 20 suave colombiana neutral dialogo	MELANCHOLIC	VOICE-SAMPLE-VOC-PRESET-MUJER-20-SUAVE-COLOMBIANA-NEUTRAL-DIALOGO-MELANCHOLIC	samples/voices/advanced-presets/mujer_20_suave_colombiana_neutral_dialogo/melancolica.wav	false	false	APP_RESOURCE	APP_DEFAULT
VOC-PRESET-MUJER-20-SUAVE-COLOMBIANA-NEUTRAL-DIALOGO	Mujer 20 suave colombiana neutral dialogo	NERVOUS	VOICE-SAMPLE-VOC-PRESET-MUJER-20-SUAVE-COLOMBIANA-NEUTRAL-DIALOGO-NERVOUS	samples/voices/advanced-presets/mujer_20_suave_colombiana_neutral_dialogo/nerviosa.wav	false	false	APP_RESOURCE	APP_DEFAULT
VOC-PRESET-MUJER-20-SUAVE-COLOMBIANA-NEUTRAL-DIALOGO	Mujer 20 suave colombiana neutral dialogo	AFRAID	VOICE-SAMPLE-VOC-PRESET-MUJER-20-SUAVE-COLOMBIANA-NEUTRAL-DIALOGO-AFRAID	samples/voices/advanced-presets/mujer_20_suave_colombiana_neutral_dialogo/asustada.wav	false	false	APP_RESOURCE	APP_DEFAULT
VOC-PRESET-MUJER-20-SUAVE-COLOMBIANA-NEUTRAL-DIALOGO	Mujer 20 suave colombiana neutral dialogo	SURPRISED	VOICE-SAMPLE-VOC-PRESET-MUJER-20-SUAVE-COLOMBIANA-NEUTRAL-DIALOGO-SURPRISED	samples/voices/advanced-presets/mujer_20_suave_colombiana_neutral_dialogo/sorprendida.wav	false	false	APP_RESOURCE	APP_DEFAULT
VOC-PRESET-MUJER-20-SUAVE-COLOMBIANA-NEUTRAL-DIALOGO	Mujer 20 suave colombiana neutral dialogo	DOUBTFUL	VOICE-SAMPLE-VOC-PRESET-MUJER-20-SUAVE-COLOMBIANA-NEUTRAL-DIALOGO-DOUBTFUL	samples/voices/advanced-presets/mujer_20_suave_colombiana_neutral_dialogo/dudosa.wav	false	false	APP_RESOURCE	APP_DEFAULT
VOC-PRESET-MUJER-20-SUAVE-COLOMBIANA-NEUTRAL-DIALOGO	Mujer 20 suave colombiana neutral dialogo	TIRED	VOICE-SAMPLE-VOC-PRESET-MUJER-20-SUAVE-COLOMBIANA-NEUTRAL-DIALOGO-TIRED	samples/voices/advanced-presets/mujer_20_suave_colombiana_neutral_dialogo/cansada.wav	false	false	APP_RESOURCE	APP_DEFAULT
VOC-PRESET-MUJER-20-SUAVE-COLOMBIANA-NEUTRAL-DIALOGO	Mujer 20 suave colombiana neutral dialogo	PLEADING	VOICE-SAMPLE-VOC-PRESET-MUJER-20-SUAVE-COLOMBIANA-NEUTRAL-DIALOGO-PLEADING	samples/voices/advanced-presets/mujer_20_suave_colombiana_neutral_dialogo/suplicante.wav	false	false	APP_RESOURCE	APP_DEFAULT
VOC-PRESET-MUJER-20-SUAVE-COLOMBIANA-NEUTRAL-DIALOGO	Mujer 20 suave colombiana neutral dialogo	AUTHORITATIVE	VOICE-SAMPLE-VOC-PRESET-MUJER-20-SUAVE-COLOMBIANA-NEUTRAL-DIALOGO-AUTHORITATIVE	samples/voices/advanced-presets/mujer_20_suave_colombiana_neutral_dialogo/autoritaria.wav	false	false	APP_RESOURCE	APP_DEFAULT
VOC-PRESET-MUJER-20-SUAVE-COLOMBIANA-NEUTRAL-DIALOGO	Mujer 20 suave colombiana neutral dialogo	IRONIC	VOICE-SAMPLE-VOC-PRESET-MUJER-20-SUAVE-COLOMBIANA-NEUTRAL-DIALOGO-IRONIC	samples/voices/advanced-presets/mujer_20_suave_colombiana_neutral_dialogo/ironica.wav	false	false	APP_RESOURCE	APP_DEFAULT
VOC-PRESET-MUJER-20-SUAVE-COLOMBIANA-NEUTRAL-DIALOGO	Mujer 20 suave colombiana neutral dialogo	SARCASTIC	VOICE-SAMPLE-VOC-PRESET-MUJER-20-SUAVE-COLOMBIANA-NEUTRAL-DIALOGO-SARCASTIC	samples/voices/advanced-presets/mujer_20_suave_colombiana_neutral_dialogo/sarcastica.wav	false	false	APP_RESOURCE	APP_DEFAULT
VOC-PRESET-MUJER-20-SUAVE-COLOMBIANA-NEUTRAL-DIALOGO	Mujer 20 suave colombiana neutral dialogo	MYSTERIOUS	VOICE-SAMPLE-VOC-PRESET-MUJER-20-SUAVE-COLOMBIANA-NEUTRAL-DIALOGO-MYSTERIOUS	samples/voices/advanced-presets/mujer_20_suave_colombiana_neutral_dialogo/misteriosa.wav	false	false	APP_RESOURCE	APP_DEFAULT
VOC-PRESET-MUJER-20-SUAVE-COLOMBIANA-NEUTRAL-DIALOGO	Mujer 20 suave colombiana neutral dialogo	SOLEMN	VOICE-SAMPLE-VOC-PRESET-MUJER-20-SUAVE-COLOMBIANA-NEUTRAL-DIALOGO-SOLEMN	samples/voices/advanced-presets/mujer_20_suave_colombiana_neutral_dialogo/solemne.wav	false	false	APP_RESOURCE	APP_DEFAULT
VOC-PRESET-MUJER-20-SUAVE-COLOMBIANA-NEUTRAL-DIALOGO	Mujer 20 suave colombiana neutral dialogo	HEROIC	VOICE-SAMPLE-VOC-PRESET-MUJER-20-SUAVE-COLOMBIANA-NEUTRAL-DIALOGO-HEROIC	samples/voices/advanced-presets/mujer_20_suave_colombiana_neutral_dialogo/heroica.wav	false	false	APP_RESOURCE	APP_DEFAULT
VOC-PRESET-MUJER-20-SUAVE-COLOMBIANA-NEUTRAL-DIALOGO	Mujer 20 suave colombiana neutral dialogo	DRAMATIC	VOICE-SAMPLE-VOC-PRESET-MUJER-20-SUAVE-COLOMBIANA-NEUTRAL-DIALOGO-DRAMATIC	samples/voices/advanced-presets/mujer_20_suave_colombiana_neutral_dialogo/dramatica.wav	false	false	APP_RESOURCE	APP_DEFAULT
VOC-PRESET-MUJER-20-SUAVE-COLOMBIANA-NEUTRAL-DIALOGO	Mujer 20 suave colombiana neutral dialogo	TENSE	VOICE-SAMPLE-VOC-PRESET-MUJER-20-SUAVE-COLOMBIANA-NEUTRAL-DIALOGO-TENSE	samples/voices/advanced-presets/mujer_20_suave_colombiana_neutral_dialogo/tensa.wav	false	false	APP_RESOURCE	APP_DEFAULT
VOC-PRESET-MUJER-20-SUAVE-COLOMBIANA-NEUTRAL-DIALOGO	Mujer 20 suave colombiana neutral dialogo	RUSHED	VOICE-SAMPLE-VOC-PRESET-MUJER-20-SUAVE-COLOMBIANA-NEUTRAL-DIALOGO-RUSHED	samples/voices/advanced-presets/mujer_20_suave_colombiana_neutral_dialogo/apurada.wav	false	false	APP_RESOURCE	APP_DEFAULT
VOC-PRESET-MUJER-20-SUAVE-COLOMBIANA-NEUTRAL-DIALOGO	Mujer 20 suave colombiana neutral dialogo	CONFUSED	VOICE-SAMPLE-VOC-PRESET-MUJER-20-SUAVE-COLOMBIANA-NEUTRAL-DIALOGO-CONFUSED	samples/voices/advanced-presets/mujer_20_suave_colombiana_neutral_dialogo/confundida.wav	false	false	APP_RESOURCE	APP_DEFAULT
VOC-PRESET-MUJER-20-SUAVE-COLOMBIANA-NEUTRAL-DIALOGO	Mujer 20 suave colombiana neutral dialogo	TENDER	VOICE-SAMPLE-VOC-PRESET-MUJER-20-SUAVE-COLOMBIANA-NEUTRAL-DIALOGO-TENDER	samples/voices/advanced-presets/mujer_20_suave_colombiana_neutral_dialogo/tierna.wav	false	false	APP_RESOURCE	APP_DEFAULT
VOC-PRESET-MUJER-20-SUAVE-COLOMBIANA-NEUTRAL-DIALOGO	Mujer 20 suave colombiana neutral dialogo	COLD	VOICE-SAMPLE-VOC-PRESET-MUJER-20-SUAVE-COLOMBIANA-NEUTRAL-DIALOGO-COLD	samples/voices/advanced-presets/mujer_20_suave_colombiana_neutral_dialogo/fria.wav	false	false	APP_RESOURCE	APP_DEFAULT
VOC-PRESET-MUJER-20-SUAVE-COLOMBIANA-NEUTRAL-DIALOGO	Mujer 20 suave colombiana neutral dialogo	MOCKING	VOICE-SAMPLE-VOC-PRESET-MUJER-20-SUAVE-COLOMBIANA-NEUTRAL-DIALOGO-MOCKING	samples/voices/advanced-presets/mujer_20_suave_colombiana_neutral_dialogo/burlona.wav	false	false	APP_RESOURCE	APP_DEFAULT
VOC-PRESET-MUJER-20-SUAVE-COLOMBIANA-NEUTRAL-DIALOGO	Mujer 20 suave colombiana neutral dialogo	DISTRUSTFUL	VOICE-SAMPLE-VOC-PRESET-MUJER-20-SUAVE-COLOMBIANA-NEUTRAL-DIALOGO-DISTRUSTFUL	samples/voices/advanced-presets/mujer_20_suave_colombiana_neutral_dialogo/desconfiada.wav	false	false	APP_RESOURCE	APP_DEFAULT
VOC-PRESET-MUJER-20-SUAVE-COLOMBIANA-NEUTRAL-DIALOGO	Mujer 20 suave colombiana neutral dialogo	REPENTANT	VOICE-SAMPLE-VOC-PRESET-MUJER-20-SUAVE-COLOMBIANA-NEUTRAL-DIALOGO-REPENTANT	samples/voices/advanced-presets/mujer_20_suave_colombiana_neutral_dialogo/arrepentida.wav	false	false	APP_RESOURCE	APP_DEFAULT
VOC-PRESET-MUJER-20-SUAVE-COLOMBIANA-NEUTRAL-DIALOGO	Mujer 20 suave colombiana neutral dialogo	VULNERABLE	VOICE-SAMPLE-VOC-PRESET-MUJER-20-SUAVE-COLOMBIANA-NEUTRAL-DIALOGO-VULNERABLE	samples/voices/advanced-presets/mujer_20_suave_colombiana_neutral_dialogo/vulnerable.wav	false	false	APP_RESOURCE	APP_DEFAULT
VOC-PRESET-MUJER-20-SUAVE-COLOMBIANA-NEUTRAL-DIALOGO	Mujer 20 suave colombiana neutral dialogo	HOPEFUL	VOICE-SAMPLE-VOC-PRESET-MUJER-20-SUAVE-COLOMBIANA-NEUTRAL-DIALOGO-HOPEFUL	samples/voices/advanced-presets/mujer_20_suave_colombiana_neutral_dialogo/esperanzada.wav	false	false	APP_RESOURCE	APP_DEFAULT
VOC-PRESET-MUJER-20-SUAVE-COLOMBIANA-NEUTRAL-DIALOGO	Mujer 20 suave colombiana neutral dialogo	RESIGNED	VOICE-SAMPLE-VOC-PRESET-MUJER-20-SUAVE-COLOMBIANA-NEUTRAL-DIALOGO-RESIGNED	samples/voices/advanced-presets/mujer_20_suave_colombiana_neutral_dialogo/resignada.wav	false	false	APP_RESOURCE	APP_DEFAULT
VOC-PRESET-MUJER-20-SUAVE-COLOMBIANA-NEUTRAL-DIALOGO	Mujer 20 suave colombiana neutral dialogo	THREATENING	VOICE-SAMPLE-VOC-PRESET-MUJER-20-SUAVE-COLOMBIANA-NEUTRAL-DIALOGO-THREATENING	samples/voices/advanced-presets/mujer_20_suave_colombiana_neutral_dialogo/amenazante.wav	false	false	APP_RESOURCE	APP_DEFAULT
VOC-PRESET-MUJER-20-SUAVE-COLOMBIANA-NEUTRAL-DIALOGO	Mujer 20 suave colombiana neutral dialogo	DEFIANT	VOICE-SAMPLE-VOC-PRESET-MUJER-20-SUAVE-COLOMBIANA-NEUTRAL-DIALOGO-DEFIANT	samples/voices/advanced-presets/mujer_20_suave_colombiana_neutral_dialogo/desafiante.wav	false	false	APP_RESOURCE	APP_DEFAULT
VOC-PRESET-MUJER-20-SUAVE-COLOMBIANA-NEUTRAL-DIALOGO	Mujer 20 suave colombiana neutral dialogo	SEDUCTIVE_NON_EXPLICIT	VOICE-SAMPLE-VOC-PRESET-MUJER-20-SUAVE-COLOMBIANA-NEUTRAL-DIALOGO-SEDUCTIVE_NON_EXPLICIT	samples/voices/advanced-presets/mujer_20_suave_colombiana_neutral_dialogo/sutil.wav	false	false	APP_RESOURCE	APP_DEFAULT
VOC-PRESET-HOMBRE-35-INTENSO-EXPLOSIVO-PERSONAJE	Hombre 35 intenso explosivo personaje	NEUTRAL	VOICE-SAMPLE-VOC-PRESET-HOMBRE-35-INTENSO-EXPLOSIVO-PERSONAJE-NEUTRAL	samples/voices/advanced-presets/hombre_35_intenso_explosivo_personaje/neutral.wav	false	false	APP_RESOURCE	APP_DEFAULT
VOC-PRESET-HOMBRE-35-INTENSO-EXPLOSIVO-PERSONAJE	Hombre 35 intenso explosivo personaje	HAPPY	VOICE-SAMPLE-VOC-PRESET-HOMBRE-35-INTENSO-EXPLOSIVO-PERSONAJE-HAPPY	samples/voices/advanced-presets/hombre_35_intenso_explosivo_personaje/feliz.wav	false	false	APP_RESOURCE	APP_DEFAULT
VOC-PRESET-HOMBRE-35-INTENSO-EXPLOSIVO-PERSONAJE	Hombre 35 intenso explosivo personaje	SAD	VOICE-SAMPLE-VOC-PRESET-HOMBRE-35-INTENSO-EXPLOSIVO-PERSONAJE-SAD	samples/voices/advanced-presets/hombre_35_intenso_explosivo_personaje/triste.wav	false	false	APP_RESOURCE	APP_DEFAULT
VOC-PRESET-HOMBRE-35-INTENSO-EXPLOSIVO-PERSONAJE	Hombre 35 intenso explosivo personaje	ANGRY	VOICE-SAMPLE-VOC-PRESET-HOMBRE-35-INTENSO-EXPLOSIVO-PERSONAJE-ANGRY	samples/voices/advanced-presets/hombre_35_intenso_explosivo_personaje/enojada.wav	false	false	APP_RESOURCE	APP_DEFAULT
VOC-PRESET-HOMBRE-35-INTENSO-EXPLOSIVO-PERSONAJE	Hombre 35 intenso explosivo personaje	SERIOUS	VOICE-SAMPLE-VOC-PRESET-HOMBRE-35-INTENSO-EXPLOSIVO-PERSONAJE-SERIOUS	samples/voices/advanced-presets/hombre_35_intenso_explosivo_personaje/seria.wav	false	false	APP_RESOURCE	APP_DEFAULT
VOC-PRESET-HOMBRE-35-INTENSO-EXPLOSIVO-PERSONAJE	Hombre 35 intenso explosivo personaje	CALM	VOICE-SAMPLE-VOC-PRESET-HOMBRE-35-INTENSO-EXPLOSIVO-PERSONAJE-CALM	samples/voices/advanced-presets/hombre_35_intenso_explosivo_personaje/calmada.wav	false	false	APP_RESOURCE	APP_DEFAULT
VOC-PRESET-HOMBRE-35-INTENSO-EXPLOSIVO-PERSONAJE	Hombre 35 intenso explosivo personaje	WORRIED	VOICE-SAMPLE-VOC-PRESET-HOMBRE-35-INTENSO-EXPLOSIVO-PERSONAJE-WORRIED	samples/voices/advanced-presets/hombre_35_intenso_explosivo_personaje/preocupada.wav	false	false	APP_RESOURCE	APP_DEFAULT
VOC-PRESET-HOMBRE-35-INTENSO-EXPLOSIVO-PERSONAJE	Hombre 35 intenso explosivo personaje	ENTHUSIASTIC	VOICE-SAMPLE-VOC-PRESET-HOMBRE-35-INTENSO-EXPLOSIVO-PERSONAJE-ENTHUSIASTIC	samples/voices/advanced-presets/hombre_35_intenso_explosivo_personaje/entusiasmada.wav	false	false	APP_RESOURCE	APP_DEFAULT
VOC-PRESET-HOMBRE-35-INTENSO-EXPLOSIVO-PERSONAJE	Hombre 35 intenso explosivo personaje	BORED	VOICE-SAMPLE-VOC-PRESET-HOMBRE-35-INTENSO-EXPLOSIVO-PERSONAJE-BORED	samples/voices/advanced-presets/hombre_35_intenso_explosivo_personaje/aburrida.wav	false	false	APP_RESOURCE	APP_DEFAULT
VOC-PRESET-HOMBRE-35-INTENSO-EXPLOSIVO-PERSONAJE	Hombre 35 intenso explosivo personaje	EUPHORIC	VOICE-SAMPLE-VOC-PRESET-HOMBRE-35-INTENSO-EXPLOSIVO-PERSONAJE-EUPHORIC	samples/voices/advanced-presets/hombre_35_intenso_explosivo_personaje/euforica.wav	false	false	APP_RESOURCE	APP_DEFAULT
VOC-PRESET-HOMBRE-35-INTENSO-EXPLOSIVO-PERSONAJE	Hombre 35 intenso explosivo personaje	MELANCHOLIC	VOICE-SAMPLE-VOC-PRESET-HOMBRE-35-INTENSO-EXPLOSIVO-PERSONAJE-MELANCHOLIC	samples/voices/advanced-presets/hombre_35_intenso_explosivo_personaje/melancolica.wav	false	false	APP_RESOURCE	APP_DEFAULT
VOC-PRESET-HOMBRE-35-INTENSO-EXPLOSIVO-PERSONAJE	Hombre 35 intenso explosivo personaje	NERVOUS	VOICE-SAMPLE-VOC-PRESET-HOMBRE-35-INTENSO-EXPLOSIVO-PERSONAJE-NERVOUS	samples/voices/advanced-presets/hombre_35_intenso_explosivo_personaje/nerviosa.wav	false	false	APP_RESOURCE	APP_DEFAULT
VOC-PRESET-HOMBRE-35-INTENSO-EXPLOSIVO-PERSONAJE	Hombre 35 intenso explosivo personaje	AFRAID	VOICE-SAMPLE-VOC-PRESET-HOMBRE-35-INTENSO-EXPLOSIVO-PERSONAJE-AFRAID	samples/voices/advanced-presets/hombre_35_intenso_explosivo_personaje/asustada.wav	false	false	APP_RESOURCE	APP_DEFAULT
VOC-PRESET-HOMBRE-35-INTENSO-EXPLOSIVO-PERSONAJE	Hombre 35 intenso explosivo personaje	SURPRISED	VOICE-SAMPLE-VOC-PRESET-HOMBRE-35-INTENSO-EXPLOSIVO-PERSONAJE-SURPRISED	samples/voices/advanced-presets/hombre_35_intenso_explosivo_personaje/sorprendida.wav	false	false	APP_RESOURCE	APP_DEFAULT
VOC-PRESET-HOMBRE-35-INTENSO-EXPLOSIVO-PERSONAJE	Hombre 35 intenso explosivo personaje	DOUBTFUL	VOICE-SAMPLE-VOC-PRESET-HOMBRE-35-INTENSO-EXPLOSIVO-PERSONAJE-DOUBTFUL	samples/voices/advanced-presets/hombre_35_intenso_explosivo_personaje/dudosa.wav	false	false	APP_RESOURCE	APP_DEFAULT
VOC-PRESET-HOMBRE-35-INTENSO-EXPLOSIVO-PERSONAJE	Hombre 35 intenso explosivo personaje	TIRED	VOICE-SAMPLE-VOC-PRESET-HOMBRE-35-INTENSO-EXPLOSIVO-PERSONAJE-TIRED	samples/voices/advanced-presets/hombre_35_intenso_explosivo_personaje/cansada.wav	false	false	APP_RESOURCE	APP_DEFAULT
VOC-PRESET-HOMBRE-35-INTENSO-EXPLOSIVO-PERSONAJE	Hombre 35 intenso explosivo personaje	PLEADING	VOICE-SAMPLE-VOC-PRESET-HOMBRE-35-INTENSO-EXPLOSIVO-PERSONAJE-PLEADING	samples/voices/advanced-presets/hombre_35_intenso_explosivo_personaje/suplicante.wav	false	false	APP_RESOURCE	APP_DEFAULT
VOC-PRESET-HOMBRE-35-INTENSO-EXPLOSIVO-PERSONAJE	Hombre 35 intenso explosivo personaje	AUTHORITATIVE	VOICE-SAMPLE-VOC-PRESET-HOMBRE-35-INTENSO-EXPLOSIVO-PERSONAJE-AUTHORITATIVE	samples/voices/advanced-presets/hombre_35_intenso_explosivo_personaje/autoritaria.wav	false	false	APP_RESOURCE	APP_DEFAULT
VOC-PRESET-HOMBRE-35-INTENSO-EXPLOSIVO-PERSONAJE	Hombre 35 intenso explosivo personaje	IRONIC	VOICE-SAMPLE-VOC-PRESET-HOMBRE-35-INTENSO-EXPLOSIVO-PERSONAJE-IRONIC	samples/voices/advanced-presets/hombre_35_intenso_explosivo_personaje/ironica.wav	false	false	APP_RESOURCE	APP_DEFAULT
VOC-PRESET-HOMBRE-35-INTENSO-EXPLOSIVO-PERSONAJE	Hombre 35 intenso explosivo personaje	SARCASTIC	VOICE-SAMPLE-VOC-PRESET-HOMBRE-35-INTENSO-EXPLOSIVO-PERSONAJE-SARCASTIC	samples/voices/advanced-presets/hombre_35_intenso_explosivo_personaje/sarcastica.wav	false	false	APP_RESOURCE	APP_DEFAULT
VOC-PRESET-HOMBRE-35-INTENSO-EXPLOSIVO-PERSONAJE	Hombre 35 intenso explosivo personaje	MYSTERIOUS	VOICE-SAMPLE-VOC-PRESET-HOMBRE-35-INTENSO-EXPLOSIVO-PERSONAJE-MYSTERIOUS	samples/voices/advanced-presets/hombre_35_intenso_explosivo_personaje/misteriosa.wav	false	false	APP_RESOURCE	APP_DEFAULT
VOC-PRESET-HOMBRE-35-INTENSO-EXPLOSIVO-PERSONAJE	Hombre 35 intenso explosivo personaje	SOLEMN	VOICE-SAMPLE-VOC-PRESET-HOMBRE-35-INTENSO-EXPLOSIVO-PERSONAJE-SOLEMN	samples/voices/advanced-presets/hombre_35_intenso_explosivo_personaje/solemne.wav	false	false	APP_RESOURCE	APP_DEFAULT
VOC-PRESET-HOMBRE-35-INTENSO-EXPLOSIVO-PERSONAJE	Hombre 35 intenso explosivo personaje	HEROIC	VOICE-SAMPLE-VOC-PRESET-HOMBRE-35-INTENSO-EXPLOSIVO-PERSONAJE-HEROIC	samples/voices/advanced-presets/hombre_35_intenso_explosivo_personaje/heroica.wav	false	false	APP_RESOURCE	APP_DEFAULT
VOC-PRESET-HOMBRE-35-INTENSO-EXPLOSIVO-PERSONAJE	Hombre 35 intenso explosivo personaje	DRAMATIC	VOICE-SAMPLE-VOC-PRESET-HOMBRE-35-INTENSO-EXPLOSIVO-PERSONAJE-DRAMATIC	samples/voices/advanced-presets/hombre_35_intenso_explosivo_personaje/dramatica.wav	false	false	APP_RESOURCE	APP_DEFAULT
VOC-PRESET-HOMBRE-35-INTENSO-EXPLOSIVO-PERSONAJE	Hombre 35 intenso explosivo personaje	TENSE	VOICE-SAMPLE-VOC-PRESET-HOMBRE-35-INTENSO-EXPLOSIVO-PERSONAJE-TENSE	samples/voices/advanced-presets/hombre_35_intenso_explosivo_personaje/tensa.wav	false	false	APP_RESOURCE	APP_DEFAULT
VOC-PRESET-HOMBRE-35-INTENSO-EXPLOSIVO-PERSONAJE	Hombre 35 intenso explosivo personaje	RUSHED	VOICE-SAMPLE-VOC-PRESET-HOMBRE-35-INTENSO-EXPLOSIVO-PERSONAJE-RUSHED	samples/voices/advanced-presets/hombre_35_intenso_explosivo_personaje/apurada.wav	false	false	APP_RESOURCE	APP_DEFAULT
VOC-PRESET-HOMBRE-35-INTENSO-EXPLOSIVO-PERSONAJE	Hombre 35 intenso explosivo personaje	CONFUSED	VOICE-SAMPLE-VOC-PRESET-HOMBRE-35-INTENSO-EXPLOSIVO-PERSONAJE-CONFUSED	samples/voices/advanced-presets/hombre_35_intenso_explosivo_personaje/confundida.wav	false	false	APP_RESOURCE	APP_DEFAULT
VOC-PRESET-HOMBRE-35-INTENSO-EXPLOSIVO-PERSONAJE	Hombre 35 intenso explosivo personaje	TENDER	VOICE-SAMPLE-VOC-PRESET-HOMBRE-35-INTENSO-EXPLOSIVO-PERSONAJE-TENDER	samples/voices/advanced-presets/hombre_35_intenso_explosivo_personaje/tierna.wav	false	false	APP_RESOURCE	APP_DEFAULT
VOC-PRESET-HOMBRE-35-INTENSO-EXPLOSIVO-PERSONAJE	Hombre 35 intenso explosivo personaje	COLD	VOICE-SAMPLE-VOC-PRESET-HOMBRE-35-INTENSO-EXPLOSIVO-PERSONAJE-COLD	samples/voices/advanced-presets/hombre_35_intenso_explosivo_personaje/fria.wav	false	false	APP_RESOURCE	APP_DEFAULT
VOC-PRESET-HOMBRE-35-INTENSO-EXPLOSIVO-PERSONAJE	Hombre 35 intenso explosivo personaje	MOCKING	VOICE-SAMPLE-VOC-PRESET-HOMBRE-35-INTENSO-EXPLOSIVO-PERSONAJE-MOCKING	samples/voices/advanced-presets/hombre_35_intenso_explosivo_personaje/burlona.wav	false	false	APP_RESOURCE	APP_DEFAULT
VOC-PRESET-HOMBRE-35-INTENSO-EXPLOSIVO-PERSONAJE	Hombre 35 intenso explosivo personaje	DISTRUSTFUL	VOICE-SAMPLE-VOC-PRESET-HOMBRE-35-INTENSO-EXPLOSIVO-PERSONAJE-DISTRUSTFUL	samples/voices/advanced-presets/hombre_35_intenso_explosivo_personaje/desconfiada.wav	false	false	APP_RESOURCE	APP_DEFAULT
VOC-PRESET-HOMBRE-35-INTENSO-EXPLOSIVO-PERSONAJE	Hombre 35 intenso explosivo personaje	REPENTANT	VOICE-SAMPLE-VOC-PRESET-HOMBRE-35-INTENSO-EXPLOSIVO-PERSONAJE-REPENTANT	samples/voices/advanced-presets/hombre_35_intenso_explosivo_personaje/arrepentida.wav	false	false	APP_RESOURCE	APP_DEFAULT
VOC-PRESET-HOMBRE-35-INTENSO-EXPLOSIVO-PERSONAJE	Hombre 35 intenso explosivo personaje	VULNERABLE	VOICE-SAMPLE-VOC-PRESET-HOMBRE-35-INTENSO-EXPLOSIVO-PERSONAJE-VULNERABLE	samples/voices/advanced-presets/hombre_35_intenso_explosivo_personaje/vulnerable.wav	false	false	APP_RESOURCE	APP_DEFAULT
VOC-PRESET-HOMBRE-35-INTENSO-EXPLOSIVO-PERSONAJE	Hombre 35 intenso explosivo personaje	HOPEFUL	VOICE-SAMPLE-VOC-PRESET-HOMBRE-35-INTENSO-EXPLOSIVO-PERSONAJE-HOPEFUL	samples/voices/advanced-presets/hombre_35_intenso_explosivo_personaje/esperanzada.wav	false	false	APP_RESOURCE	APP_DEFAULT
VOC-PRESET-HOMBRE-35-INTENSO-EXPLOSIVO-PERSONAJE	Hombre 35 intenso explosivo personaje	RESIGNED	VOICE-SAMPLE-VOC-PRESET-HOMBRE-35-INTENSO-EXPLOSIVO-PERSONAJE-RESIGNED	samples/voices/advanced-presets/hombre_35_intenso_explosivo_personaje/resignada.wav	false	false	APP_RESOURCE	APP_DEFAULT
VOC-PRESET-HOMBRE-35-INTENSO-EXPLOSIVO-PERSONAJE	Hombre 35 intenso explosivo personaje	THREATENING	VOICE-SAMPLE-VOC-PRESET-HOMBRE-35-INTENSO-EXPLOSIVO-PERSONAJE-THREATENING	samples/voices/advanced-presets/hombre_35_intenso_explosivo_personaje/amenazante.wav	false	false	APP_RESOURCE	APP_DEFAULT
VOC-PRESET-HOMBRE-35-INTENSO-EXPLOSIVO-PERSONAJE	Hombre 35 intenso explosivo personaje	DEFIANT	VOICE-SAMPLE-VOC-PRESET-HOMBRE-35-INTENSO-EXPLOSIVO-PERSONAJE-DEFIANT	samples/voices/advanced-presets/hombre_35_intenso_explosivo_personaje/desafiante.wav	false	false	APP_RESOURCE	APP_DEFAULT
VOC-PRESET-HOMBRE-35-INTENSO-EXPLOSIVO-PERSONAJE	Hombre 35 intenso explosivo personaje	SEDUCTIVE_NON_EXPLICIT	VOICE-SAMPLE-VOC-PRESET-HOMBRE-35-INTENSO-EXPLOSIVO-PERSONAJE-SEDUCTIVE_NON_EXPLICIT	samples/voices/advanced-presets/hombre_35_intenso_explosivo_personaje/sutil.wav	false	false	APP_RESOURCE	APP_DEFAULT
VOC-PRESET-HOMBRE-45-RESIGNADO-OSCURO-PERSONAJE	Hombre 45 resignado oscuro personaje	NEUTRAL	VOICE-SAMPLE-VOC-PRESET-HOMBRE-45-RESIGNADO-OSCURO-PERSONAJE-NEUTRAL	samples/voices/advanced-presets/hombre_45_resignado_oscuro_personaje/neutral.wav	false	false	APP_RESOURCE	APP_DEFAULT
VOC-PRESET-HOMBRE-45-RESIGNADO-OSCURO-PERSONAJE	Hombre 45 resignado oscuro personaje	HAPPY	VOICE-SAMPLE-VOC-PRESET-HOMBRE-45-RESIGNADO-OSCURO-PERSONAJE-HAPPY	samples/voices/advanced-presets/hombre_45_resignado_oscuro_personaje/feliz.wav	false	false	APP_RESOURCE	APP_DEFAULT
VOC-PRESET-HOMBRE-45-RESIGNADO-OSCURO-PERSONAJE	Hombre 45 resignado oscuro personaje	SAD	VOICE-SAMPLE-VOC-PRESET-HOMBRE-45-RESIGNADO-OSCURO-PERSONAJE-SAD	samples/voices/advanced-presets/hombre_45_resignado_oscuro_personaje/triste.wav	false	false	APP_RESOURCE	APP_DEFAULT
VOC-PRESET-HOMBRE-45-RESIGNADO-OSCURO-PERSONAJE	Hombre 45 resignado oscuro personaje	ANGRY	VOICE-SAMPLE-VOC-PRESET-HOMBRE-45-RESIGNADO-OSCURO-PERSONAJE-ANGRY	samples/voices/advanced-presets/hombre_45_resignado_oscuro_personaje/enojada.wav	false	false	APP_RESOURCE	APP_DEFAULT
VOC-PRESET-HOMBRE-45-RESIGNADO-OSCURO-PERSONAJE	Hombre 45 resignado oscuro personaje	SERIOUS	VOICE-SAMPLE-VOC-PRESET-HOMBRE-45-RESIGNADO-OSCURO-PERSONAJE-SERIOUS	samples/voices/advanced-presets/hombre_45_resignado_oscuro_personaje/seria.wav	false	false	APP_RESOURCE	APP_DEFAULT
VOC-PRESET-HOMBRE-45-RESIGNADO-OSCURO-PERSONAJE	Hombre 45 resignado oscuro personaje	CALM	VOICE-SAMPLE-VOC-PRESET-HOMBRE-45-RESIGNADO-OSCURO-PERSONAJE-CALM	samples/voices/advanced-presets/hombre_45_resignado_oscuro_personaje/calmada.wav	false	false	APP_RESOURCE	APP_DEFAULT
VOC-PRESET-HOMBRE-45-RESIGNADO-OSCURO-PERSONAJE	Hombre 45 resignado oscuro personaje	WORRIED	VOICE-SAMPLE-VOC-PRESET-HOMBRE-45-RESIGNADO-OSCURO-PERSONAJE-WORRIED	samples/voices/advanced-presets/hombre_45_resignado_oscuro_personaje/preocupada.wav	false	false	APP_RESOURCE	APP_DEFAULT
VOC-PRESET-HOMBRE-45-RESIGNADO-OSCURO-PERSONAJE	Hombre 45 resignado oscuro personaje	ENTHUSIASTIC	VOICE-SAMPLE-VOC-PRESET-HOMBRE-45-RESIGNADO-OSCURO-PERSONAJE-ENTHUSIASTIC	samples/voices/advanced-presets/hombre_45_resignado_oscuro_personaje/entusiasmada.wav	false	false	APP_RESOURCE	APP_DEFAULT
VOC-PRESET-HOMBRE-45-RESIGNADO-OSCURO-PERSONAJE	Hombre 45 resignado oscuro personaje	BORED	VOICE-SAMPLE-VOC-PRESET-HOMBRE-45-RESIGNADO-OSCURO-PERSONAJE-BORED	samples/voices/advanced-presets/hombre_45_resignado_oscuro_personaje/aburrida.wav	false	false	APP_RESOURCE	APP_DEFAULT
VOC-PRESET-HOMBRE-45-RESIGNADO-OSCURO-PERSONAJE	Hombre 45 resignado oscuro personaje	EUPHORIC	VOICE-SAMPLE-VOC-PRESET-HOMBRE-45-RESIGNADO-OSCURO-PERSONAJE-EUPHORIC	samples/voices/advanced-presets/hombre_45_resignado_oscuro_personaje/euforica.wav	false	false	APP_RESOURCE	APP_DEFAULT
VOC-PRESET-HOMBRE-45-RESIGNADO-OSCURO-PERSONAJE	Hombre 45 resignado oscuro personaje	MELANCHOLIC	VOICE-SAMPLE-VOC-PRESET-HOMBRE-45-RESIGNADO-OSCURO-PERSONAJE-MELANCHOLIC	samples/voices/advanced-presets/hombre_45_resignado_oscuro_personaje/melancolica.wav	false	false	APP_RESOURCE	APP_DEFAULT
VOC-PRESET-HOMBRE-45-RESIGNADO-OSCURO-PERSONAJE	Hombre 45 resignado oscuro personaje	NERVOUS	VOICE-SAMPLE-VOC-PRESET-HOMBRE-45-RESIGNADO-OSCURO-PERSONAJE-NERVOUS	samples/voices/advanced-presets/hombre_45_resignado_oscuro_personaje/nerviosa.wav	false	false	APP_RESOURCE	APP_DEFAULT
VOC-PRESET-HOMBRE-45-RESIGNADO-OSCURO-PERSONAJE	Hombre 45 resignado oscuro personaje	AFRAID	VOICE-SAMPLE-VOC-PRESET-HOMBRE-45-RESIGNADO-OSCURO-PERSONAJE-AFRAID	samples/voices/advanced-presets/hombre_45_resignado_oscuro_personaje/asustada.wav	false	false	APP_RESOURCE	APP_DEFAULT
VOC-PRESET-HOMBRE-45-RESIGNADO-OSCURO-PERSONAJE	Hombre 45 resignado oscuro personaje	SURPRISED	VOICE-SAMPLE-VOC-PRESET-HOMBRE-45-RESIGNADO-OSCURO-PERSONAJE-SURPRISED	samples/voices/advanced-presets/hombre_45_resignado_oscuro_personaje/sorprendida.wav	false	false	APP_RESOURCE	APP_DEFAULT
VOC-PRESET-HOMBRE-45-RESIGNADO-OSCURO-PERSONAJE	Hombre 45 resignado oscuro personaje	DOUBTFUL	VOICE-SAMPLE-VOC-PRESET-HOMBRE-45-RESIGNADO-OSCURO-PERSONAJE-DOUBTFUL	samples/voices/advanced-presets/hombre_45_resignado_oscuro_personaje/dudosa.wav	false	false	APP_RESOURCE	APP_DEFAULT
VOC-PRESET-HOMBRE-45-RESIGNADO-OSCURO-PERSONAJE	Hombre 45 resignado oscuro personaje	TIRED	VOICE-SAMPLE-VOC-PRESET-HOMBRE-45-RESIGNADO-OSCURO-PERSONAJE-TIRED	samples/voices/advanced-presets/hombre_45_resignado_oscuro_personaje/cansada.wav	false	false	APP_RESOURCE	APP_DEFAULT
VOC-PRESET-HOMBRE-45-RESIGNADO-OSCURO-PERSONAJE	Hombre 45 resignado oscuro personaje	PLEADING	VOICE-SAMPLE-VOC-PRESET-HOMBRE-45-RESIGNADO-OSCURO-PERSONAJE-PLEADING	samples/voices/advanced-presets/hombre_45_resignado_oscuro_personaje/suplicante.wav	false	false	APP_RESOURCE	APP_DEFAULT
VOC-PRESET-HOMBRE-45-RESIGNADO-OSCURO-PERSONAJE	Hombre 45 resignado oscuro personaje	AUTHORITATIVE	VOICE-SAMPLE-VOC-PRESET-HOMBRE-45-RESIGNADO-OSCURO-PERSONAJE-AUTHORITATIVE	samples/voices/advanced-presets/hombre_45_resignado_oscuro_personaje/autoritaria.wav	false	false	APP_RESOURCE	APP_DEFAULT
VOC-PRESET-HOMBRE-45-RESIGNADO-OSCURO-PERSONAJE	Hombre 45 resignado oscuro personaje	IRONIC	VOICE-SAMPLE-VOC-PRESET-HOMBRE-45-RESIGNADO-OSCURO-PERSONAJE-IRONIC	samples/voices/advanced-presets/hombre_45_resignado_oscuro_personaje/ironica.wav	false	false	APP_RESOURCE	APP_DEFAULT
VOC-PRESET-HOMBRE-45-RESIGNADO-OSCURO-PERSONAJE	Hombre 45 resignado oscuro personaje	SARCASTIC	VOICE-SAMPLE-VOC-PRESET-HOMBRE-45-RESIGNADO-OSCURO-PERSONAJE-SARCASTIC	samples/voices/advanced-presets/hombre_45_resignado_oscuro_personaje/sarcastica.wav	false	false	APP_RESOURCE	APP_DEFAULT
VOC-PRESET-HOMBRE-45-RESIGNADO-OSCURO-PERSONAJE	Hombre 45 resignado oscuro personaje	MYSTERIOUS	VOICE-SAMPLE-VOC-PRESET-HOMBRE-45-RESIGNADO-OSCURO-PERSONAJE-MYSTERIOUS	samples/voices/advanced-presets/hombre_45_resignado_oscuro_personaje/misteriosa.wav	false	false	APP_RESOURCE	APP_DEFAULT
VOC-PRESET-HOMBRE-45-RESIGNADO-OSCURO-PERSONAJE	Hombre 45 resignado oscuro personaje	SOLEMN	VOICE-SAMPLE-VOC-PRESET-HOMBRE-45-RESIGNADO-OSCURO-PERSONAJE-SOLEMN	samples/voices/advanced-presets/hombre_45_resignado_oscuro_personaje/solemne.wav	false	false	APP_RESOURCE	APP_DEFAULT
VOC-PRESET-HOMBRE-45-RESIGNADO-OSCURO-PERSONAJE	Hombre 45 resignado oscuro personaje	HEROIC	VOICE-SAMPLE-VOC-PRESET-HOMBRE-45-RESIGNADO-OSCURO-PERSONAJE-HEROIC	samples/voices/advanced-presets/hombre_45_resignado_oscuro_personaje/heroica.wav	false	false	APP_RESOURCE	APP_DEFAULT
VOC-PRESET-HOMBRE-45-RESIGNADO-OSCURO-PERSONAJE	Hombre 45 resignado oscuro personaje	DRAMATIC	VOICE-SAMPLE-VOC-PRESET-HOMBRE-45-RESIGNADO-OSCURO-PERSONAJE-DRAMATIC	samples/voices/advanced-presets/hombre_45_resignado_oscuro_personaje/dramatica.wav	false	false	APP_RESOURCE	APP_DEFAULT
VOC-PRESET-HOMBRE-45-RESIGNADO-OSCURO-PERSONAJE	Hombre 45 resignado oscuro personaje	TENSE	VOICE-SAMPLE-VOC-PRESET-HOMBRE-45-RESIGNADO-OSCURO-PERSONAJE-TENSE	samples/voices/advanced-presets/hombre_45_resignado_oscuro_personaje/tensa.wav	false	false	APP_RESOURCE	APP_DEFAULT
VOC-PRESET-HOMBRE-45-RESIGNADO-OSCURO-PERSONAJE	Hombre 45 resignado oscuro personaje	RUSHED	VOICE-SAMPLE-VOC-PRESET-HOMBRE-45-RESIGNADO-OSCURO-PERSONAJE-RUSHED	samples/voices/advanced-presets/hombre_45_resignado_oscuro_personaje/apurada.wav	false	false	APP_RESOURCE	APP_DEFAULT
VOC-PRESET-HOMBRE-45-RESIGNADO-OSCURO-PERSONAJE	Hombre 45 resignado oscuro personaje	CONFUSED	VOICE-SAMPLE-VOC-PRESET-HOMBRE-45-RESIGNADO-OSCURO-PERSONAJE-CONFUSED	samples/voices/advanced-presets/hombre_45_resignado_oscuro_personaje/confundida.wav	false	false	APP_RESOURCE	APP_DEFAULT
VOC-PRESET-HOMBRE-45-RESIGNADO-OSCURO-PERSONAJE	Hombre 45 resignado oscuro personaje	TENDER	VOICE-SAMPLE-VOC-PRESET-HOMBRE-45-RESIGNADO-OSCURO-PERSONAJE-TENDER	samples/voices/advanced-presets/hombre_45_resignado_oscuro_personaje/tierna.wav	false	false	APP_RESOURCE	APP_DEFAULT
VOC-PRESET-HOMBRE-45-RESIGNADO-OSCURO-PERSONAJE	Hombre 45 resignado oscuro personaje	COLD	VOICE-SAMPLE-VOC-PRESET-HOMBRE-45-RESIGNADO-OSCURO-PERSONAJE-COLD	samples/voices/advanced-presets/hombre_45_resignado_oscuro_personaje/fria.wav	false	false	APP_RESOURCE	APP_DEFAULT
VOC-PRESET-HOMBRE-45-RESIGNADO-OSCURO-PERSONAJE	Hombre 45 resignado oscuro personaje	MOCKING	VOICE-SAMPLE-VOC-PRESET-HOMBRE-45-RESIGNADO-OSCURO-PERSONAJE-MOCKING	samples/voices/advanced-presets/hombre_45_resignado_oscuro_personaje/burlona.wav	false	false	APP_RESOURCE	APP_DEFAULT
VOC-PRESET-HOMBRE-45-RESIGNADO-OSCURO-PERSONAJE	Hombre 45 resignado oscuro personaje	DISTRUSTFUL	VOICE-SAMPLE-VOC-PRESET-HOMBRE-45-RESIGNADO-OSCURO-PERSONAJE-DISTRUSTFUL	samples/voices/advanced-presets/hombre_45_resignado_oscuro_personaje/desconfiada.wav	false	false	APP_RESOURCE	APP_DEFAULT
VOC-PRESET-HOMBRE-45-RESIGNADO-OSCURO-PERSONAJE	Hombre 45 resignado oscuro personaje	REPENTANT	VOICE-SAMPLE-VOC-PRESET-HOMBRE-45-RESIGNADO-OSCURO-PERSONAJE-REPENTANT	samples/voices/advanced-presets/hombre_45_resignado_oscuro_personaje/arrepentida.wav	false	false	APP_RESOURCE	APP_DEFAULT
VOC-PRESET-HOMBRE-45-RESIGNADO-OSCURO-PERSONAJE	Hombre 45 resignado oscuro personaje	VULNERABLE	VOICE-SAMPLE-VOC-PRESET-HOMBRE-45-RESIGNADO-OSCURO-PERSONAJE-VULNERABLE	samples/voices/advanced-presets/hombre_45_resignado_oscuro_personaje/vulnerable.wav	false	false	APP_RESOURCE	APP_DEFAULT
VOC-PRESET-HOMBRE-45-RESIGNADO-OSCURO-PERSONAJE	Hombre 45 resignado oscuro personaje	HOPEFUL	VOICE-SAMPLE-VOC-PRESET-HOMBRE-45-RESIGNADO-OSCURO-PERSONAJE-HOPEFUL	samples/voices/advanced-presets/hombre_45_resignado_oscuro_personaje/esperanzada.wav	false	false	APP_RESOURCE	APP_DEFAULT
VOC-PRESET-HOMBRE-45-RESIGNADO-OSCURO-PERSONAJE	Hombre 45 resignado oscuro personaje	RESIGNED	VOICE-SAMPLE-VOC-PRESET-HOMBRE-45-RESIGNADO-OSCURO-PERSONAJE-RESIGNED	samples/voices/advanced-presets/hombre_45_resignado_oscuro_personaje/resignada.wav	false	false	APP_RESOURCE	APP_DEFAULT
VOC-PRESET-HOMBRE-45-RESIGNADO-OSCURO-PERSONAJE	Hombre 45 resignado oscuro personaje	THREATENING	VOICE-SAMPLE-VOC-PRESET-HOMBRE-45-RESIGNADO-OSCURO-PERSONAJE-THREATENING	samples/voices/advanced-presets/hombre_45_resignado_oscuro_personaje/amenazante.wav	false	false	APP_RESOURCE	APP_DEFAULT
VOC-PRESET-HOMBRE-45-RESIGNADO-OSCURO-PERSONAJE	Hombre 45 resignado oscuro personaje	DEFIANT	VOICE-SAMPLE-VOC-PRESET-HOMBRE-45-RESIGNADO-OSCURO-PERSONAJE-DEFIANT	samples/voices/advanced-presets/hombre_45_resignado_oscuro_personaje/desafiante.wav	false	false	APP_RESOURCE	APP_DEFAULT
VOC-PRESET-HOMBRE-45-RESIGNADO-OSCURO-PERSONAJE	Hombre 45 resignado oscuro personaje	SEDUCTIVE_NON_EXPLICIT	VOICE-SAMPLE-VOC-PRESET-HOMBRE-45-RESIGNADO-OSCURO-PERSONAJE-SEDUCTIVE_NON_EXPLICIT	samples/voices/advanced-presets/hombre_45_resignado_oscuro_personaje/sutil.wav	false	false	APP_RESOURCE	APP_DEFAULT
VOC-PRESET-HOMBRE-45-MORALISTA-COMICO-PERSONAJE	Hombre 45 moralista comico personaje	NEUTRAL	VOICE-SAMPLE-VOC-PRESET-HOMBRE-45-MORALISTA-COMICO-PERSONAJE-NEUTRAL	samples/voices/advanced-presets/hombre_45_moralista_comico_personaje/neutral.wav	false	false	APP_RESOURCE	APP_DEFAULT
VOC-PRESET-HOMBRE-45-MORALISTA-COMICO-PERSONAJE	Hombre 45 moralista comico personaje	HAPPY	VOICE-SAMPLE-VOC-PRESET-HOMBRE-45-MORALISTA-COMICO-PERSONAJE-HAPPY	samples/voices/advanced-presets/hombre_45_moralista_comico_personaje/feliz.wav	false	false	APP_RESOURCE	APP_DEFAULT
VOC-PRESET-HOMBRE-45-MORALISTA-COMICO-PERSONAJE	Hombre 45 moralista comico personaje	SAD	VOICE-SAMPLE-VOC-PRESET-HOMBRE-45-MORALISTA-COMICO-PERSONAJE-SAD	samples/voices/advanced-presets/hombre_45_moralista_comico_personaje/triste.wav	false	false	APP_RESOURCE	APP_DEFAULT
VOC-PRESET-HOMBRE-45-MORALISTA-COMICO-PERSONAJE	Hombre 45 moralista comico personaje	ANGRY	VOICE-SAMPLE-VOC-PRESET-HOMBRE-45-MORALISTA-COMICO-PERSONAJE-ANGRY	samples/voices/advanced-presets/hombre_45_moralista_comico_personaje/enojada.wav	false	false	APP_RESOURCE	APP_DEFAULT
VOC-PRESET-HOMBRE-45-MORALISTA-COMICO-PERSONAJE	Hombre 45 moralista comico personaje	SERIOUS	VOICE-SAMPLE-VOC-PRESET-HOMBRE-45-MORALISTA-COMICO-PERSONAJE-SERIOUS	samples/voices/advanced-presets/hombre_45_moralista_comico_personaje/seria.wav	false	false	APP_RESOURCE	APP_DEFAULT
VOC-PRESET-HOMBRE-45-MORALISTA-COMICO-PERSONAJE	Hombre 45 moralista comico personaje	CALM	VOICE-SAMPLE-VOC-PRESET-HOMBRE-45-MORALISTA-COMICO-PERSONAJE-CALM	samples/voices/advanced-presets/hombre_45_moralista_comico_personaje/calmada.wav	false	false	APP_RESOURCE	APP_DEFAULT
VOC-PRESET-HOMBRE-45-MORALISTA-COMICO-PERSONAJE	Hombre 45 moralista comico personaje	WORRIED	VOICE-SAMPLE-VOC-PRESET-HOMBRE-45-MORALISTA-COMICO-PERSONAJE-WORRIED	samples/voices/advanced-presets/hombre_45_moralista_comico_personaje/preocupada.wav	false	false	APP_RESOURCE	APP_DEFAULT
VOC-PRESET-HOMBRE-45-MORALISTA-COMICO-PERSONAJE	Hombre 45 moralista comico personaje	ENTHUSIASTIC	VOICE-SAMPLE-VOC-PRESET-HOMBRE-45-MORALISTA-COMICO-PERSONAJE-ENTHUSIASTIC	samples/voices/advanced-presets/hombre_45_moralista_comico_personaje/entusiasmada.wav	false	false	APP_RESOURCE	APP_DEFAULT
VOC-PRESET-HOMBRE-45-MORALISTA-COMICO-PERSONAJE	Hombre 45 moralista comico personaje	BORED	VOICE-SAMPLE-VOC-PRESET-HOMBRE-45-MORALISTA-COMICO-PERSONAJE-BORED	samples/voices/advanced-presets/hombre_45_moralista_comico_personaje/aburrida.wav	false	false	APP_RESOURCE	APP_DEFAULT
VOC-PRESET-HOMBRE-45-MORALISTA-COMICO-PERSONAJE	Hombre 45 moralista comico personaje	EUPHORIC	VOICE-SAMPLE-VOC-PRESET-HOMBRE-45-MORALISTA-COMICO-PERSONAJE-EUPHORIC	samples/voices/advanced-presets/hombre_45_moralista_comico_personaje/euforica.wav	false	false	APP_RESOURCE	APP_DEFAULT
VOC-PRESET-HOMBRE-45-MORALISTA-COMICO-PERSONAJE	Hombre 45 moralista comico personaje	MELANCHOLIC	VOICE-SAMPLE-VOC-PRESET-HOMBRE-45-MORALISTA-COMICO-PERSONAJE-MELANCHOLIC	samples/voices/advanced-presets/hombre_45_moralista_comico_personaje/melancolica.wav	false	false	APP_RESOURCE	APP_DEFAULT
VOC-PRESET-HOMBRE-45-MORALISTA-COMICO-PERSONAJE	Hombre 45 moralista comico personaje	NERVOUS	VOICE-SAMPLE-VOC-PRESET-HOMBRE-45-MORALISTA-COMICO-PERSONAJE-NERVOUS	samples/voices/advanced-presets/hombre_45_moralista_comico_personaje/nerviosa.wav	false	false	APP_RESOURCE	APP_DEFAULT
VOC-PRESET-HOMBRE-45-MORALISTA-COMICO-PERSONAJE	Hombre 45 moralista comico personaje	AFRAID	VOICE-SAMPLE-VOC-PRESET-HOMBRE-45-MORALISTA-COMICO-PERSONAJE-AFRAID	samples/voices/advanced-presets/hombre_45_moralista_comico_personaje/asustada.wav	false	false	APP_RESOURCE	APP_DEFAULT
VOC-PRESET-HOMBRE-45-MORALISTA-COMICO-PERSONAJE	Hombre 45 moralista comico personaje	SURPRISED	VOICE-SAMPLE-VOC-PRESET-HOMBRE-45-MORALISTA-COMICO-PERSONAJE-SURPRISED	samples/voices/advanced-presets/hombre_45_moralista_comico_personaje/sorprendida.wav	false	false	APP_RESOURCE	APP_DEFAULT
VOC-PRESET-HOMBRE-45-MORALISTA-COMICO-PERSONAJE	Hombre 45 moralista comico personaje	DOUBTFUL	VOICE-SAMPLE-VOC-PRESET-HOMBRE-45-MORALISTA-COMICO-PERSONAJE-DOUBTFUL	samples/voices/advanced-presets/hombre_45_moralista_comico_personaje/dudosa.wav	false	false	APP_RESOURCE	APP_DEFAULT
VOC-PRESET-HOMBRE-45-MORALISTA-COMICO-PERSONAJE	Hombre 45 moralista comico personaje	TIRED	VOICE-SAMPLE-VOC-PRESET-HOMBRE-45-MORALISTA-COMICO-PERSONAJE-TIRED	samples/voices/advanced-presets/hombre_45_moralista_comico_personaje/cansada.wav	false	false	APP_RESOURCE	APP_DEFAULT
VOC-PRESET-HOMBRE-45-MORALISTA-COMICO-PERSONAJE	Hombre 45 moralista comico personaje	PLEADING	VOICE-SAMPLE-VOC-PRESET-HOMBRE-45-MORALISTA-COMICO-PERSONAJE-PLEADING	samples/voices/advanced-presets/hombre_45_moralista_comico_personaje/suplicante.wav	false	false	APP_RESOURCE	APP_DEFAULT
VOC-PRESET-HOMBRE-45-MORALISTA-COMICO-PERSONAJE	Hombre 45 moralista comico personaje	AUTHORITATIVE	VOICE-SAMPLE-VOC-PRESET-HOMBRE-45-MORALISTA-COMICO-PERSONAJE-AUTHORITATIVE	samples/voices/advanced-presets/hombre_45_moralista_comico_personaje/autoritaria.wav	false	false	APP_RESOURCE	APP_DEFAULT
VOC-PRESET-HOMBRE-45-MORALISTA-COMICO-PERSONAJE	Hombre 45 moralista comico personaje	IRONIC	VOICE-SAMPLE-VOC-PRESET-HOMBRE-45-MORALISTA-COMICO-PERSONAJE-IRONIC	samples/voices/advanced-presets/hombre_45_moralista_comico_personaje/ironica.wav	false	false	APP_RESOURCE	APP_DEFAULT
VOC-PRESET-HOMBRE-45-MORALISTA-COMICO-PERSONAJE	Hombre 45 moralista comico personaje	SARCASTIC	VOICE-SAMPLE-VOC-PRESET-HOMBRE-45-MORALISTA-COMICO-PERSONAJE-SARCASTIC	samples/voices/advanced-presets/hombre_45_moralista_comico_personaje/sarcastica.wav	false	false	APP_RESOURCE	APP_DEFAULT
VOC-PRESET-HOMBRE-45-MORALISTA-COMICO-PERSONAJE	Hombre 45 moralista comico personaje	MYSTERIOUS	VOICE-SAMPLE-VOC-PRESET-HOMBRE-45-MORALISTA-COMICO-PERSONAJE-MYSTERIOUS	samples/voices/advanced-presets/hombre_45_moralista_comico_personaje/misteriosa.wav	false	false	APP_RESOURCE	APP_DEFAULT
VOC-PRESET-HOMBRE-45-MORALISTA-COMICO-PERSONAJE	Hombre 45 moralista comico personaje	SOLEMN	VOICE-SAMPLE-VOC-PRESET-HOMBRE-45-MORALISTA-COMICO-PERSONAJE-SOLEMN	samples/voices/advanced-presets/hombre_45_moralista_comico_personaje/solemne.wav	false	false	APP_RESOURCE	APP_DEFAULT
VOC-PRESET-HOMBRE-45-MORALISTA-COMICO-PERSONAJE	Hombre 45 moralista comico personaje	HEROIC	VOICE-SAMPLE-VOC-PRESET-HOMBRE-45-MORALISTA-COMICO-PERSONAJE-HEROIC	samples/voices/advanced-presets/hombre_45_moralista_comico_personaje/heroica.wav	false	false	APP_RESOURCE	APP_DEFAULT
VOC-PRESET-HOMBRE-45-MORALISTA-COMICO-PERSONAJE	Hombre 45 moralista comico personaje	DRAMATIC	VOICE-SAMPLE-VOC-PRESET-HOMBRE-45-MORALISTA-COMICO-PERSONAJE-DRAMATIC	samples/voices/advanced-presets/hombre_45_moralista_comico_personaje/dramatica.wav	false	false	APP_RESOURCE	APP_DEFAULT
VOC-PRESET-HOMBRE-45-MORALISTA-COMICO-PERSONAJE	Hombre 45 moralista comico personaje	TENSE	VOICE-SAMPLE-VOC-PRESET-HOMBRE-45-MORALISTA-COMICO-PERSONAJE-TENSE	samples/voices/advanced-presets/hombre_45_moralista_comico_personaje/tensa.wav	false	false	APP_RESOURCE	APP_DEFAULT
VOC-PRESET-HOMBRE-45-MORALISTA-COMICO-PERSONAJE	Hombre 45 moralista comico personaje	RUSHED	VOICE-SAMPLE-VOC-PRESET-HOMBRE-45-MORALISTA-COMICO-PERSONAJE-RUSHED	samples/voices/advanced-presets/hombre_45_moralista_comico_personaje/apurada.wav	false	false	APP_RESOURCE	APP_DEFAULT
VOC-PRESET-HOMBRE-45-MORALISTA-COMICO-PERSONAJE	Hombre 45 moralista comico personaje	CONFUSED	VOICE-SAMPLE-VOC-PRESET-HOMBRE-45-MORALISTA-COMICO-PERSONAJE-CONFUSED	samples/voices/advanced-presets/hombre_45_moralista_comico_personaje/confundida.wav	false	false	APP_RESOURCE	APP_DEFAULT
VOC-PRESET-HOMBRE-45-MORALISTA-COMICO-PERSONAJE	Hombre 45 moralista comico personaje	TENDER	VOICE-SAMPLE-VOC-PRESET-HOMBRE-45-MORALISTA-COMICO-PERSONAJE-TENDER	samples/voices/advanced-presets/hombre_45_moralista_comico_personaje/tierna.wav	false	false	APP_RESOURCE	APP_DEFAULT
VOC-PRESET-HOMBRE-45-MORALISTA-COMICO-PERSONAJE	Hombre 45 moralista comico personaje	COLD	VOICE-SAMPLE-VOC-PRESET-HOMBRE-45-MORALISTA-COMICO-PERSONAJE-COLD	samples/voices/advanced-presets/hombre_45_moralista_comico_personaje/fria.wav	false	false	APP_RESOURCE	APP_DEFAULT
VOC-PRESET-HOMBRE-45-MORALISTA-COMICO-PERSONAJE	Hombre 45 moralista comico personaje	MOCKING	VOICE-SAMPLE-VOC-PRESET-HOMBRE-45-MORALISTA-COMICO-PERSONAJE-MOCKING	samples/voices/advanced-presets/hombre_45_moralista_comico_personaje/burlona.wav	false	false	APP_RESOURCE	APP_DEFAULT
VOC-PRESET-HOMBRE-45-MORALISTA-COMICO-PERSONAJE	Hombre 45 moralista comico personaje	DISTRUSTFUL	VOICE-SAMPLE-VOC-PRESET-HOMBRE-45-MORALISTA-COMICO-PERSONAJE-DISTRUSTFUL	samples/voices/advanced-presets/hombre_45_moralista_comico_personaje/desconfiada.wav	false	false	APP_RESOURCE	APP_DEFAULT
VOC-PRESET-HOMBRE-45-MORALISTA-COMICO-PERSONAJE	Hombre 45 moralista comico personaje	REPENTANT	VOICE-SAMPLE-VOC-PRESET-HOMBRE-45-MORALISTA-COMICO-PERSONAJE-REPENTANT	samples/voices/advanced-presets/hombre_45_moralista_comico_personaje/arrepentida.wav	false	false	APP_RESOURCE	APP_DEFAULT
VOC-PRESET-HOMBRE-45-MORALISTA-COMICO-PERSONAJE	Hombre 45 moralista comico personaje	VULNERABLE	VOICE-SAMPLE-VOC-PRESET-HOMBRE-45-MORALISTA-COMICO-PERSONAJE-VULNERABLE	samples/voices/advanced-presets/hombre_45_moralista_comico_personaje/vulnerable.wav	false	false	APP_RESOURCE	APP_DEFAULT
VOC-PRESET-HOMBRE-45-MORALISTA-COMICO-PERSONAJE	Hombre 45 moralista comico personaje	HOPEFUL	VOICE-SAMPLE-VOC-PRESET-HOMBRE-45-MORALISTA-COMICO-PERSONAJE-HOPEFUL	samples/voices/advanced-presets/hombre_45_moralista_comico_personaje/esperanzada.wav	false	false	APP_RESOURCE	APP_DEFAULT
VOC-PRESET-HOMBRE-45-MORALISTA-COMICO-PERSONAJE	Hombre 45 moralista comico personaje	RESIGNED	VOICE-SAMPLE-VOC-PRESET-HOMBRE-45-MORALISTA-COMICO-PERSONAJE-RESIGNED	samples/voices/advanced-presets/hombre_45_moralista_comico_personaje/resignada.wav	false	false	APP_RESOURCE	APP_DEFAULT
VOC-PRESET-HOMBRE-45-MORALISTA-COMICO-PERSONAJE	Hombre 45 moralista comico personaje	THREATENING	VOICE-SAMPLE-VOC-PRESET-HOMBRE-45-MORALISTA-COMICO-PERSONAJE-THREATENING	samples/voices/advanced-presets/hombre_45_moralista_comico_personaje/amenazante.wav	false	false	APP_RESOURCE	APP_DEFAULT
VOC-PRESET-HOMBRE-45-MORALISTA-COMICO-PERSONAJE	Hombre 45 moralista comico personaje	DEFIANT	VOICE-SAMPLE-VOC-PRESET-HOMBRE-45-MORALISTA-COMICO-PERSONAJE-DEFIANT	samples/voices/advanced-presets/hombre_45_moralista_comico_personaje/desafiante.wav	false	false	APP_RESOURCE	APP_DEFAULT
VOC-PRESET-HOMBRE-45-MORALISTA-COMICO-PERSONAJE	Hombre 45 moralista comico personaje	SEDUCTIVE_NON_EXPLICIT	VOICE-SAMPLE-VOC-PRESET-HOMBRE-45-MORALISTA-COMICO-PERSONAJE-SEDUCTIVE_NON_EXPLICIT	samples/voices/advanced-presets/hombre_45_moralista_comico_personaje/sutil.wav	false	false	APP_RESOURCE	APP_DEFAULT
VOC-PRESET-HOMBRE-35-ASPIRACIONAL-EMOTIVO-PERSONAJE	Hombre 35 aspiracional emotivo personaje	NEUTRAL	VOICE-SAMPLE-VOC-PRESET-HOMBRE-35-ASPIRACIONAL-EMOTIVO-PERSONAJE-NEUTRAL	samples/voices/advanced-presets/hombre_35_aspiracional_emotivo_personaje/neutral.wav	false	false	APP_RESOURCE	APP_DEFAULT
VOC-PRESET-HOMBRE-35-ASPIRACIONAL-EMOTIVO-PERSONAJE	Hombre 35 aspiracional emotivo personaje	HAPPY	VOICE-SAMPLE-VOC-PRESET-HOMBRE-35-ASPIRACIONAL-EMOTIVO-PERSONAJE-HAPPY	samples/voices/advanced-presets/hombre_35_aspiracional_emotivo_personaje/feliz.wav	false	false	APP_RESOURCE	APP_DEFAULT
VOC-PRESET-HOMBRE-35-ASPIRACIONAL-EMOTIVO-PERSONAJE	Hombre 35 aspiracional emotivo personaje	SAD	VOICE-SAMPLE-VOC-PRESET-HOMBRE-35-ASPIRACIONAL-EMOTIVO-PERSONAJE-SAD	samples/voices/advanced-presets/hombre_35_aspiracional_emotivo_personaje/triste.wav	false	false	APP_RESOURCE	APP_DEFAULT
VOC-PRESET-HOMBRE-35-ASPIRACIONAL-EMOTIVO-PERSONAJE	Hombre 35 aspiracional emotivo personaje	ANGRY	VOICE-SAMPLE-VOC-PRESET-HOMBRE-35-ASPIRACIONAL-EMOTIVO-PERSONAJE-ANGRY	samples/voices/advanced-presets/hombre_35_aspiracional_emotivo_personaje/enojada.wav	false	false	APP_RESOURCE	APP_DEFAULT
VOC-PRESET-HOMBRE-35-ASPIRACIONAL-EMOTIVO-PERSONAJE	Hombre 35 aspiracional emotivo personaje	SERIOUS	VOICE-SAMPLE-VOC-PRESET-HOMBRE-35-ASPIRACIONAL-EMOTIVO-PERSONAJE-SERIOUS	samples/voices/advanced-presets/hombre_35_aspiracional_emotivo_personaje/seria.wav	false	false	APP_RESOURCE	APP_DEFAULT
VOC-PRESET-HOMBRE-35-ASPIRACIONAL-EMOTIVO-PERSONAJE	Hombre 35 aspiracional emotivo personaje	CALM	VOICE-SAMPLE-VOC-PRESET-HOMBRE-35-ASPIRACIONAL-EMOTIVO-PERSONAJE-CALM	samples/voices/advanced-presets/hombre_35_aspiracional_emotivo_personaje/calmada.wav	false	false	APP_RESOURCE	APP_DEFAULT
VOC-PRESET-HOMBRE-35-ASPIRACIONAL-EMOTIVO-PERSONAJE	Hombre 35 aspiracional emotivo personaje	WORRIED	VOICE-SAMPLE-VOC-PRESET-HOMBRE-35-ASPIRACIONAL-EMOTIVO-PERSONAJE-WORRIED	samples/voices/advanced-presets/hombre_35_aspiracional_emotivo_personaje/preocupada.wav	false	false	APP_RESOURCE	APP_DEFAULT
VOC-PRESET-HOMBRE-35-ASPIRACIONAL-EMOTIVO-PERSONAJE	Hombre 35 aspiracional emotivo personaje	ENTHUSIASTIC	VOICE-SAMPLE-VOC-PRESET-HOMBRE-35-ASPIRACIONAL-EMOTIVO-PERSONAJE-ENTHUSIASTIC	samples/voices/advanced-presets/hombre_35_aspiracional_emotivo_personaje/entusiasmada.wav	false	false	APP_RESOURCE	APP_DEFAULT
VOC-PRESET-HOMBRE-35-ASPIRACIONAL-EMOTIVO-PERSONAJE	Hombre 35 aspiracional emotivo personaje	BORED	VOICE-SAMPLE-VOC-PRESET-HOMBRE-35-ASPIRACIONAL-EMOTIVO-PERSONAJE-BORED	samples/voices/advanced-presets/hombre_35_aspiracional_emotivo_personaje/aburrida.wav	false	false	APP_RESOURCE	APP_DEFAULT
VOC-PRESET-HOMBRE-35-ASPIRACIONAL-EMOTIVO-PERSONAJE	Hombre 35 aspiracional emotivo personaje	EUPHORIC	VOICE-SAMPLE-VOC-PRESET-HOMBRE-35-ASPIRACIONAL-EMOTIVO-PERSONAJE-EUPHORIC	samples/voices/advanced-presets/hombre_35_aspiracional_emotivo_personaje/euforica.wav	false	false	APP_RESOURCE	APP_DEFAULT
VOC-PRESET-HOMBRE-35-ASPIRACIONAL-EMOTIVO-PERSONAJE	Hombre 35 aspiracional emotivo personaje	MELANCHOLIC	VOICE-SAMPLE-VOC-PRESET-HOMBRE-35-ASPIRACIONAL-EMOTIVO-PERSONAJE-MELANCHOLIC	samples/voices/advanced-presets/hombre_35_aspiracional_emotivo_personaje/melancolica.wav	false	false	APP_RESOURCE	APP_DEFAULT
VOC-PRESET-HOMBRE-35-ASPIRACIONAL-EMOTIVO-PERSONAJE	Hombre 35 aspiracional emotivo personaje	NERVOUS	VOICE-SAMPLE-VOC-PRESET-HOMBRE-35-ASPIRACIONAL-EMOTIVO-PERSONAJE-NERVOUS	samples/voices/advanced-presets/hombre_35_aspiracional_emotivo_personaje/nerviosa.wav	false	false	APP_RESOURCE	APP_DEFAULT
VOC-PRESET-HOMBRE-35-ASPIRACIONAL-EMOTIVO-PERSONAJE	Hombre 35 aspiracional emotivo personaje	AFRAID	VOICE-SAMPLE-VOC-PRESET-HOMBRE-35-ASPIRACIONAL-EMOTIVO-PERSONAJE-AFRAID	samples/voices/advanced-presets/hombre_35_aspiracional_emotivo_personaje/asustada.wav	false	false	APP_RESOURCE	APP_DEFAULT
VOC-PRESET-HOMBRE-35-ASPIRACIONAL-EMOTIVO-PERSONAJE	Hombre 35 aspiracional emotivo personaje	SURPRISED	VOICE-SAMPLE-VOC-PRESET-HOMBRE-35-ASPIRACIONAL-EMOTIVO-PERSONAJE-SURPRISED	samples/voices/advanced-presets/hombre_35_aspiracional_emotivo_personaje/sorprendida.wav	false	false	APP_RESOURCE	APP_DEFAULT
VOC-PRESET-HOMBRE-35-ASPIRACIONAL-EMOTIVO-PERSONAJE	Hombre 35 aspiracional emotivo personaje	DOUBTFUL	VOICE-SAMPLE-VOC-PRESET-HOMBRE-35-ASPIRACIONAL-EMOTIVO-PERSONAJE-DOUBTFUL	samples/voices/advanced-presets/hombre_35_aspiracional_emotivo_personaje/dudosa.wav	false	false	APP_RESOURCE	APP_DEFAULT
VOC-PRESET-HOMBRE-35-ASPIRACIONAL-EMOTIVO-PERSONAJE	Hombre 35 aspiracional emotivo personaje	TIRED	VOICE-SAMPLE-VOC-PRESET-HOMBRE-35-ASPIRACIONAL-EMOTIVO-PERSONAJE-TIRED	samples/voices/advanced-presets/hombre_35_aspiracional_emotivo_personaje/cansada.wav	false	false	APP_RESOURCE	APP_DEFAULT
VOC-PRESET-HOMBRE-35-ASPIRACIONAL-EMOTIVO-PERSONAJE	Hombre 35 aspiracional emotivo personaje	PLEADING	VOICE-SAMPLE-VOC-PRESET-HOMBRE-35-ASPIRACIONAL-EMOTIVO-PERSONAJE-PLEADING	samples/voices/advanced-presets/hombre_35_aspiracional_emotivo_personaje/suplicante.wav	false	false	APP_RESOURCE	APP_DEFAULT
VOC-PRESET-HOMBRE-35-ASPIRACIONAL-EMOTIVO-PERSONAJE	Hombre 35 aspiracional emotivo personaje	AUTHORITATIVE	VOICE-SAMPLE-VOC-PRESET-HOMBRE-35-ASPIRACIONAL-EMOTIVO-PERSONAJE-AUTHORITATIVE	samples/voices/advanced-presets/hombre_35_aspiracional_emotivo_personaje/autoritaria.wav	false	false	APP_RESOURCE	APP_DEFAULT
VOC-PRESET-HOMBRE-35-ASPIRACIONAL-EMOTIVO-PERSONAJE	Hombre 35 aspiracional emotivo personaje	IRONIC	VOICE-SAMPLE-VOC-PRESET-HOMBRE-35-ASPIRACIONAL-EMOTIVO-PERSONAJE-IRONIC	samples/voices/advanced-presets/hombre_35_aspiracional_emotivo_personaje/ironica.wav	false	false	APP_RESOURCE	APP_DEFAULT
VOC-PRESET-HOMBRE-35-ASPIRACIONAL-EMOTIVO-PERSONAJE	Hombre 35 aspiracional emotivo personaje	SARCASTIC	VOICE-SAMPLE-VOC-PRESET-HOMBRE-35-ASPIRACIONAL-EMOTIVO-PERSONAJE-SARCASTIC	samples/voices/advanced-presets/hombre_35_aspiracional_emotivo_personaje/sarcastica.wav	false	false	APP_RESOURCE	APP_DEFAULT
VOC-PRESET-HOMBRE-35-ASPIRACIONAL-EMOTIVO-PERSONAJE	Hombre 35 aspiracional emotivo personaje	MYSTERIOUS	VOICE-SAMPLE-VOC-PRESET-HOMBRE-35-ASPIRACIONAL-EMOTIVO-PERSONAJE-MYSTERIOUS	samples/voices/advanced-presets/hombre_35_aspiracional_emotivo_personaje/misteriosa.wav	false	false	APP_RESOURCE	APP_DEFAULT
VOC-PRESET-HOMBRE-35-ASPIRACIONAL-EMOTIVO-PERSONAJE	Hombre 35 aspiracional emotivo personaje	SOLEMN	VOICE-SAMPLE-VOC-PRESET-HOMBRE-35-ASPIRACIONAL-EMOTIVO-PERSONAJE-SOLEMN	samples/voices/advanced-presets/hombre_35_aspiracional_emotivo_personaje/solemne.wav	false	false	APP_RESOURCE	APP_DEFAULT
VOC-PRESET-HOMBRE-35-ASPIRACIONAL-EMOTIVO-PERSONAJE	Hombre 35 aspiracional emotivo personaje	HEROIC	VOICE-SAMPLE-VOC-PRESET-HOMBRE-35-ASPIRACIONAL-EMOTIVO-PERSONAJE-HEROIC	samples/voices/advanced-presets/hombre_35_aspiracional_emotivo_personaje/heroica.wav	false	false	APP_RESOURCE	APP_DEFAULT
VOC-PRESET-HOMBRE-35-ASPIRACIONAL-EMOTIVO-PERSONAJE	Hombre 35 aspiracional emotivo personaje	DRAMATIC	VOICE-SAMPLE-VOC-PRESET-HOMBRE-35-ASPIRACIONAL-EMOTIVO-PERSONAJE-DRAMATIC	samples/voices/advanced-presets/hombre_35_aspiracional_emotivo_personaje/dramatica.wav	false	false	APP_RESOURCE	APP_DEFAULT
VOC-PRESET-HOMBRE-35-ASPIRACIONAL-EMOTIVO-PERSONAJE	Hombre 35 aspiracional emotivo personaje	TENSE	VOICE-SAMPLE-VOC-PRESET-HOMBRE-35-ASPIRACIONAL-EMOTIVO-PERSONAJE-TENSE	samples/voices/advanced-presets/hombre_35_aspiracional_emotivo_personaje/tensa.wav	false	false	APP_RESOURCE	APP_DEFAULT
VOC-PRESET-HOMBRE-35-ASPIRACIONAL-EMOTIVO-PERSONAJE	Hombre 35 aspiracional emotivo personaje	RUSHED	VOICE-SAMPLE-VOC-PRESET-HOMBRE-35-ASPIRACIONAL-EMOTIVO-PERSONAJE-RUSHED	samples/voices/advanced-presets/hombre_35_aspiracional_emotivo_personaje/apurada.wav	false	false	APP_RESOURCE	APP_DEFAULT
VOC-PRESET-HOMBRE-35-ASPIRACIONAL-EMOTIVO-PERSONAJE	Hombre 35 aspiracional emotivo personaje	CONFUSED	VOICE-SAMPLE-VOC-PRESET-HOMBRE-35-ASPIRACIONAL-EMOTIVO-PERSONAJE-CONFUSED	samples/voices/advanced-presets/hombre_35_aspiracional_emotivo_personaje/confundida.wav	false	false	APP_RESOURCE	APP_DEFAULT
VOC-PRESET-HOMBRE-35-ASPIRACIONAL-EMOTIVO-PERSONAJE	Hombre 35 aspiracional emotivo personaje	TENDER	VOICE-SAMPLE-VOC-PRESET-HOMBRE-35-ASPIRACIONAL-EMOTIVO-PERSONAJE-TENDER	samples/voices/advanced-presets/hombre_35_aspiracional_emotivo_personaje/tierna.wav	false	false	APP_RESOURCE	APP_DEFAULT
VOC-PRESET-HOMBRE-35-ASPIRACIONAL-EMOTIVO-PERSONAJE	Hombre 35 aspiracional emotivo personaje	COLD	VOICE-SAMPLE-VOC-PRESET-HOMBRE-35-ASPIRACIONAL-EMOTIVO-PERSONAJE-COLD	samples/voices/advanced-presets/hombre_35_aspiracional_emotivo_personaje/fria.wav	false	false	APP_RESOURCE	APP_DEFAULT
VOC-PRESET-HOMBRE-35-ASPIRACIONAL-EMOTIVO-PERSONAJE	Hombre 35 aspiracional emotivo personaje	MOCKING	VOICE-SAMPLE-VOC-PRESET-HOMBRE-35-ASPIRACIONAL-EMOTIVO-PERSONAJE-MOCKING	samples/voices/advanced-presets/hombre_35_aspiracional_emotivo_personaje/burlona.wav	false	false	APP_RESOURCE	APP_DEFAULT
VOC-PRESET-HOMBRE-35-ASPIRACIONAL-EMOTIVO-PERSONAJE	Hombre 35 aspiracional emotivo personaje	DISTRUSTFUL	VOICE-SAMPLE-VOC-PRESET-HOMBRE-35-ASPIRACIONAL-EMOTIVO-PERSONAJE-DISTRUSTFUL	samples/voices/advanced-presets/hombre_35_aspiracional_emotivo_personaje/desconfiada.wav	false	false	APP_RESOURCE	APP_DEFAULT
VOC-PRESET-HOMBRE-35-ASPIRACIONAL-EMOTIVO-PERSONAJE	Hombre 35 aspiracional emotivo personaje	REPENTANT	VOICE-SAMPLE-VOC-PRESET-HOMBRE-35-ASPIRACIONAL-EMOTIVO-PERSONAJE-REPENTANT	samples/voices/advanced-presets/hombre_35_aspiracional_emotivo_personaje/arrepentida.wav	false	false	APP_RESOURCE	APP_DEFAULT
VOC-PRESET-HOMBRE-35-ASPIRACIONAL-EMOTIVO-PERSONAJE	Hombre 35 aspiracional emotivo personaje	VULNERABLE	VOICE-SAMPLE-VOC-PRESET-HOMBRE-35-ASPIRACIONAL-EMOTIVO-PERSONAJE-VULNERABLE	samples/voices/advanced-presets/hombre_35_aspiracional_emotivo_personaje/vulnerable.wav	false	false	APP_RESOURCE	APP_DEFAULT
VOC-PRESET-HOMBRE-35-ASPIRACIONAL-EMOTIVO-PERSONAJE	Hombre 35 aspiracional emotivo personaje	HOPEFUL	VOICE-SAMPLE-VOC-PRESET-HOMBRE-35-ASPIRACIONAL-EMOTIVO-PERSONAJE-HOPEFUL	samples/voices/advanced-presets/hombre_35_aspiracional_emotivo_personaje/esperanzada.wav	false	false	APP_RESOURCE	APP_DEFAULT
VOC-PRESET-HOMBRE-35-ASPIRACIONAL-EMOTIVO-PERSONAJE	Hombre 35 aspiracional emotivo personaje	RESIGNED	VOICE-SAMPLE-VOC-PRESET-HOMBRE-35-ASPIRACIONAL-EMOTIVO-PERSONAJE-RESIGNED	samples/voices/advanced-presets/hombre_35_aspiracional_emotivo_personaje/resignada.wav	false	false	APP_RESOURCE	APP_DEFAULT
VOC-PRESET-HOMBRE-35-ASPIRACIONAL-EMOTIVO-PERSONAJE	Hombre 35 aspiracional emotivo personaje	THREATENING	VOICE-SAMPLE-VOC-PRESET-HOMBRE-35-ASPIRACIONAL-EMOTIVO-PERSONAJE-THREATENING	samples/voices/advanced-presets/hombre_35_aspiracional_emotivo_personaje/amenazante.wav	false	false	APP_RESOURCE	APP_DEFAULT
VOC-PRESET-HOMBRE-35-ASPIRACIONAL-EMOTIVO-PERSONAJE	Hombre 35 aspiracional emotivo personaje	DEFIANT	VOICE-SAMPLE-VOC-PRESET-HOMBRE-35-ASPIRACIONAL-EMOTIVO-PERSONAJE-DEFIANT	samples/voices/advanced-presets/hombre_35_aspiracional_emotivo_personaje/desafiante.wav	false	false	APP_RESOURCE	APP_DEFAULT
VOC-PRESET-HOMBRE-35-ASPIRACIONAL-EMOTIVO-PERSONAJE	Hombre 35 aspiracional emotivo personaje	SEDUCTIVE_NON_EXPLICIT	VOICE-SAMPLE-VOC-PRESET-HOMBRE-35-ASPIRACIONAL-EMOTIVO-PERSONAJE-SEDUCTIVE_NON_EXPLICIT	samples/voices/advanced-presets/hombre_35_aspiracional_emotivo_personaje/sutil.wav	false	false	APP_RESOURCE	APP_DEFAULT
VOC-PRESET-HOMBRE-40-INDIGNADO-TESTIGO-PERSONAJE	Hombre 40 indignado testigo personaje	NEUTRAL	VOICE-SAMPLE-VOC-PRESET-HOMBRE-40-INDIGNADO-TESTIGO-PERSONAJE-NEUTRAL	samples/voices/advanced-presets/hombre_40_indignado_testigo_personaje/neutral.wav	false	false	APP_RESOURCE	APP_DEFAULT
VOC-PRESET-HOMBRE-40-INDIGNADO-TESTIGO-PERSONAJE	Hombre 40 indignado testigo personaje	HAPPY	VOICE-SAMPLE-VOC-PRESET-HOMBRE-40-INDIGNADO-TESTIGO-PERSONAJE-HAPPY	samples/voices/advanced-presets/hombre_40_indignado_testigo_personaje/feliz.wav	false	false	APP_RESOURCE	APP_DEFAULT
VOC-PRESET-HOMBRE-40-INDIGNADO-TESTIGO-PERSONAJE	Hombre 40 indignado testigo personaje	SAD	VOICE-SAMPLE-VOC-PRESET-HOMBRE-40-INDIGNADO-TESTIGO-PERSONAJE-SAD	samples/voices/advanced-presets/hombre_40_indignado_testigo_personaje/triste.wav	false	false	APP_RESOURCE	APP_DEFAULT
VOC-PRESET-HOMBRE-40-INDIGNADO-TESTIGO-PERSONAJE	Hombre 40 indignado testigo personaje	ANGRY	VOICE-SAMPLE-VOC-PRESET-HOMBRE-40-INDIGNADO-TESTIGO-PERSONAJE-ANGRY	samples/voices/advanced-presets/hombre_40_indignado_testigo_personaje/enojada.wav	false	false	APP_RESOURCE	APP_DEFAULT
VOC-PRESET-HOMBRE-40-INDIGNADO-TESTIGO-PERSONAJE	Hombre 40 indignado testigo personaje	SERIOUS	VOICE-SAMPLE-VOC-PRESET-HOMBRE-40-INDIGNADO-TESTIGO-PERSONAJE-SERIOUS	samples/voices/advanced-presets/hombre_40_indignado_testigo_personaje/seria.wav	false	false	APP_RESOURCE	APP_DEFAULT
VOC-PRESET-HOMBRE-40-INDIGNADO-TESTIGO-PERSONAJE	Hombre 40 indignado testigo personaje	CALM	VOICE-SAMPLE-VOC-PRESET-HOMBRE-40-INDIGNADO-TESTIGO-PERSONAJE-CALM	samples/voices/advanced-presets/hombre_40_indignado_testigo_personaje/calmada.wav	false	false	APP_RESOURCE	APP_DEFAULT
VOC-PRESET-HOMBRE-40-INDIGNADO-TESTIGO-PERSONAJE	Hombre 40 indignado testigo personaje	WORRIED	VOICE-SAMPLE-VOC-PRESET-HOMBRE-40-INDIGNADO-TESTIGO-PERSONAJE-WORRIED	samples/voices/advanced-presets/hombre_40_indignado_testigo_personaje/preocupada.wav	false	false	APP_RESOURCE	APP_DEFAULT
VOC-PRESET-HOMBRE-40-INDIGNADO-TESTIGO-PERSONAJE	Hombre 40 indignado testigo personaje	ENTHUSIASTIC	VOICE-SAMPLE-VOC-PRESET-HOMBRE-40-INDIGNADO-TESTIGO-PERSONAJE-ENTHUSIASTIC	samples/voices/advanced-presets/hombre_40_indignado_testigo_personaje/entusiasmada.wav	false	false	APP_RESOURCE	APP_DEFAULT
VOC-PRESET-HOMBRE-40-INDIGNADO-TESTIGO-PERSONAJE	Hombre 40 indignado testigo personaje	BORED	VOICE-SAMPLE-VOC-PRESET-HOMBRE-40-INDIGNADO-TESTIGO-PERSONAJE-BORED	samples/voices/advanced-presets/hombre_40_indignado_testigo_personaje/aburrida.wav	false	false	APP_RESOURCE	APP_DEFAULT
VOC-PRESET-HOMBRE-40-INDIGNADO-TESTIGO-PERSONAJE	Hombre 40 indignado testigo personaje	EUPHORIC	VOICE-SAMPLE-VOC-PRESET-HOMBRE-40-INDIGNADO-TESTIGO-PERSONAJE-EUPHORIC	samples/voices/advanced-presets/hombre_40_indignado_testigo_personaje/euforica.wav	false	false	APP_RESOURCE	APP_DEFAULT
VOC-PRESET-HOMBRE-40-INDIGNADO-TESTIGO-PERSONAJE	Hombre 40 indignado testigo personaje	MELANCHOLIC	VOICE-SAMPLE-VOC-PRESET-HOMBRE-40-INDIGNADO-TESTIGO-PERSONAJE-MELANCHOLIC	samples/voices/advanced-presets/hombre_40_indignado_testigo_personaje/melancolica.wav	false	false	APP_RESOURCE	APP_DEFAULT
VOC-PRESET-HOMBRE-40-INDIGNADO-TESTIGO-PERSONAJE	Hombre 40 indignado testigo personaje	NERVOUS	VOICE-SAMPLE-VOC-PRESET-HOMBRE-40-INDIGNADO-TESTIGO-PERSONAJE-NERVOUS	samples/voices/advanced-presets/hombre_40_indignado_testigo_personaje/nerviosa.wav	false	false	APP_RESOURCE	APP_DEFAULT
VOC-PRESET-HOMBRE-40-INDIGNADO-TESTIGO-PERSONAJE	Hombre 40 indignado testigo personaje	AFRAID	VOICE-SAMPLE-VOC-PRESET-HOMBRE-40-INDIGNADO-TESTIGO-PERSONAJE-AFRAID	samples/voices/advanced-presets/hombre_40_indignado_testigo_personaje/asustada.wav	false	false	APP_RESOURCE	APP_DEFAULT
VOC-PRESET-HOMBRE-40-INDIGNADO-TESTIGO-PERSONAJE	Hombre 40 indignado testigo personaje	SURPRISED	VOICE-SAMPLE-VOC-PRESET-HOMBRE-40-INDIGNADO-TESTIGO-PERSONAJE-SURPRISED	samples/voices/advanced-presets/hombre_40_indignado_testigo_personaje/sorprendida.wav	false	false	APP_RESOURCE	APP_DEFAULT
VOC-PRESET-HOMBRE-40-INDIGNADO-TESTIGO-PERSONAJE	Hombre 40 indignado testigo personaje	DOUBTFUL	VOICE-SAMPLE-VOC-PRESET-HOMBRE-40-INDIGNADO-TESTIGO-PERSONAJE-DOUBTFUL	samples/voices/advanced-presets/hombre_40_indignado_testigo_personaje/dudosa.wav	false	false	APP_RESOURCE	APP_DEFAULT
VOC-PRESET-HOMBRE-40-INDIGNADO-TESTIGO-PERSONAJE	Hombre 40 indignado testigo personaje	TIRED	VOICE-SAMPLE-VOC-PRESET-HOMBRE-40-INDIGNADO-TESTIGO-PERSONAJE-TIRED	samples/voices/advanced-presets/hombre_40_indignado_testigo_personaje/cansada.wav	false	false	APP_RESOURCE	APP_DEFAULT
VOC-PRESET-HOMBRE-40-INDIGNADO-TESTIGO-PERSONAJE	Hombre 40 indignado testigo personaje	PLEADING	VOICE-SAMPLE-VOC-PRESET-HOMBRE-40-INDIGNADO-TESTIGO-PERSONAJE-PLEADING	samples/voices/advanced-presets/hombre_40_indignado_testigo_personaje/suplicante.wav	false	false	APP_RESOURCE	APP_DEFAULT
VOC-PRESET-HOMBRE-40-INDIGNADO-TESTIGO-PERSONAJE	Hombre 40 indignado testigo personaje	AUTHORITATIVE	VOICE-SAMPLE-VOC-PRESET-HOMBRE-40-INDIGNADO-TESTIGO-PERSONAJE-AUTHORITATIVE	samples/voices/advanced-presets/hombre_40_indignado_testigo_personaje/autoritaria.wav	false	false	APP_RESOURCE	APP_DEFAULT
VOC-PRESET-HOMBRE-40-INDIGNADO-TESTIGO-PERSONAJE	Hombre 40 indignado testigo personaje	IRONIC	VOICE-SAMPLE-VOC-PRESET-HOMBRE-40-INDIGNADO-TESTIGO-PERSONAJE-IRONIC	samples/voices/advanced-presets/hombre_40_indignado_testigo_personaje/ironica.wav	false	false	APP_RESOURCE	APP_DEFAULT
VOC-PRESET-HOMBRE-40-INDIGNADO-TESTIGO-PERSONAJE	Hombre 40 indignado testigo personaje	SARCASTIC	VOICE-SAMPLE-VOC-PRESET-HOMBRE-40-INDIGNADO-TESTIGO-PERSONAJE-SARCASTIC	samples/voices/advanced-presets/hombre_40_indignado_testigo_personaje/sarcastica.wav	false	false	APP_RESOURCE	APP_DEFAULT
VOC-PRESET-HOMBRE-40-INDIGNADO-TESTIGO-PERSONAJE	Hombre 40 indignado testigo personaje	MYSTERIOUS	VOICE-SAMPLE-VOC-PRESET-HOMBRE-40-INDIGNADO-TESTIGO-PERSONAJE-MYSTERIOUS	samples/voices/advanced-presets/hombre_40_indignado_testigo_personaje/misteriosa.wav	false	false	APP_RESOURCE	APP_DEFAULT
VOC-PRESET-HOMBRE-40-INDIGNADO-TESTIGO-PERSONAJE	Hombre 40 indignado testigo personaje	SOLEMN	VOICE-SAMPLE-VOC-PRESET-HOMBRE-40-INDIGNADO-TESTIGO-PERSONAJE-SOLEMN	samples/voices/advanced-presets/hombre_40_indignado_testigo_personaje/solemne.wav	false	false	APP_RESOURCE	APP_DEFAULT
VOC-PRESET-HOMBRE-40-INDIGNADO-TESTIGO-PERSONAJE	Hombre 40 indignado testigo personaje	HEROIC	VOICE-SAMPLE-VOC-PRESET-HOMBRE-40-INDIGNADO-TESTIGO-PERSONAJE-HEROIC	samples/voices/advanced-presets/hombre_40_indignado_testigo_personaje/heroica.wav	false	false	APP_RESOURCE	APP_DEFAULT
VOC-PRESET-HOMBRE-40-INDIGNADO-TESTIGO-PERSONAJE	Hombre 40 indignado testigo personaje	DRAMATIC	VOICE-SAMPLE-VOC-PRESET-HOMBRE-40-INDIGNADO-TESTIGO-PERSONAJE-DRAMATIC	samples/voices/advanced-presets/hombre_40_indignado_testigo_personaje/dramatica.wav	false	false	APP_RESOURCE	APP_DEFAULT
VOC-PRESET-HOMBRE-40-INDIGNADO-TESTIGO-PERSONAJE	Hombre 40 indignado testigo personaje	TENSE	VOICE-SAMPLE-VOC-PRESET-HOMBRE-40-INDIGNADO-TESTIGO-PERSONAJE-TENSE	samples/voices/advanced-presets/hombre_40_indignado_testigo_personaje/tensa.wav	false	false	APP_RESOURCE	APP_DEFAULT
VOC-PRESET-HOMBRE-40-INDIGNADO-TESTIGO-PERSONAJE	Hombre 40 indignado testigo personaje	RUSHED	VOICE-SAMPLE-VOC-PRESET-HOMBRE-40-INDIGNADO-TESTIGO-PERSONAJE-RUSHED	samples/voices/advanced-presets/hombre_40_indignado_testigo_personaje/apurada.wav	false	false	APP_RESOURCE	APP_DEFAULT
VOC-PRESET-HOMBRE-40-INDIGNADO-TESTIGO-PERSONAJE	Hombre 40 indignado testigo personaje	CONFUSED	VOICE-SAMPLE-VOC-PRESET-HOMBRE-40-INDIGNADO-TESTIGO-PERSONAJE-CONFUSED	samples/voices/advanced-presets/hombre_40_indignado_testigo_personaje/confundida.wav	false	false	APP_RESOURCE	APP_DEFAULT
VOC-PRESET-HOMBRE-40-INDIGNADO-TESTIGO-PERSONAJE	Hombre 40 indignado testigo personaje	TENDER	VOICE-SAMPLE-VOC-PRESET-HOMBRE-40-INDIGNADO-TESTIGO-PERSONAJE-TENDER	samples/voices/advanced-presets/hombre_40_indignado_testigo_personaje/tierna.wav	false	false	APP_RESOURCE	APP_DEFAULT
VOC-PRESET-HOMBRE-40-INDIGNADO-TESTIGO-PERSONAJE	Hombre 40 indignado testigo personaje	COLD	VOICE-SAMPLE-VOC-PRESET-HOMBRE-40-INDIGNADO-TESTIGO-PERSONAJE-COLD	samples/voices/advanced-presets/hombre_40_indignado_testigo_personaje/fria.wav	false	false	APP_RESOURCE	APP_DEFAULT
VOC-PRESET-HOMBRE-40-INDIGNADO-TESTIGO-PERSONAJE	Hombre 40 indignado testigo personaje	MOCKING	VOICE-SAMPLE-VOC-PRESET-HOMBRE-40-INDIGNADO-TESTIGO-PERSONAJE-MOCKING	samples/voices/advanced-presets/hombre_40_indignado_testigo_personaje/burlona.wav	false	false	APP_RESOURCE	APP_DEFAULT
VOC-PRESET-HOMBRE-40-INDIGNADO-TESTIGO-PERSONAJE	Hombre 40 indignado testigo personaje	DISTRUSTFUL	VOICE-SAMPLE-VOC-PRESET-HOMBRE-40-INDIGNADO-TESTIGO-PERSONAJE-DISTRUSTFUL	samples/voices/advanced-presets/hombre_40_indignado_testigo_personaje/desconfiada.wav	false	false	APP_RESOURCE	APP_DEFAULT
VOC-PRESET-HOMBRE-40-INDIGNADO-TESTIGO-PERSONAJE	Hombre 40 indignado testigo personaje	REPENTANT	VOICE-SAMPLE-VOC-PRESET-HOMBRE-40-INDIGNADO-TESTIGO-PERSONAJE-REPENTANT	samples/voices/advanced-presets/hombre_40_indignado_testigo_personaje/arrepentida.wav	false	false	APP_RESOURCE	APP_DEFAULT
VOC-PRESET-HOMBRE-40-INDIGNADO-TESTIGO-PERSONAJE	Hombre 40 indignado testigo personaje	VULNERABLE	VOICE-SAMPLE-VOC-PRESET-HOMBRE-40-INDIGNADO-TESTIGO-PERSONAJE-VULNERABLE	samples/voices/advanced-presets/hombre_40_indignado_testigo_personaje/vulnerable.wav	false	false	APP_RESOURCE	APP_DEFAULT
VOC-PRESET-HOMBRE-40-INDIGNADO-TESTIGO-PERSONAJE	Hombre 40 indignado testigo personaje	HOPEFUL	VOICE-SAMPLE-VOC-PRESET-HOMBRE-40-INDIGNADO-TESTIGO-PERSONAJE-HOPEFUL	samples/voices/advanced-presets/hombre_40_indignado_testigo_personaje/esperanzada.wav	false	false	APP_RESOURCE	APP_DEFAULT
VOC-PRESET-HOMBRE-40-INDIGNADO-TESTIGO-PERSONAJE	Hombre 40 indignado testigo personaje	RESIGNED	VOICE-SAMPLE-VOC-PRESET-HOMBRE-40-INDIGNADO-TESTIGO-PERSONAJE-RESIGNED	samples/voices/advanced-presets/hombre_40_indignado_testigo_personaje/resignada.wav	false	false	APP_RESOURCE	APP_DEFAULT
VOC-PRESET-HOMBRE-40-INDIGNADO-TESTIGO-PERSONAJE	Hombre 40 indignado testigo personaje	THREATENING	VOICE-SAMPLE-VOC-PRESET-HOMBRE-40-INDIGNADO-TESTIGO-PERSONAJE-THREATENING	samples/voices/advanced-presets/hombre_40_indignado_testigo_personaje/amenazante.wav	false	false	APP_RESOURCE	APP_DEFAULT
VOC-PRESET-HOMBRE-40-INDIGNADO-TESTIGO-PERSONAJE	Hombre 40 indignado testigo personaje	DEFIANT	VOICE-SAMPLE-VOC-PRESET-HOMBRE-40-INDIGNADO-TESTIGO-PERSONAJE-DEFIANT	samples/voices/advanced-presets/hombre_40_indignado_testigo_personaje/desafiante.wav	false	false	APP_RESOURCE	APP_DEFAULT
VOC-PRESET-HOMBRE-40-INDIGNADO-TESTIGO-PERSONAJE	Hombre 40 indignado testigo personaje	SEDUCTIVE_NON_EXPLICIT	VOICE-SAMPLE-VOC-PRESET-HOMBRE-40-INDIGNADO-TESTIGO-PERSONAJE-SEDUCTIVE_NON_EXPLICIT	samples/voices/advanced-presets/hombre_40_indignado_testigo_personaje/sutil.wav	false	false	APP_RESOURCE	APP_DEFAULT
VOC-PRESET-MUJER-40-DRAMATICA-INDIGNADA-PERSONAJE	Mujer 40 dramatica indignada personaje	NEUTRAL	VOICE-SAMPLE-VOC-PRESET-MUJER-40-DRAMATICA-INDIGNADA-PERSONAJE-NEUTRAL	samples/voices/advanced-presets/mujer_40_dramatica_indignada_personaje/neutral.wav	false	false	APP_RESOURCE	APP_DEFAULT
VOC-PRESET-MUJER-40-DRAMATICA-INDIGNADA-PERSONAJE	Mujer 40 dramatica indignada personaje	HAPPY	VOICE-SAMPLE-VOC-PRESET-MUJER-40-DRAMATICA-INDIGNADA-PERSONAJE-HAPPY	samples/voices/advanced-presets/mujer_40_dramatica_indignada_personaje/feliz.wav	false	false	APP_RESOURCE	APP_DEFAULT
VOC-PRESET-MUJER-40-DRAMATICA-INDIGNADA-PERSONAJE	Mujer 40 dramatica indignada personaje	SAD	VOICE-SAMPLE-VOC-PRESET-MUJER-40-DRAMATICA-INDIGNADA-PERSONAJE-SAD	samples/voices/advanced-presets/mujer_40_dramatica_indignada_personaje/triste.wav	false	false	APP_RESOURCE	APP_DEFAULT
VOC-PRESET-MUJER-40-DRAMATICA-INDIGNADA-PERSONAJE	Mujer 40 dramatica indignada personaje	ANGRY	VOICE-SAMPLE-VOC-PRESET-MUJER-40-DRAMATICA-INDIGNADA-PERSONAJE-ANGRY	samples/voices/advanced-presets/mujer_40_dramatica_indignada_personaje/enojada.wav	false	false	APP_RESOURCE	APP_DEFAULT
VOC-PRESET-MUJER-40-DRAMATICA-INDIGNADA-PERSONAJE	Mujer 40 dramatica indignada personaje	SERIOUS	VOICE-SAMPLE-VOC-PRESET-MUJER-40-DRAMATICA-INDIGNADA-PERSONAJE-SERIOUS	samples/voices/advanced-presets/mujer_40_dramatica_indignada_personaje/seria.wav	false	false	APP_RESOURCE	APP_DEFAULT
VOC-PRESET-MUJER-40-DRAMATICA-INDIGNADA-PERSONAJE	Mujer 40 dramatica indignada personaje	CALM	VOICE-SAMPLE-VOC-PRESET-MUJER-40-DRAMATICA-INDIGNADA-PERSONAJE-CALM	samples/voices/advanced-presets/mujer_40_dramatica_indignada_personaje/calmada.wav	false	false	APP_RESOURCE	APP_DEFAULT
VOC-PRESET-MUJER-40-DRAMATICA-INDIGNADA-PERSONAJE	Mujer 40 dramatica indignada personaje	WORRIED	VOICE-SAMPLE-VOC-PRESET-MUJER-40-DRAMATICA-INDIGNADA-PERSONAJE-WORRIED	samples/voices/advanced-presets/mujer_40_dramatica_indignada_personaje/preocupada.wav	false	false	APP_RESOURCE	APP_DEFAULT
VOC-PRESET-MUJER-40-DRAMATICA-INDIGNADA-PERSONAJE	Mujer 40 dramatica indignada personaje	ENTHUSIASTIC	VOICE-SAMPLE-VOC-PRESET-MUJER-40-DRAMATICA-INDIGNADA-PERSONAJE-ENTHUSIASTIC	samples/voices/advanced-presets/mujer_40_dramatica_indignada_personaje/entusiasmada.wav	false	false	APP_RESOURCE	APP_DEFAULT
VOC-PRESET-MUJER-40-DRAMATICA-INDIGNADA-PERSONAJE	Mujer 40 dramatica indignada personaje	BORED	VOICE-SAMPLE-VOC-PRESET-MUJER-40-DRAMATICA-INDIGNADA-PERSONAJE-BORED	samples/voices/advanced-presets/mujer_40_dramatica_indignada_personaje/aburrida.wav	false	false	APP_RESOURCE	APP_DEFAULT
VOC-PRESET-MUJER-40-DRAMATICA-INDIGNADA-PERSONAJE	Mujer 40 dramatica indignada personaje	EUPHORIC	VOICE-SAMPLE-VOC-PRESET-MUJER-40-DRAMATICA-INDIGNADA-PERSONAJE-EUPHORIC	samples/voices/advanced-presets/mujer_40_dramatica_indignada_personaje/euforica.wav	false	false	APP_RESOURCE	APP_DEFAULT
VOC-PRESET-MUJER-40-DRAMATICA-INDIGNADA-PERSONAJE	Mujer 40 dramatica indignada personaje	MELANCHOLIC	VOICE-SAMPLE-VOC-PRESET-MUJER-40-DRAMATICA-INDIGNADA-PERSONAJE-MELANCHOLIC	samples/voices/advanced-presets/mujer_40_dramatica_indignada_personaje/melancolica.wav	false	false	APP_RESOURCE	APP_DEFAULT
VOC-PRESET-MUJER-40-DRAMATICA-INDIGNADA-PERSONAJE	Mujer 40 dramatica indignada personaje	NERVOUS	VOICE-SAMPLE-VOC-PRESET-MUJER-40-DRAMATICA-INDIGNADA-PERSONAJE-NERVOUS	samples/voices/advanced-presets/mujer_40_dramatica_indignada_personaje/nerviosa.wav	false	false	APP_RESOURCE	APP_DEFAULT
VOC-PRESET-MUJER-40-DRAMATICA-INDIGNADA-PERSONAJE	Mujer 40 dramatica indignada personaje	AFRAID	VOICE-SAMPLE-VOC-PRESET-MUJER-40-DRAMATICA-INDIGNADA-PERSONAJE-AFRAID	samples/voices/advanced-presets/mujer_40_dramatica_indignada_personaje/asustada.wav	false	false	APP_RESOURCE	APP_DEFAULT
VOC-PRESET-MUJER-40-DRAMATICA-INDIGNADA-PERSONAJE	Mujer 40 dramatica indignada personaje	SURPRISED	VOICE-SAMPLE-VOC-PRESET-MUJER-40-DRAMATICA-INDIGNADA-PERSONAJE-SURPRISED	samples/voices/advanced-presets/mujer_40_dramatica_indignada_personaje/sorprendida.wav	false	false	APP_RESOURCE	APP_DEFAULT
VOC-PRESET-MUJER-40-DRAMATICA-INDIGNADA-PERSONAJE	Mujer 40 dramatica indignada personaje	DOUBTFUL	VOICE-SAMPLE-VOC-PRESET-MUJER-40-DRAMATICA-INDIGNADA-PERSONAJE-DOUBTFUL	samples/voices/advanced-presets/mujer_40_dramatica_indignada_personaje/dudosa.wav	false	false	APP_RESOURCE	APP_DEFAULT
VOC-PRESET-MUJER-40-DRAMATICA-INDIGNADA-PERSONAJE	Mujer 40 dramatica indignada personaje	TIRED	VOICE-SAMPLE-VOC-PRESET-MUJER-40-DRAMATICA-INDIGNADA-PERSONAJE-TIRED	samples/voices/advanced-presets/mujer_40_dramatica_indignada_personaje/cansada.wav	false	false	APP_RESOURCE	APP_DEFAULT
VOC-PRESET-MUJER-40-DRAMATICA-INDIGNADA-PERSONAJE	Mujer 40 dramatica indignada personaje	PLEADING	VOICE-SAMPLE-VOC-PRESET-MUJER-40-DRAMATICA-INDIGNADA-PERSONAJE-PLEADING	samples/voices/advanced-presets/mujer_40_dramatica_indignada_personaje/suplicante.wav	false	false	APP_RESOURCE	APP_DEFAULT
VOC-PRESET-MUJER-40-DRAMATICA-INDIGNADA-PERSONAJE	Mujer 40 dramatica indignada personaje	AUTHORITATIVE	VOICE-SAMPLE-VOC-PRESET-MUJER-40-DRAMATICA-INDIGNADA-PERSONAJE-AUTHORITATIVE	samples/voices/advanced-presets/mujer_40_dramatica_indignada_personaje/autoritaria.wav	false	false	APP_RESOURCE	APP_DEFAULT
VOC-PRESET-MUJER-40-DRAMATICA-INDIGNADA-PERSONAJE	Mujer 40 dramatica indignada personaje	IRONIC	VOICE-SAMPLE-VOC-PRESET-MUJER-40-DRAMATICA-INDIGNADA-PERSONAJE-IRONIC	samples/voices/advanced-presets/mujer_40_dramatica_indignada_personaje/ironica.wav	false	false	APP_RESOURCE	APP_DEFAULT
VOC-PRESET-MUJER-40-DRAMATICA-INDIGNADA-PERSONAJE	Mujer 40 dramatica indignada personaje	SARCASTIC	VOICE-SAMPLE-VOC-PRESET-MUJER-40-DRAMATICA-INDIGNADA-PERSONAJE-SARCASTIC	samples/voices/advanced-presets/mujer_40_dramatica_indignada_personaje/sarcastica.wav	false	false	APP_RESOURCE	APP_DEFAULT
VOC-PRESET-MUJER-40-DRAMATICA-INDIGNADA-PERSONAJE	Mujer 40 dramatica indignada personaje	MYSTERIOUS	VOICE-SAMPLE-VOC-PRESET-MUJER-40-DRAMATICA-INDIGNADA-PERSONAJE-MYSTERIOUS	samples/voices/advanced-presets/mujer_40_dramatica_indignada_personaje/misteriosa.wav	false	false	APP_RESOURCE	APP_DEFAULT
VOC-PRESET-MUJER-40-DRAMATICA-INDIGNADA-PERSONAJE	Mujer 40 dramatica indignada personaje	SOLEMN	VOICE-SAMPLE-VOC-PRESET-MUJER-40-DRAMATICA-INDIGNADA-PERSONAJE-SOLEMN	samples/voices/advanced-presets/mujer_40_dramatica_indignada_personaje/solemne.wav	false	false	APP_RESOURCE	APP_DEFAULT
VOC-PRESET-MUJER-40-DRAMATICA-INDIGNADA-PERSONAJE	Mujer 40 dramatica indignada personaje	HEROIC	VOICE-SAMPLE-VOC-PRESET-MUJER-40-DRAMATICA-INDIGNADA-PERSONAJE-HEROIC	samples/voices/advanced-presets/mujer_40_dramatica_indignada_personaje/heroica.wav	false	false	APP_RESOURCE	APP_DEFAULT
VOC-PRESET-MUJER-40-DRAMATICA-INDIGNADA-PERSONAJE	Mujer 40 dramatica indignada personaje	DRAMATIC	VOICE-SAMPLE-VOC-PRESET-MUJER-40-DRAMATICA-INDIGNADA-PERSONAJE-DRAMATIC	samples/voices/advanced-presets/mujer_40_dramatica_indignada_personaje/dramatica.wav	false	false	APP_RESOURCE	APP_DEFAULT
VOC-PRESET-MUJER-40-DRAMATICA-INDIGNADA-PERSONAJE	Mujer 40 dramatica indignada personaje	TENSE	VOICE-SAMPLE-VOC-PRESET-MUJER-40-DRAMATICA-INDIGNADA-PERSONAJE-TENSE	samples/voices/advanced-presets/mujer_40_dramatica_indignada_personaje/tensa.wav	false	false	APP_RESOURCE	APP_DEFAULT
VOC-PRESET-MUJER-40-DRAMATICA-INDIGNADA-PERSONAJE	Mujer 40 dramatica indignada personaje	RUSHED	VOICE-SAMPLE-VOC-PRESET-MUJER-40-DRAMATICA-INDIGNADA-PERSONAJE-RUSHED	samples/voices/advanced-presets/mujer_40_dramatica_indignada_personaje/apurada.wav	false	false	APP_RESOURCE	APP_DEFAULT
VOC-PRESET-MUJER-40-DRAMATICA-INDIGNADA-PERSONAJE	Mujer 40 dramatica indignada personaje	CONFUSED	VOICE-SAMPLE-VOC-PRESET-MUJER-40-DRAMATICA-INDIGNADA-PERSONAJE-CONFUSED	samples/voices/advanced-presets/mujer_40_dramatica_indignada_personaje/confundida.wav	false	false	APP_RESOURCE	APP_DEFAULT
VOC-PRESET-MUJER-40-DRAMATICA-INDIGNADA-PERSONAJE	Mujer 40 dramatica indignada personaje	TENDER	VOICE-SAMPLE-VOC-PRESET-MUJER-40-DRAMATICA-INDIGNADA-PERSONAJE-TENDER	samples/voices/advanced-presets/mujer_40_dramatica_indignada_personaje/tierna.wav	false	false	APP_RESOURCE	APP_DEFAULT
VOC-PRESET-MUJER-40-DRAMATICA-INDIGNADA-PERSONAJE	Mujer 40 dramatica indignada personaje	COLD	VOICE-SAMPLE-VOC-PRESET-MUJER-40-DRAMATICA-INDIGNADA-PERSONAJE-COLD	samples/voices/advanced-presets/mujer_40_dramatica_indignada_personaje/fria.wav	false	false	APP_RESOURCE	APP_DEFAULT
VOC-PRESET-MUJER-40-DRAMATICA-INDIGNADA-PERSONAJE	Mujer 40 dramatica indignada personaje	MOCKING	VOICE-SAMPLE-VOC-PRESET-MUJER-40-DRAMATICA-INDIGNADA-PERSONAJE-MOCKING	samples/voices/advanced-presets/mujer_40_dramatica_indignada_personaje/burlona.wav	false	false	APP_RESOURCE	APP_DEFAULT
VOC-PRESET-MUJER-40-DRAMATICA-INDIGNADA-PERSONAJE	Mujer 40 dramatica indignada personaje	DISTRUSTFUL	VOICE-SAMPLE-VOC-PRESET-MUJER-40-DRAMATICA-INDIGNADA-PERSONAJE-DISTRUSTFUL	samples/voices/advanced-presets/mujer_40_dramatica_indignada_personaje/desconfiada.wav	false	false	APP_RESOURCE	APP_DEFAULT
VOC-PRESET-MUJER-40-DRAMATICA-INDIGNADA-PERSONAJE	Mujer 40 dramatica indignada personaje	REPENTANT	VOICE-SAMPLE-VOC-PRESET-MUJER-40-DRAMATICA-INDIGNADA-PERSONAJE-REPENTANT	samples/voices/advanced-presets/mujer_40_dramatica_indignada_personaje/arrepentida.wav	false	false	APP_RESOURCE	APP_DEFAULT
VOC-PRESET-MUJER-40-DRAMATICA-INDIGNADA-PERSONAJE	Mujer 40 dramatica indignada personaje	VULNERABLE	VOICE-SAMPLE-VOC-PRESET-MUJER-40-DRAMATICA-INDIGNADA-PERSONAJE-VULNERABLE	samples/voices/advanced-presets/mujer_40_dramatica_indignada_personaje/vulnerable.wav	false	false	APP_RESOURCE	APP_DEFAULT
VOC-PRESET-MUJER-40-DRAMATICA-INDIGNADA-PERSONAJE	Mujer 40 dramatica indignada personaje	HOPEFUL	VOICE-SAMPLE-VOC-PRESET-MUJER-40-DRAMATICA-INDIGNADA-PERSONAJE-HOPEFUL	samples/voices/advanced-presets/mujer_40_dramatica_indignada_personaje/esperanzada.wav	false	false	APP_RESOURCE	APP_DEFAULT
VOC-PRESET-MUJER-40-DRAMATICA-INDIGNADA-PERSONAJE	Mujer 40 dramatica indignada personaje	RESIGNED	VOICE-SAMPLE-VOC-PRESET-MUJER-40-DRAMATICA-INDIGNADA-PERSONAJE-RESIGNED	samples/voices/advanced-presets/mujer_40_dramatica_indignada_personaje/resignada.wav	false	false	APP_RESOURCE	APP_DEFAULT
VOC-PRESET-MUJER-40-DRAMATICA-INDIGNADA-PERSONAJE	Mujer 40 dramatica indignada personaje	THREATENING	VOICE-SAMPLE-VOC-PRESET-MUJER-40-DRAMATICA-INDIGNADA-PERSONAJE-THREATENING	samples/voices/advanced-presets/mujer_40_dramatica_indignada_personaje/amenazante.wav	false	false	APP_RESOURCE	APP_DEFAULT
VOC-PRESET-MUJER-40-DRAMATICA-INDIGNADA-PERSONAJE	Mujer 40 dramatica indignada personaje	DEFIANT	VOICE-SAMPLE-VOC-PRESET-MUJER-40-DRAMATICA-INDIGNADA-PERSONAJE-DEFIANT	samples/voices/advanced-presets/mujer_40_dramatica_indignada_personaje/desafiante.wav	false	false	APP_RESOURCE	APP_DEFAULT
VOC-PRESET-MUJER-40-DRAMATICA-INDIGNADA-PERSONAJE	Mujer 40 dramatica indignada personaje	SEDUCTIVE_NON_EXPLICIT	VOICE-SAMPLE-VOC-PRESET-MUJER-40-DRAMATICA-INDIGNADA-PERSONAJE-SEDUCTIVE_NON_EXPLICIT	samples/voices/advanced-presets/mujer_40_dramatica_indignada_personaje/sutil.wav	false	false	APP_RESOURCE	APP_DEFAULT
VOC-PRESET-MUJER-60-SABIA-MEMORIA-LATAM-PERSONAJE	Mujer 60 sabia memoria LATAM personaje	NEUTRAL	VOICE-SAMPLE-VOC-PRESET-MUJER-60-SABIA-MEMORIA-LATAM-PERSONAJE-NEUTRAL	samples/voices/advanced-presets/mujer_60_sabia_memoria_latam_personaje/neutral.wav	false	false	APP_RESOURCE	APP_DEFAULT
VOC-PRESET-MUJER-60-SABIA-MEMORIA-LATAM-PERSONAJE	Mujer 60 sabia memoria LATAM personaje	HAPPY	VOICE-SAMPLE-VOC-PRESET-MUJER-60-SABIA-MEMORIA-LATAM-PERSONAJE-HAPPY	samples/voices/advanced-presets/mujer_60_sabia_memoria_latam_personaje/feliz.wav	false	false	APP_RESOURCE	APP_DEFAULT
VOC-PRESET-MUJER-60-SABIA-MEMORIA-LATAM-PERSONAJE	Mujer 60 sabia memoria LATAM personaje	SAD	VOICE-SAMPLE-VOC-PRESET-MUJER-60-SABIA-MEMORIA-LATAM-PERSONAJE-SAD	samples/voices/advanced-presets/mujer_60_sabia_memoria_latam_personaje/triste.wav	false	false	APP_RESOURCE	APP_DEFAULT
VOC-PRESET-MUJER-60-SABIA-MEMORIA-LATAM-PERSONAJE	Mujer 60 sabia memoria LATAM personaje	ANGRY	VOICE-SAMPLE-VOC-PRESET-MUJER-60-SABIA-MEMORIA-LATAM-PERSONAJE-ANGRY	samples/voices/advanced-presets/mujer_60_sabia_memoria_latam_personaje/enojada.wav	false	false	APP_RESOURCE	APP_DEFAULT
VOC-PRESET-MUJER-60-SABIA-MEMORIA-LATAM-PERSONAJE	Mujer 60 sabia memoria LATAM personaje	SERIOUS	VOICE-SAMPLE-VOC-PRESET-MUJER-60-SABIA-MEMORIA-LATAM-PERSONAJE-SERIOUS	samples/voices/advanced-presets/mujer_60_sabia_memoria_latam_personaje/seria.wav	false	false	APP_RESOURCE	APP_DEFAULT
VOC-PRESET-MUJER-60-SABIA-MEMORIA-LATAM-PERSONAJE	Mujer 60 sabia memoria LATAM personaje	CALM	VOICE-SAMPLE-VOC-PRESET-MUJER-60-SABIA-MEMORIA-LATAM-PERSONAJE-CALM	samples/voices/advanced-presets/mujer_60_sabia_memoria_latam_personaje/calmada.wav	false	false	APP_RESOURCE	APP_DEFAULT
VOC-PRESET-MUJER-60-SABIA-MEMORIA-LATAM-PERSONAJE	Mujer 60 sabia memoria LATAM personaje	WORRIED	VOICE-SAMPLE-VOC-PRESET-MUJER-60-SABIA-MEMORIA-LATAM-PERSONAJE-WORRIED	samples/voices/advanced-presets/mujer_60_sabia_memoria_latam_personaje/preocupada.wav	false	false	APP_RESOURCE	APP_DEFAULT
VOC-PRESET-MUJER-60-SABIA-MEMORIA-LATAM-PERSONAJE	Mujer 60 sabia memoria LATAM personaje	ENTHUSIASTIC	VOICE-SAMPLE-VOC-PRESET-MUJER-60-SABIA-MEMORIA-LATAM-PERSONAJE-ENTHUSIASTIC	samples/voices/advanced-presets/mujer_60_sabia_memoria_latam_personaje/entusiasmada.wav	false	false	APP_RESOURCE	APP_DEFAULT
VOC-PRESET-MUJER-60-SABIA-MEMORIA-LATAM-PERSONAJE	Mujer 60 sabia memoria LATAM personaje	BORED	VOICE-SAMPLE-VOC-PRESET-MUJER-60-SABIA-MEMORIA-LATAM-PERSONAJE-BORED	samples/voices/advanced-presets/mujer_60_sabia_memoria_latam_personaje/aburrida.wav	false	false	APP_RESOURCE	APP_DEFAULT
VOC-PRESET-MUJER-60-SABIA-MEMORIA-LATAM-PERSONAJE	Mujer 60 sabia memoria LATAM personaje	EUPHORIC	VOICE-SAMPLE-VOC-PRESET-MUJER-60-SABIA-MEMORIA-LATAM-PERSONAJE-EUPHORIC	samples/voices/advanced-presets/mujer_60_sabia_memoria_latam_personaje/euforica.wav	false	false	APP_RESOURCE	APP_DEFAULT
VOC-PRESET-MUJER-60-SABIA-MEMORIA-LATAM-PERSONAJE	Mujer 60 sabia memoria LATAM personaje	MELANCHOLIC	VOICE-SAMPLE-VOC-PRESET-MUJER-60-SABIA-MEMORIA-LATAM-PERSONAJE-MELANCHOLIC	samples/voices/advanced-presets/mujer_60_sabia_memoria_latam_personaje/melancolica.wav	false	false	APP_RESOURCE	APP_DEFAULT
VOC-PRESET-MUJER-60-SABIA-MEMORIA-LATAM-PERSONAJE	Mujer 60 sabia memoria LATAM personaje	NERVOUS	VOICE-SAMPLE-VOC-PRESET-MUJER-60-SABIA-MEMORIA-LATAM-PERSONAJE-NERVOUS	samples/voices/advanced-presets/mujer_60_sabia_memoria_latam_personaje/nerviosa.wav	false	false	APP_RESOURCE	APP_DEFAULT
VOC-PRESET-MUJER-60-SABIA-MEMORIA-LATAM-PERSONAJE	Mujer 60 sabia memoria LATAM personaje	AFRAID	VOICE-SAMPLE-VOC-PRESET-MUJER-60-SABIA-MEMORIA-LATAM-PERSONAJE-AFRAID	samples/voices/advanced-presets/mujer_60_sabia_memoria_latam_personaje/asustada.wav	false	false	APP_RESOURCE	APP_DEFAULT
VOC-PRESET-MUJER-60-SABIA-MEMORIA-LATAM-PERSONAJE	Mujer 60 sabia memoria LATAM personaje	SURPRISED	VOICE-SAMPLE-VOC-PRESET-MUJER-60-SABIA-MEMORIA-LATAM-PERSONAJE-SURPRISED	samples/voices/advanced-presets/mujer_60_sabia_memoria_latam_personaje/sorprendida.wav	false	false	APP_RESOURCE	APP_DEFAULT
VOC-PRESET-MUJER-60-SABIA-MEMORIA-LATAM-PERSONAJE	Mujer 60 sabia memoria LATAM personaje	DOUBTFUL	VOICE-SAMPLE-VOC-PRESET-MUJER-60-SABIA-MEMORIA-LATAM-PERSONAJE-DOUBTFUL	samples/voices/advanced-presets/mujer_60_sabia_memoria_latam_personaje/dudosa.wav	false	false	APP_RESOURCE	APP_DEFAULT
VOC-PRESET-MUJER-60-SABIA-MEMORIA-LATAM-PERSONAJE	Mujer 60 sabia memoria LATAM personaje	TIRED	VOICE-SAMPLE-VOC-PRESET-MUJER-60-SABIA-MEMORIA-LATAM-PERSONAJE-TIRED	samples/voices/advanced-presets/mujer_60_sabia_memoria_latam_personaje/cansada.wav	false	false	APP_RESOURCE	APP_DEFAULT
VOC-PRESET-MUJER-60-SABIA-MEMORIA-LATAM-PERSONAJE	Mujer 60 sabia memoria LATAM personaje	PLEADING	VOICE-SAMPLE-VOC-PRESET-MUJER-60-SABIA-MEMORIA-LATAM-PERSONAJE-PLEADING	samples/voices/advanced-presets/mujer_60_sabia_memoria_latam_personaje/suplicante.wav	false	false	APP_RESOURCE	APP_DEFAULT
VOC-PRESET-MUJER-60-SABIA-MEMORIA-LATAM-PERSONAJE	Mujer 60 sabia memoria LATAM personaje	AUTHORITATIVE	VOICE-SAMPLE-VOC-PRESET-MUJER-60-SABIA-MEMORIA-LATAM-PERSONAJE-AUTHORITATIVE	samples/voices/advanced-presets/mujer_60_sabia_memoria_latam_personaje/autoritaria.wav	false	false	APP_RESOURCE	APP_DEFAULT
VOC-PRESET-MUJER-60-SABIA-MEMORIA-LATAM-PERSONAJE	Mujer 60 sabia memoria LATAM personaje	IRONIC	VOICE-SAMPLE-VOC-PRESET-MUJER-60-SABIA-MEMORIA-LATAM-PERSONAJE-IRONIC	samples/voices/advanced-presets/mujer_60_sabia_memoria_latam_personaje/ironica.wav	false	false	APP_RESOURCE	APP_DEFAULT
VOC-PRESET-MUJER-60-SABIA-MEMORIA-LATAM-PERSONAJE	Mujer 60 sabia memoria LATAM personaje	SARCASTIC	VOICE-SAMPLE-VOC-PRESET-MUJER-60-SABIA-MEMORIA-LATAM-PERSONAJE-SARCASTIC	samples/voices/advanced-presets/mujer_60_sabia_memoria_latam_personaje/sarcastica.wav	false	false	APP_RESOURCE	APP_DEFAULT
VOC-PRESET-MUJER-60-SABIA-MEMORIA-LATAM-PERSONAJE	Mujer 60 sabia memoria LATAM personaje	MYSTERIOUS	VOICE-SAMPLE-VOC-PRESET-MUJER-60-SABIA-MEMORIA-LATAM-PERSONAJE-MYSTERIOUS	samples/voices/advanced-presets/mujer_60_sabia_memoria_latam_personaje/misteriosa.wav	false	false	APP_RESOURCE	APP_DEFAULT
VOC-PRESET-MUJER-60-SABIA-MEMORIA-LATAM-PERSONAJE	Mujer 60 sabia memoria LATAM personaje	SOLEMN	VOICE-SAMPLE-VOC-PRESET-MUJER-60-SABIA-MEMORIA-LATAM-PERSONAJE-SOLEMN	samples/voices/advanced-presets/mujer_60_sabia_memoria_latam_personaje/solemne.wav	false	false	APP_RESOURCE	APP_DEFAULT
VOC-PRESET-MUJER-60-SABIA-MEMORIA-LATAM-PERSONAJE	Mujer 60 sabia memoria LATAM personaje	HEROIC	VOICE-SAMPLE-VOC-PRESET-MUJER-60-SABIA-MEMORIA-LATAM-PERSONAJE-HEROIC	samples/voices/advanced-presets/mujer_60_sabia_memoria_latam_personaje/heroica.wav	false	false	APP_RESOURCE	APP_DEFAULT
VOC-PRESET-MUJER-60-SABIA-MEMORIA-LATAM-PERSONAJE	Mujer 60 sabia memoria LATAM personaje	DRAMATIC	VOICE-SAMPLE-VOC-PRESET-MUJER-60-SABIA-MEMORIA-LATAM-PERSONAJE-DRAMATIC	samples/voices/advanced-presets/mujer_60_sabia_memoria_latam_personaje/dramatica.wav	false	false	APP_RESOURCE	APP_DEFAULT
VOC-PRESET-MUJER-60-SABIA-MEMORIA-LATAM-PERSONAJE	Mujer 60 sabia memoria LATAM personaje	TENSE	VOICE-SAMPLE-VOC-PRESET-MUJER-60-SABIA-MEMORIA-LATAM-PERSONAJE-TENSE	samples/voices/advanced-presets/mujer_60_sabia_memoria_latam_personaje/tensa.wav	false	false	APP_RESOURCE	APP_DEFAULT
VOC-PRESET-MUJER-60-SABIA-MEMORIA-LATAM-PERSONAJE	Mujer 60 sabia memoria LATAM personaje	RUSHED	VOICE-SAMPLE-VOC-PRESET-MUJER-60-SABIA-MEMORIA-LATAM-PERSONAJE-RUSHED	samples/voices/advanced-presets/mujer_60_sabia_memoria_latam_personaje/apurada.wav	false	false	APP_RESOURCE	APP_DEFAULT
VOC-PRESET-MUJER-60-SABIA-MEMORIA-LATAM-PERSONAJE	Mujer 60 sabia memoria LATAM personaje	CONFUSED	VOICE-SAMPLE-VOC-PRESET-MUJER-60-SABIA-MEMORIA-LATAM-PERSONAJE-CONFUSED	samples/voices/advanced-presets/mujer_60_sabia_memoria_latam_personaje/confundida.wav	false	false	APP_RESOURCE	APP_DEFAULT
VOC-PRESET-MUJER-60-SABIA-MEMORIA-LATAM-PERSONAJE	Mujer 60 sabia memoria LATAM personaje	TENDER	VOICE-SAMPLE-VOC-PRESET-MUJER-60-SABIA-MEMORIA-LATAM-PERSONAJE-TENDER	samples/voices/advanced-presets/mujer_60_sabia_memoria_latam_personaje/tierna.wav	false	false	APP_RESOURCE	APP_DEFAULT
VOC-PRESET-MUJER-60-SABIA-MEMORIA-LATAM-PERSONAJE	Mujer 60 sabia memoria LATAM personaje	COLD	VOICE-SAMPLE-VOC-PRESET-MUJER-60-SABIA-MEMORIA-LATAM-PERSONAJE-COLD	samples/voices/advanced-presets/mujer_60_sabia_memoria_latam_personaje/fria.wav	false	false	APP_RESOURCE	APP_DEFAULT
VOC-PRESET-MUJER-60-SABIA-MEMORIA-LATAM-PERSONAJE	Mujer 60 sabia memoria LATAM personaje	MOCKING	VOICE-SAMPLE-VOC-PRESET-MUJER-60-SABIA-MEMORIA-LATAM-PERSONAJE-MOCKING	samples/voices/advanced-presets/mujer_60_sabia_memoria_latam_personaje/burlona.wav	false	false	APP_RESOURCE	APP_DEFAULT
VOC-PRESET-MUJER-60-SABIA-MEMORIA-LATAM-PERSONAJE	Mujer 60 sabia memoria LATAM personaje	DISTRUSTFUL	VOICE-SAMPLE-VOC-PRESET-MUJER-60-SABIA-MEMORIA-LATAM-PERSONAJE-DISTRUSTFUL	samples/voices/advanced-presets/mujer_60_sabia_memoria_latam_personaje/desconfiada.wav	false	false	APP_RESOURCE	APP_DEFAULT
VOC-PRESET-MUJER-60-SABIA-MEMORIA-LATAM-PERSONAJE	Mujer 60 sabia memoria LATAM personaje	REPENTANT	VOICE-SAMPLE-VOC-PRESET-MUJER-60-SABIA-MEMORIA-LATAM-PERSONAJE-REPENTANT	samples/voices/advanced-presets/mujer_60_sabia_memoria_latam_personaje/arrepentida.wav	false	false	APP_RESOURCE	APP_DEFAULT
VOC-PRESET-MUJER-60-SABIA-MEMORIA-LATAM-PERSONAJE	Mujer 60 sabia memoria LATAM personaje	VULNERABLE	VOICE-SAMPLE-VOC-PRESET-MUJER-60-SABIA-MEMORIA-LATAM-PERSONAJE-VULNERABLE	samples/voices/advanced-presets/mujer_60_sabia_memoria_latam_personaje/vulnerable.wav	false	false	APP_RESOURCE	APP_DEFAULT
VOC-PRESET-MUJER-60-SABIA-MEMORIA-LATAM-PERSONAJE	Mujer 60 sabia memoria LATAM personaje	HOPEFUL	VOICE-SAMPLE-VOC-PRESET-MUJER-60-SABIA-MEMORIA-LATAM-PERSONAJE-HOPEFUL	samples/voices/advanced-presets/mujer_60_sabia_memoria_latam_personaje/esperanzada.wav	false	false	APP_RESOURCE	APP_DEFAULT
VOC-PRESET-MUJER-60-SABIA-MEMORIA-LATAM-PERSONAJE	Mujer 60 sabia memoria LATAM personaje	RESIGNED	VOICE-SAMPLE-VOC-PRESET-MUJER-60-SABIA-MEMORIA-LATAM-PERSONAJE-RESIGNED	samples/voices/advanced-presets/mujer_60_sabia_memoria_latam_personaje/resignada.wav	false	false	APP_RESOURCE	APP_DEFAULT
VOC-PRESET-MUJER-60-SABIA-MEMORIA-LATAM-PERSONAJE	Mujer 60 sabia memoria LATAM personaje	THREATENING	VOICE-SAMPLE-VOC-PRESET-MUJER-60-SABIA-MEMORIA-LATAM-PERSONAJE-THREATENING	samples/voices/advanced-presets/mujer_60_sabia_memoria_latam_personaje/amenazante.wav	false	false	APP_RESOURCE	APP_DEFAULT
VOC-PRESET-MUJER-60-SABIA-MEMORIA-LATAM-PERSONAJE	Mujer 60 sabia memoria LATAM personaje	DEFIANT	VOICE-SAMPLE-VOC-PRESET-MUJER-60-SABIA-MEMORIA-LATAM-PERSONAJE-DEFIANT	samples/voices/advanced-presets/mujer_60_sabia_memoria_latam_personaje/desafiante.wav	false	false	APP_RESOURCE	APP_DEFAULT
VOC-PRESET-MUJER-60-SABIA-MEMORIA-LATAM-PERSONAJE	Mujer 60 sabia memoria LATAM personaje	SEDUCTIVE_NON_EXPLICIT	VOICE-SAMPLE-VOC-PRESET-MUJER-60-SABIA-MEMORIA-LATAM-PERSONAJE-SEDUCTIVE_NON_EXPLICIT	samples/voices/advanced-presets/mujer_60_sabia_memoria_latam_personaje/sutil.wav	false	false	APP_RESOURCE	APP_DEFAULT
VOC-PRESET-NINO-10-TERCO-CARICATURESCO-PERSONAJE	Nino 10 terco caricaturesco personaje	NEUTRAL	VOICE-SAMPLE-VOC-PRESET-NINO-10-TERCO-CARICATURESCO-PERSONAJE-NEUTRAL	samples/voices/advanced-presets/nino_10_terco_caricaturesco_personaje/neutral.wav	false	false	APP_RESOURCE	APP_DEFAULT
VOC-PRESET-NINO-10-TERCO-CARICATURESCO-PERSONAJE	Nino 10 terco caricaturesco personaje	HAPPY	VOICE-SAMPLE-VOC-PRESET-NINO-10-TERCO-CARICATURESCO-PERSONAJE-HAPPY	samples/voices/advanced-presets/nino_10_terco_caricaturesco_personaje/feliz.wav	false	false	APP_RESOURCE	APP_DEFAULT
VOC-PRESET-NINO-10-TERCO-CARICATURESCO-PERSONAJE	Nino 10 terco caricaturesco personaje	SAD	VOICE-SAMPLE-VOC-PRESET-NINO-10-TERCO-CARICATURESCO-PERSONAJE-SAD	samples/voices/advanced-presets/nino_10_terco_caricaturesco_personaje/triste.wav	false	false	APP_RESOURCE	APP_DEFAULT
VOC-PRESET-NINO-10-TERCO-CARICATURESCO-PERSONAJE	Nino 10 terco caricaturesco personaje	ANGRY	VOICE-SAMPLE-VOC-PRESET-NINO-10-TERCO-CARICATURESCO-PERSONAJE-ANGRY	samples/voices/advanced-presets/nino_10_terco_caricaturesco_personaje/enojada.wav	false	false	APP_RESOURCE	APP_DEFAULT
VOC-PRESET-NINO-10-TERCO-CARICATURESCO-PERSONAJE	Nino 10 terco caricaturesco personaje	SERIOUS	VOICE-SAMPLE-VOC-PRESET-NINO-10-TERCO-CARICATURESCO-PERSONAJE-SERIOUS	samples/voices/advanced-presets/nino_10_terco_caricaturesco_personaje/seria.wav	false	false	APP_RESOURCE	APP_DEFAULT
VOC-PRESET-NINO-10-TERCO-CARICATURESCO-PERSONAJE	Nino 10 terco caricaturesco personaje	CALM	VOICE-SAMPLE-VOC-PRESET-NINO-10-TERCO-CARICATURESCO-PERSONAJE-CALM	samples/voices/advanced-presets/nino_10_terco_caricaturesco_personaje/calmada.wav	false	false	APP_RESOURCE	APP_DEFAULT
VOC-PRESET-NINO-10-TERCO-CARICATURESCO-PERSONAJE	Nino 10 terco caricaturesco personaje	WORRIED	VOICE-SAMPLE-VOC-PRESET-NINO-10-TERCO-CARICATURESCO-PERSONAJE-WORRIED	samples/voices/advanced-presets/nino_10_terco_caricaturesco_personaje/preocupada.wav	false	false	APP_RESOURCE	APP_DEFAULT
VOC-PRESET-NINO-10-TERCO-CARICATURESCO-PERSONAJE	Nino 10 terco caricaturesco personaje	ENTHUSIASTIC	VOICE-SAMPLE-VOC-PRESET-NINO-10-TERCO-CARICATURESCO-PERSONAJE-ENTHUSIASTIC	samples/voices/advanced-presets/nino_10_terco_caricaturesco_personaje/entusiasmada.wav	false	false	APP_RESOURCE	APP_DEFAULT
VOC-PRESET-NINO-10-TERCO-CARICATURESCO-PERSONAJE	Nino 10 terco caricaturesco personaje	BORED	VOICE-SAMPLE-VOC-PRESET-NINO-10-TERCO-CARICATURESCO-PERSONAJE-BORED	samples/voices/advanced-presets/nino_10_terco_caricaturesco_personaje/aburrida.wav	false	false	APP_RESOURCE	APP_DEFAULT
VOC-PRESET-NINO-10-TERCO-CARICATURESCO-PERSONAJE	Nino 10 terco caricaturesco personaje	EUPHORIC	VOICE-SAMPLE-VOC-PRESET-NINO-10-TERCO-CARICATURESCO-PERSONAJE-EUPHORIC	samples/voices/advanced-presets/nino_10_terco_caricaturesco_personaje/euforica.wav	false	false	APP_RESOURCE	APP_DEFAULT
VOC-PRESET-NINO-10-TERCO-CARICATURESCO-PERSONAJE	Nino 10 terco caricaturesco personaje	MELANCHOLIC	VOICE-SAMPLE-VOC-PRESET-NINO-10-TERCO-CARICATURESCO-PERSONAJE-MELANCHOLIC	samples/voices/advanced-presets/nino_10_terco_caricaturesco_personaje/melancolica.wav	false	false	APP_RESOURCE	APP_DEFAULT
VOC-PRESET-NINO-10-TERCO-CARICATURESCO-PERSONAJE	Nino 10 terco caricaturesco personaje	NERVOUS	VOICE-SAMPLE-VOC-PRESET-NINO-10-TERCO-CARICATURESCO-PERSONAJE-NERVOUS	samples/voices/advanced-presets/nino_10_terco_caricaturesco_personaje/nerviosa.wav	false	false	APP_RESOURCE	APP_DEFAULT
VOC-PRESET-NINO-10-TERCO-CARICATURESCO-PERSONAJE	Nino 10 terco caricaturesco personaje	AFRAID	VOICE-SAMPLE-VOC-PRESET-NINO-10-TERCO-CARICATURESCO-PERSONAJE-AFRAID	samples/voices/advanced-presets/nino_10_terco_caricaturesco_personaje/asustada.wav	false	false	APP_RESOURCE	APP_DEFAULT
VOC-PRESET-NINO-10-TERCO-CARICATURESCO-PERSONAJE	Nino 10 terco caricaturesco personaje	SURPRISED	VOICE-SAMPLE-VOC-PRESET-NINO-10-TERCO-CARICATURESCO-PERSONAJE-SURPRISED	samples/voices/advanced-presets/nino_10_terco_caricaturesco_personaje/sorprendida.wav	false	false	APP_RESOURCE	APP_DEFAULT
VOC-PRESET-NINO-10-TERCO-CARICATURESCO-PERSONAJE	Nino 10 terco caricaturesco personaje	DOUBTFUL	VOICE-SAMPLE-VOC-PRESET-NINO-10-TERCO-CARICATURESCO-PERSONAJE-DOUBTFUL	samples/voices/advanced-presets/nino_10_terco_caricaturesco_personaje/dudosa.wav	false	false	APP_RESOURCE	APP_DEFAULT
VOC-PRESET-NINO-10-TERCO-CARICATURESCO-PERSONAJE	Nino 10 terco caricaturesco personaje	TIRED	VOICE-SAMPLE-VOC-PRESET-NINO-10-TERCO-CARICATURESCO-PERSONAJE-TIRED	samples/voices/advanced-presets/nino_10_terco_caricaturesco_personaje/cansada.wav	false	false	APP_RESOURCE	APP_DEFAULT
VOC-PRESET-NINO-10-TERCO-CARICATURESCO-PERSONAJE	Nino 10 terco caricaturesco personaje	PLEADING	VOICE-SAMPLE-VOC-PRESET-NINO-10-TERCO-CARICATURESCO-PERSONAJE-PLEADING	samples/voices/advanced-presets/nino_10_terco_caricaturesco_personaje/suplicante.wav	false	false	APP_RESOURCE	APP_DEFAULT
VOC-PRESET-NINO-10-TERCO-CARICATURESCO-PERSONAJE	Nino 10 terco caricaturesco personaje	AUTHORITATIVE	VOICE-SAMPLE-VOC-PRESET-NINO-10-TERCO-CARICATURESCO-PERSONAJE-AUTHORITATIVE	samples/voices/advanced-presets/nino_10_terco_caricaturesco_personaje/autoritaria.wav	false	false	APP_RESOURCE	APP_DEFAULT
VOC-PRESET-NINO-10-TERCO-CARICATURESCO-PERSONAJE	Nino 10 terco caricaturesco personaje	IRONIC	VOICE-SAMPLE-VOC-PRESET-NINO-10-TERCO-CARICATURESCO-PERSONAJE-IRONIC	samples/voices/advanced-presets/nino_10_terco_caricaturesco_personaje/ironica.wav	false	false	APP_RESOURCE	APP_DEFAULT
VOC-PRESET-NINO-10-TERCO-CARICATURESCO-PERSONAJE	Nino 10 terco caricaturesco personaje	SARCASTIC	VOICE-SAMPLE-VOC-PRESET-NINO-10-TERCO-CARICATURESCO-PERSONAJE-SARCASTIC	samples/voices/advanced-presets/nino_10_terco_caricaturesco_personaje/sarcastica.wav	false	false	APP_RESOURCE	APP_DEFAULT
VOC-PRESET-NINO-10-TERCO-CARICATURESCO-PERSONAJE	Nino 10 terco caricaturesco personaje	MYSTERIOUS	VOICE-SAMPLE-VOC-PRESET-NINO-10-TERCO-CARICATURESCO-PERSONAJE-MYSTERIOUS	samples/voices/advanced-presets/nino_10_terco_caricaturesco_personaje/misteriosa.wav	false	false	APP_RESOURCE	APP_DEFAULT
VOC-PRESET-NINO-10-TERCO-CARICATURESCO-PERSONAJE	Nino 10 terco caricaturesco personaje	SOLEMN	VOICE-SAMPLE-VOC-PRESET-NINO-10-TERCO-CARICATURESCO-PERSONAJE-SOLEMN	samples/voices/advanced-presets/nino_10_terco_caricaturesco_personaje/solemne.wav	false	false	APP_RESOURCE	APP_DEFAULT
VOC-PRESET-NINO-10-TERCO-CARICATURESCO-PERSONAJE	Nino 10 terco caricaturesco personaje	HEROIC	VOICE-SAMPLE-VOC-PRESET-NINO-10-TERCO-CARICATURESCO-PERSONAJE-HEROIC	samples/voices/advanced-presets/nino_10_terco_caricaturesco_personaje/heroica.wav	false	false	APP_RESOURCE	APP_DEFAULT
VOC-PRESET-NINO-10-TERCO-CARICATURESCO-PERSONAJE	Nino 10 terco caricaturesco personaje	DRAMATIC	VOICE-SAMPLE-VOC-PRESET-NINO-10-TERCO-CARICATURESCO-PERSONAJE-DRAMATIC	samples/voices/advanced-presets/nino_10_terco_caricaturesco_personaje/dramatica.wav	false	false	APP_RESOURCE	APP_DEFAULT
VOC-PRESET-NINO-10-TERCO-CARICATURESCO-PERSONAJE	Nino 10 terco caricaturesco personaje	TENSE	VOICE-SAMPLE-VOC-PRESET-NINO-10-TERCO-CARICATURESCO-PERSONAJE-TENSE	samples/voices/advanced-presets/nino_10_terco_caricaturesco_personaje/tensa.wav	false	false	APP_RESOURCE	APP_DEFAULT
VOC-PRESET-NINO-10-TERCO-CARICATURESCO-PERSONAJE	Nino 10 terco caricaturesco personaje	RUSHED	VOICE-SAMPLE-VOC-PRESET-NINO-10-TERCO-CARICATURESCO-PERSONAJE-RUSHED	samples/voices/advanced-presets/nino_10_terco_caricaturesco_personaje/apurada.wav	false	false	APP_RESOURCE	APP_DEFAULT
VOC-PRESET-NINO-10-TERCO-CARICATURESCO-PERSONAJE	Nino 10 terco caricaturesco personaje	CONFUSED	VOICE-SAMPLE-VOC-PRESET-NINO-10-TERCO-CARICATURESCO-PERSONAJE-CONFUSED	samples/voices/advanced-presets/nino_10_terco_caricaturesco_personaje/confundida.wav	false	false	APP_RESOURCE	APP_DEFAULT
VOC-PRESET-NINO-10-TERCO-CARICATURESCO-PERSONAJE	Nino 10 terco caricaturesco personaje	TENDER	VOICE-SAMPLE-VOC-PRESET-NINO-10-TERCO-CARICATURESCO-PERSONAJE-TENDER	samples/voices/advanced-presets/nino_10_terco_caricaturesco_personaje/tierna.wav	false	false	APP_RESOURCE	APP_DEFAULT
VOC-PRESET-NINO-10-TERCO-CARICATURESCO-PERSONAJE	Nino 10 terco caricaturesco personaje	COLD	VOICE-SAMPLE-VOC-PRESET-NINO-10-TERCO-CARICATURESCO-PERSONAJE-COLD	samples/voices/advanced-presets/nino_10_terco_caricaturesco_personaje/fria.wav	false	false	APP_RESOURCE	APP_DEFAULT
VOC-PRESET-NINO-10-TERCO-CARICATURESCO-PERSONAJE	Nino 10 terco caricaturesco personaje	MOCKING	VOICE-SAMPLE-VOC-PRESET-NINO-10-TERCO-CARICATURESCO-PERSONAJE-MOCKING	samples/voices/advanced-presets/nino_10_terco_caricaturesco_personaje/burlona.wav	false	false	APP_RESOURCE	APP_DEFAULT
VOC-PRESET-NINO-10-TERCO-CARICATURESCO-PERSONAJE	Nino 10 terco caricaturesco personaje	DISTRUSTFUL	VOICE-SAMPLE-VOC-PRESET-NINO-10-TERCO-CARICATURESCO-PERSONAJE-DISTRUSTFUL	samples/voices/advanced-presets/nino_10_terco_caricaturesco_personaje/desconfiada.wav	false	false	APP_RESOURCE	APP_DEFAULT
VOC-PRESET-NINO-10-TERCO-CARICATURESCO-PERSONAJE	Nino 10 terco caricaturesco personaje	REPENTANT	VOICE-SAMPLE-VOC-PRESET-NINO-10-TERCO-CARICATURESCO-PERSONAJE-REPENTANT	samples/voices/advanced-presets/nino_10_terco_caricaturesco_personaje/arrepentida.wav	false	false	APP_RESOURCE	APP_DEFAULT
VOC-PRESET-NINO-10-TERCO-CARICATURESCO-PERSONAJE	Nino 10 terco caricaturesco personaje	VULNERABLE	VOICE-SAMPLE-VOC-PRESET-NINO-10-TERCO-CARICATURESCO-PERSONAJE-VULNERABLE	samples/voices/advanced-presets/nino_10_terco_caricaturesco_personaje/vulnerable.wav	false	false	APP_RESOURCE	APP_DEFAULT
VOC-PRESET-NINO-10-TERCO-CARICATURESCO-PERSONAJE	Nino 10 terco caricaturesco personaje	HOPEFUL	VOICE-SAMPLE-VOC-PRESET-NINO-10-TERCO-CARICATURESCO-PERSONAJE-HOPEFUL	samples/voices/advanced-presets/nino_10_terco_caricaturesco_personaje/esperanzada.wav	false	false	APP_RESOURCE	APP_DEFAULT
VOC-PRESET-NINO-10-TERCO-CARICATURESCO-PERSONAJE	Nino 10 terco caricaturesco personaje	RESIGNED	VOICE-SAMPLE-VOC-PRESET-NINO-10-TERCO-CARICATURESCO-PERSONAJE-RESIGNED	samples/voices/advanced-presets/nino_10_terco_caricaturesco_personaje/resignada.wav	false	false	APP_RESOURCE	APP_DEFAULT
VOC-PRESET-NINO-10-TERCO-CARICATURESCO-PERSONAJE	Nino 10 terco caricaturesco personaje	THREATENING	VOICE-SAMPLE-VOC-PRESET-NINO-10-TERCO-CARICATURESCO-PERSONAJE-THREATENING	samples/voices/advanced-presets/nino_10_terco_caricaturesco_personaje/amenazante.wav	false	false	APP_RESOURCE	APP_DEFAULT
VOC-PRESET-NINO-10-TERCO-CARICATURESCO-PERSONAJE	Nino 10 terco caricaturesco personaje	DEFIANT	VOICE-SAMPLE-VOC-PRESET-NINO-10-TERCO-CARICATURESCO-PERSONAJE-DEFIANT	samples/voices/advanced-presets/nino_10_terco_caricaturesco_personaje/desafiante.wav	false	false	APP_RESOURCE	APP_DEFAULT
VOC-PRESET-NINO-10-TERCO-CARICATURESCO-PERSONAJE	Nino 10 terco caricaturesco personaje	SEDUCTIVE_NON_EXPLICIT	VOICE-SAMPLE-VOC-PRESET-NINO-10-TERCO-CARICATURESCO-PERSONAJE-SEDUCTIVE_NON_EXPLICIT	samples/voices/advanced-presets/nino_10_terco_caricaturesco_personaje/sutil.wav	false	false	APP_RESOURCE	APP_DEFAULT
VOC-PRESET-MUJER-25-CANTORA-ECUADOR	Mujer 25 cantora ecuatoriana diálogo	NEUTRAL	VOICE-SAMPLE-VOC-PRESET-MUJER-25-CANTORA-ECUADOR-NEUTRAL	samples/voices/advanced-presets/mujer_25_cantora_ecuador_dialogo/neutral.wav	false	false	APP_RESOURCE	APP_DEFAULT
VOC-PRESET-MUJER-25-CANTORA-ECUADOR	Mujer 25 cantora ecuatoriana diálogo	HAPPY	VOICE-SAMPLE-VOC-PRESET-MUJER-25-CANTORA-ECUADOR-HAPPY	samples/voices/advanced-presets/mujer_25_cantora_ecuador_dialogo/feliz.wav	false	false	APP_RESOURCE	APP_DEFAULT
VOC-PRESET-MUJER-25-CANTORA-ECUADOR	Mujer 25 cantora ecuatoriana diálogo	SAD	VOICE-SAMPLE-VOC-PRESET-MUJER-25-CANTORA-ECUADOR-SAD	samples/voices/advanced-presets/mujer_25_cantora_ecuador_dialogo/triste.wav	false	false	APP_RESOURCE	APP_DEFAULT
VOC-PRESET-MUJER-25-CANTORA-ECUADOR	Mujer 25 cantora ecuatoriana diálogo	ANGRY	VOICE-SAMPLE-VOC-PRESET-MUJER-25-CANTORA-ECUADOR-ANGRY	samples/voices/advanced-presets/mujer_25_cantora_ecuador_dialogo/enojada.wav	false	false	APP_RESOURCE	APP_DEFAULT
VOC-PRESET-MUJER-25-CANTORA-ECUADOR	Mujer 25 cantora ecuatoriana diálogo	SERIOUS	VOICE-SAMPLE-VOC-PRESET-MUJER-25-CANTORA-ECUADOR-SERIOUS	samples/voices/advanced-presets/mujer_25_cantora_ecuador_dialogo/seria.wav	false	false	APP_RESOURCE	APP_DEFAULT
VOC-PRESET-MUJER-25-CANTORA-ECUADOR	Mujer 25 cantora ecuatoriana diálogo	CALM	VOICE-SAMPLE-VOC-PRESET-MUJER-25-CANTORA-ECUADOR-CALM	samples/voices/advanced-presets/mujer_25_cantora_ecuador_dialogo/calmada.wav	false	false	APP_RESOURCE	APP_DEFAULT
VOC-PRESET-MUJER-25-CANTORA-ECUADOR	Mujer 25 cantora ecuatoriana diálogo	WORRIED	VOICE-SAMPLE-VOC-PRESET-MUJER-25-CANTORA-ECUADOR-WORRIED	samples/voices/advanced-presets/mujer_25_cantora_ecuador_dialogo/preocupada.wav	false	false	APP_RESOURCE	APP_DEFAULT
VOC-PRESET-MUJER-25-CANTORA-ECUADOR	Mujer 25 cantora ecuatoriana diálogo	ENTHUSIASTIC	VOICE-SAMPLE-VOC-PRESET-MUJER-25-CANTORA-ECUADOR-ENTHUSIASTIC	samples/voices/advanced-presets/mujer_25_cantora_ecuador_dialogo/entusiasmada.wav	false	false	APP_RESOURCE	APP_DEFAULT
VOC-PRESET-MUJER-25-CANTORA-ECUADOR	Mujer 25 cantora ecuatoriana diálogo	BORED	VOICE-SAMPLE-VOC-PRESET-MUJER-25-CANTORA-ECUADOR-BORED	samples/voices/advanced-presets/mujer_25_cantora_ecuador_dialogo/aburrida.wav	false	false	APP_RESOURCE	APP_DEFAULT
VOC-PRESET-MUJER-25-CANTORA-ECUADOR	Mujer 25 cantora ecuatoriana diálogo	EUPHORIC	VOICE-SAMPLE-VOC-PRESET-MUJER-25-CANTORA-ECUADOR-EUPHORIC	samples/voices/advanced-presets/mujer_25_cantora_ecuador_dialogo/euforica.wav	false	false	APP_RESOURCE	APP_DEFAULT
VOC-PRESET-MUJER-25-CANTORA-ECUADOR	Mujer 25 cantora ecuatoriana diálogo	MELANCHOLIC	VOICE-SAMPLE-VOC-PRESET-MUJER-25-CANTORA-ECUADOR-MELANCHOLIC	samples/voices/advanced-presets/mujer_25_cantora_ecuador_dialogo/melancolica.wav	false	false	APP_RESOURCE	APP_DEFAULT
VOC-PRESET-MUJER-25-CANTORA-ECUADOR	Mujer 25 cantora ecuatoriana diálogo	NERVOUS	VOICE-SAMPLE-VOC-PRESET-MUJER-25-CANTORA-ECUADOR-NERVOUS	samples/voices/advanced-presets/mujer_25_cantora_ecuador_dialogo/nerviosa.wav	false	false	APP_RESOURCE	APP_DEFAULT
VOC-PRESET-MUJER-25-CANTORA-ECUADOR	Mujer 25 cantora ecuatoriana diálogo	AFRAID	VOICE-SAMPLE-VOC-PRESET-MUJER-25-CANTORA-ECUADOR-AFRAID	samples/voices/advanced-presets/mujer_25_cantora_ecuador_dialogo/asustada.wav	false	false	APP_RESOURCE	APP_DEFAULT
VOC-PRESET-MUJER-25-CANTORA-ECUADOR	Mujer 25 cantora ecuatoriana diálogo	SURPRISED	VOICE-SAMPLE-VOC-PRESET-MUJER-25-CANTORA-ECUADOR-SURPRISED	samples/voices/advanced-presets/mujer_25_cantora_ecuador_dialogo/sorprendida.wav	false	false	APP_RESOURCE	APP_DEFAULT
VOC-PRESET-MUJER-25-CANTORA-ECUADOR	Mujer 25 cantora ecuatoriana diálogo	DOUBTFUL	VOICE-SAMPLE-VOC-PRESET-MUJER-25-CANTORA-ECUADOR-DOUBTFUL	samples/voices/advanced-presets/mujer_25_cantora_ecuador_dialogo/dudosa.wav	false	false	APP_RESOURCE	APP_DEFAULT
VOC-PRESET-MUJER-25-CANTORA-ECUADOR	Mujer 25 cantora ecuatoriana diálogo	TIRED	VOICE-SAMPLE-VOC-PRESET-MUJER-25-CANTORA-ECUADOR-TIRED	samples/voices/advanced-presets/mujer_25_cantora_ecuador_dialogo/cansada.wav	false	false	APP_RESOURCE	APP_DEFAULT
VOC-PRESET-MUJER-25-CANTORA-ECUADOR	Mujer 25 cantora ecuatoriana diálogo	PLEADING	VOICE-SAMPLE-VOC-PRESET-MUJER-25-CANTORA-ECUADOR-PLEADING	samples/voices/advanced-presets/mujer_25_cantora_ecuador_dialogo/suplicante.wav	false	false	APP_RESOURCE	APP_DEFAULT
VOC-PRESET-MUJER-25-CANTORA-ECUADOR	Mujer 25 cantora ecuatoriana diálogo	AUTHORITATIVE	VOICE-SAMPLE-VOC-PRESET-MUJER-25-CANTORA-ECUADOR-AUTHORITATIVE	samples/voices/advanced-presets/mujer_25_cantora_ecuador_dialogo/autoritaria.wav	false	false	APP_RESOURCE	APP_DEFAULT
VOC-PRESET-MUJER-25-CANTORA-ECUADOR	Mujer 25 cantora ecuatoriana diálogo	IRONIC	VOICE-SAMPLE-VOC-PRESET-MUJER-25-CANTORA-ECUADOR-IRONIC	samples/voices/advanced-presets/mujer_25_cantora_ecuador_dialogo/ironica.wav	false	false	APP_RESOURCE	APP_DEFAULT
VOC-PRESET-MUJER-25-CANTORA-ECUADOR	Mujer 25 cantora ecuatoriana diálogo	SARCASTIC	VOICE-SAMPLE-VOC-PRESET-MUJER-25-CANTORA-ECUADOR-SARCASTIC	samples/voices/advanced-presets/mujer_25_cantora_ecuador_dialogo/sarcastica.wav	false	false	APP_RESOURCE	APP_DEFAULT
VOC-PRESET-MUJER-25-CANTORA-ECUADOR	Mujer 25 cantora ecuatoriana diálogo	MYSTERIOUS	VOICE-SAMPLE-VOC-PRESET-MUJER-25-CANTORA-ECUADOR-MYSTERIOUS	samples/voices/advanced-presets/mujer_25_cantora_ecuador_dialogo/misteriosa.wav	false	false	APP_RESOURCE	APP_DEFAULT
VOC-PRESET-MUJER-25-CANTORA-ECUADOR	Mujer 25 cantora ecuatoriana diálogo	SOLEMN	VOICE-SAMPLE-VOC-PRESET-MUJER-25-CANTORA-ECUADOR-SOLEMN	samples/voices/advanced-presets/mujer_25_cantora_ecuador_dialogo/solemne.wav	false	false	APP_RESOURCE	APP_DEFAULT
VOC-PRESET-MUJER-25-CANTORA-ECUADOR	Mujer 25 cantora ecuatoriana diálogo	HEROIC	VOICE-SAMPLE-VOC-PRESET-MUJER-25-CANTORA-ECUADOR-HEROIC	samples/voices/advanced-presets/mujer_25_cantora_ecuador_dialogo/heroica.wav	false	false	APP_RESOURCE	APP_DEFAULT
VOC-PRESET-MUJER-25-CANTORA-ECUADOR	Mujer 25 cantora ecuatoriana diálogo	DRAMATIC	VOICE-SAMPLE-VOC-PRESET-MUJER-25-CANTORA-ECUADOR-DRAMATIC	samples/voices/advanced-presets/mujer_25_cantora_ecuador_dialogo/dramatica.wav	false	false	APP_RESOURCE	APP_DEFAULT
VOC-PRESET-MUJER-25-CANTORA-ECUADOR	Mujer 25 cantora ecuatoriana diálogo	TENSE	VOICE-SAMPLE-VOC-PRESET-MUJER-25-CANTORA-ECUADOR-TENSE	samples/voices/advanced-presets/mujer_25_cantora_ecuador_dialogo/tensa.wav	false	false	APP_RESOURCE	APP_DEFAULT
VOC-PRESET-MUJER-25-CANTORA-ECUADOR	Mujer 25 cantora ecuatoriana diálogo	RUSHED	VOICE-SAMPLE-VOC-PRESET-MUJER-25-CANTORA-ECUADOR-RUSHED	samples/voices/advanced-presets/mujer_25_cantora_ecuador_dialogo/apurada.wav	false	false	APP_RESOURCE	APP_DEFAULT
VOC-PRESET-MUJER-25-CANTORA-ECUADOR	Mujer 25 cantora ecuatoriana diálogo	CONFUSED	VOICE-SAMPLE-VOC-PRESET-MUJER-25-CANTORA-ECUADOR-CONFUSED	samples/voices/advanced-presets/mujer_25_cantora_ecuador_dialogo/confundida.wav	false	false	APP_RESOURCE	APP_DEFAULT
VOC-PRESET-MUJER-25-CANTORA-ECUADOR	Mujer 25 cantora ecuatoriana diálogo	TENDER	VOICE-SAMPLE-VOC-PRESET-MUJER-25-CANTORA-ECUADOR-TENDER	samples/voices/advanced-presets/mujer_25_cantora_ecuador_dialogo/tierna.wav	false	false	APP_RESOURCE	APP_DEFAULT
VOC-PRESET-MUJER-25-CANTORA-ECUADOR	Mujer 25 cantora ecuatoriana diálogo	COLD	VOICE-SAMPLE-VOC-PRESET-MUJER-25-CANTORA-ECUADOR-COLD	samples/voices/advanced-presets/mujer_25_cantora_ecuador_dialogo/fria.wav	false	false	APP_RESOURCE	APP_DEFAULT
VOC-PRESET-MUJER-25-CANTORA-ECUADOR	Mujer 25 cantora ecuatoriana diálogo	MOCKING	VOICE-SAMPLE-VOC-PRESET-MUJER-25-CANTORA-ECUADOR-MOCKING	samples/voices/advanced-presets/mujer_25_cantora_ecuador_dialogo/burlona.wav	false	false	APP_RESOURCE	APP_DEFAULT
VOC-PRESET-MUJER-25-CANTORA-ECUADOR	Mujer 25 cantora ecuatoriana diálogo	DISTRUSTFUL	VOICE-SAMPLE-VOC-PRESET-MUJER-25-CANTORA-ECUADOR-DISTRUSTFUL	samples/voices/advanced-presets/mujer_25_cantora_ecuador_dialogo/desconfiada.wav	false	false	APP_RESOURCE	APP_DEFAULT
VOC-PRESET-MUJER-25-CANTORA-ECUADOR	Mujer 25 cantora ecuatoriana diálogo	REPENTANT	VOICE-SAMPLE-VOC-PRESET-MUJER-25-CANTORA-ECUADOR-REPENTANT	samples/voices/advanced-presets/mujer_25_cantora_ecuador_dialogo/arrepentida.wav	false	false	APP_RESOURCE	APP_DEFAULT
VOC-PRESET-MUJER-25-CANTORA-ECUADOR	Mujer 25 cantora ecuatoriana diálogo	VULNERABLE	VOICE-SAMPLE-VOC-PRESET-MUJER-25-CANTORA-ECUADOR-VULNERABLE	samples/voices/advanced-presets/mujer_25_cantora_ecuador_dialogo/vulnerable.wav	false	false	APP_RESOURCE	APP_DEFAULT
VOC-PRESET-MUJER-25-CANTORA-ECUADOR	Mujer 25 cantora ecuatoriana diálogo	HOPEFUL	VOICE-SAMPLE-VOC-PRESET-MUJER-25-CANTORA-ECUADOR-HOPEFUL	samples/voices/advanced-presets/mujer_25_cantora_ecuador_dialogo/esperanzada.wav	false	false	APP_RESOURCE	APP_DEFAULT
VOC-PRESET-MUJER-25-CANTORA-ECUADOR	Mujer 25 cantora ecuatoriana diálogo	RESIGNED	VOICE-SAMPLE-VOC-PRESET-MUJER-25-CANTORA-ECUADOR-RESIGNED	samples/voices/advanced-presets/mujer_25_cantora_ecuador_dialogo/resignada.wav	false	false	APP_RESOURCE	APP_DEFAULT
VOC-PRESET-MUJER-25-CANTORA-ECUADOR	Mujer 25 cantora ecuatoriana diálogo	THREATENING	VOICE-SAMPLE-VOC-PRESET-MUJER-25-CANTORA-ECUADOR-THREATENING	samples/voices/advanced-presets/mujer_25_cantora_ecuador_dialogo/amenazante.wav	false	false	APP_RESOURCE	APP_DEFAULT
VOC-PRESET-MUJER-25-CANTORA-ECUADOR	Mujer 25 cantora ecuatoriana diálogo	DEFIANT	VOICE-SAMPLE-VOC-PRESET-MUJER-25-CANTORA-ECUADOR-DEFIANT	samples/voices/advanced-presets/mujer_25_cantora_ecuador_dialogo/desafiante.wav	false	false	APP_RESOURCE	APP_DEFAULT
VOC-PRESET-MUJER-25-CANTORA-ECUADOR	Mujer 25 cantora ecuatoriana diálogo	SEDUCTIVE_NON_EXPLICIT	VOICE-SAMPLE-VOC-PRESET-MUJER-25-CANTORA-ECUADOR-SEDUCTIVE_NON_EXPLICIT	samples/voices/advanced-presets/mujer_25_cantora_ecuador_dialogo/sutil.wav	false	false	APP_RESOURCE	APP_DEFAULT
VOC-PRESET-MUJER-40-BUROCRATA-ECUADOR	Mujer 40 burócrata ecuatoriana diálogo	NEUTRAL	VOICE-SAMPLE-VOC-PRESET-MUJER-40-BUROCRATA-ECUADOR-NEUTRAL	samples/voices/advanced-presets/mujer_40_burocrata_ecuador_dialogo/neutral.wav	false	false	APP_RESOURCE	APP_DEFAULT
VOC-PRESET-MUJER-40-BUROCRATA-ECUADOR	Mujer 40 burócrata ecuatoriana diálogo	HAPPY	VOICE-SAMPLE-VOC-PRESET-MUJER-40-BUROCRATA-ECUADOR-HAPPY	samples/voices/advanced-presets/mujer_40_burocrata_ecuador_dialogo/feliz.wav	false	false	APP_RESOURCE	APP_DEFAULT
VOC-PRESET-MUJER-40-BUROCRATA-ECUADOR	Mujer 40 burócrata ecuatoriana diálogo	SAD	VOICE-SAMPLE-VOC-PRESET-MUJER-40-BUROCRATA-ECUADOR-SAD	samples/voices/advanced-presets/mujer_40_burocrata_ecuador_dialogo/triste.wav	false	false	APP_RESOURCE	APP_DEFAULT
VOC-PRESET-MUJER-40-BUROCRATA-ECUADOR	Mujer 40 burócrata ecuatoriana diálogo	ANGRY	VOICE-SAMPLE-VOC-PRESET-MUJER-40-BUROCRATA-ECUADOR-ANGRY	samples/voices/advanced-presets/mujer_40_burocrata_ecuador_dialogo/enojada.wav	false	false	APP_RESOURCE	APP_DEFAULT
VOC-PRESET-MUJER-40-BUROCRATA-ECUADOR	Mujer 40 burócrata ecuatoriana diálogo	SERIOUS	VOICE-SAMPLE-VOC-PRESET-MUJER-40-BUROCRATA-ECUADOR-SERIOUS	samples/voices/advanced-presets/mujer_40_burocrata_ecuador_dialogo/seria.wav	false	false	APP_RESOURCE	APP_DEFAULT
VOC-PRESET-MUJER-40-BUROCRATA-ECUADOR	Mujer 40 burócrata ecuatoriana diálogo	CALM	VOICE-SAMPLE-VOC-PRESET-MUJER-40-BUROCRATA-ECUADOR-CALM	samples/voices/advanced-presets/mujer_40_burocrata_ecuador_dialogo/calmada.wav	false	false	APP_RESOURCE	APP_DEFAULT
VOC-PRESET-MUJER-40-BUROCRATA-ECUADOR	Mujer 40 burócrata ecuatoriana diálogo	WORRIED	VOICE-SAMPLE-VOC-PRESET-MUJER-40-BUROCRATA-ECUADOR-WORRIED	samples/voices/advanced-presets/mujer_40_burocrata_ecuador_dialogo/preocupada.wav	false	false	APP_RESOURCE	APP_DEFAULT
VOC-PRESET-MUJER-40-BUROCRATA-ECUADOR	Mujer 40 burócrata ecuatoriana diálogo	ENTHUSIASTIC	VOICE-SAMPLE-VOC-PRESET-MUJER-40-BUROCRATA-ECUADOR-ENTHUSIASTIC	samples/voices/advanced-presets/mujer_40_burocrata_ecuador_dialogo/entusiasmada.wav	false	false	APP_RESOURCE	APP_DEFAULT
VOC-PRESET-MUJER-40-BUROCRATA-ECUADOR	Mujer 40 burócrata ecuatoriana diálogo	BORED	VOICE-SAMPLE-VOC-PRESET-MUJER-40-BUROCRATA-ECUADOR-BORED	samples/voices/advanced-presets/mujer_40_burocrata_ecuador_dialogo/aburrida.wav	false	false	APP_RESOURCE	APP_DEFAULT
VOC-PRESET-MUJER-40-BUROCRATA-ECUADOR	Mujer 40 burócrata ecuatoriana diálogo	EUPHORIC	VOICE-SAMPLE-VOC-PRESET-MUJER-40-BUROCRATA-ECUADOR-EUPHORIC	samples/voices/advanced-presets/mujer_40_burocrata_ecuador_dialogo/euforica.wav	false	false	APP_RESOURCE	APP_DEFAULT
VOC-PRESET-MUJER-40-BUROCRATA-ECUADOR	Mujer 40 burócrata ecuatoriana diálogo	MELANCHOLIC	VOICE-SAMPLE-VOC-PRESET-MUJER-40-BUROCRATA-ECUADOR-MELANCHOLIC	samples/voices/advanced-presets/mujer_40_burocrata_ecuador_dialogo/melancolica.wav	false	false	APP_RESOURCE	APP_DEFAULT
VOC-PRESET-MUJER-40-BUROCRATA-ECUADOR	Mujer 40 burócrata ecuatoriana diálogo	NERVOUS	VOICE-SAMPLE-VOC-PRESET-MUJER-40-BUROCRATA-ECUADOR-NERVOUS	samples/voices/advanced-presets/mujer_40_burocrata_ecuador_dialogo/nerviosa.wav	false	false	APP_RESOURCE	APP_DEFAULT
VOC-PRESET-MUJER-40-BUROCRATA-ECUADOR	Mujer 40 burócrata ecuatoriana diálogo	AFRAID	VOICE-SAMPLE-VOC-PRESET-MUJER-40-BUROCRATA-ECUADOR-AFRAID	samples/voices/advanced-presets/mujer_40_burocrata_ecuador_dialogo/asustada.wav	false	false	APP_RESOURCE	APP_DEFAULT
VOC-PRESET-MUJER-40-BUROCRATA-ECUADOR	Mujer 40 burócrata ecuatoriana diálogo	SURPRISED	VOICE-SAMPLE-VOC-PRESET-MUJER-40-BUROCRATA-ECUADOR-SURPRISED	samples/voices/advanced-presets/mujer_40_burocrata_ecuador_dialogo/sorprendida.wav	false	false	APP_RESOURCE	APP_DEFAULT
VOC-PRESET-MUJER-40-BUROCRATA-ECUADOR	Mujer 40 burócrata ecuatoriana diálogo	DOUBTFUL	VOICE-SAMPLE-VOC-PRESET-MUJER-40-BUROCRATA-ECUADOR-DOUBTFUL	samples/voices/advanced-presets/mujer_40_burocrata_ecuador_dialogo/dudosa.wav	false	false	APP_RESOURCE	APP_DEFAULT
VOC-PRESET-MUJER-40-BUROCRATA-ECUADOR	Mujer 40 burócrata ecuatoriana diálogo	TIRED	VOICE-SAMPLE-VOC-PRESET-MUJER-40-BUROCRATA-ECUADOR-TIRED	samples/voices/advanced-presets/mujer_40_burocrata_ecuador_dialogo/cansada.wav	false	false	APP_RESOURCE	APP_DEFAULT
VOC-PRESET-MUJER-40-BUROCRATA-ECUADOR	Mujer 40 burócrata ecuatoriana diálogo	PLEADING	VOICE-SAMPLE-VOC-PRESET-MUJER-40-BUROCRATA-ECUADOR-PLEADING	samples/voices/advanced-presets/mujer_40_burocrata_ecuador_dialogo/suplicante.wav	false	false	APP_RESOURCE	APP_DEFAULT
VOC-PRESET-MUJER-40-BUROCRATA-ECUADOR	Mujer 40 burócrata ecuatoriana diálogo	AUTHORITATIVE	VOICE-SAMPLE-VOC-PRESET-MUJER-40-BUROCRATA-ECUADOR-AUTHORITATIVE	samples/voices/advanced-presets/mujer_40_burocrata_ecuador_dialogo/autoritaria.wav	false	false	APP_RESOURCE	APP_DEFAULT
VOC-PRESET-MUJER-40-BUROCRATA-ECUADOR	Mujer 40 burócrata ecuatoriana diálogo	IRONIC	VOICE-SAMPLE-VOC-PRESET-MUJER-40-BUROCRATA-ECUADOR-IRONIC	samples/voices/advanced-presets/mujer_40_burocrata_ecuador_dialogo/ironica.wav	false	false	APP_RESOURCE	APP_DEFAULT
VOC-PRESET-MUJER-40-BUROCRATA-ECUADOR	Mujer 40 burócrata ecuatoriana diálogo	SARCASTIC	VOICE-SAMPLE-VOC-PRESET-MUJER-40-BUROCRATA-ECUADOR-SARCASTIC	samples/voices/advanced-presets/mujer_40_burocrata_ecuador_dialogo/sarcastica.wav	false	false	APP_RESOURCE	APP_DEFAULT
VOC-PRESET-MUJER-40-BUROCRATA-ECUADOR	Mujer 40 burócrata ecuatoriana diálogo	MYSTERIOUS	VOICE-SAMPLE-VOC-PRESET-MUJER-40-BUROCRATA-ECUADOR-MYSTERIOUS	samples/voices/advanced-presets/mujer_40_burocrata_ecuador_dialogo/misteriosa.wav	false	false	APP_RESOURCE	APP_DEFAULT
VOC-PRESET-MUJER-40-BUROCRATA-ECUADOR	Mujer 40 burócrata ecuatoriana diálogo	SOLEMN	VOICE-SAMPLE-VOC-PRESET-MUJER-40-BUROCRATA-ECUADOR-SOLEMN	samples/voices/advanced-presets/mujer_40_burocrata_ecuador_dialogo/solemne.wav	false	false	APP_RESOURCE	APP_DEFAULT
VOC-PRESET-MUJER-40-BUROCRATA-ECUADOR	Mujer 40 burócrata ecuatoriana diálogo	HEROIC	VOICE-SAMPLE-VOC-PRESET-MUJER-40-BUROCRATA-ECUADOR-HEROIC	samples/voices/advanced-presets/mujer_40_burocrata_ecuador_dialogo/heroica.wav	false	false	APP_RESOURCE	APP_DEFAULT
VOC-PRESET-MUJER-40-BUROCRATA-ECUADOR	Mujer 40 burócrata ecuatoriana diálogo	DRAMATIC	VOICE-SAMPLE-VOC-PRESET-MUJER-40-BUROCRATA-ECUADOR-DRAMATIC	samples/voices/advanced-presets/mujer_40_burocrata_ecuador_dialogo/dramatica.wav	false	false	APP_RESOURCE	APP_DEFAULT
VOC-PRESET-MUJER-40-BUROCRATA-ECUADOR	Mujer 40 burócrata ecuatoriana diálogo	TENSE	VOICE-SAMPLE-VOC-PRESET-MUJER-40-BUROCRATA-ECUADOR-TENSE	samples/voices/advanced-presets/mujer_40_burocrata_ecuador_dialogo/tensa.wav	false	false	APP_RESOURCE	APP_DEFAULT
VOC-PRESET-MUJER-40-BUROCRATA-ECUADOR	Mujer 40 burócrata ecuatoriana diálogo	RUSHED	VOICE-SAMPLE-VOC-PRESET-MUJER-40-BUROCRATA-ECUADOR-RUSHED	samples/voices/advanced-presets/mujer_40_burocrata_ecuador_dialogo/apurada.wav	false	false	APP_RESOURCE	APP_DEFAULT
VOC-PRESET-MUJER-40-BUROCRATA-ECUADOR	Mujer 40 burócrata ecuatoriana diálogo	CONFUSED	VOICE-SAMPLE-VOC-PRESET-MUJER-40-BUROCRATA-ECUADOR-CONFUSED	samples/voices/advanced-presets/mujer_40_burocrata_ecuador_dialogo/confundida.wav	false	false	APP_RESOURCE	APP_DEFAULT
VOC-PRESET-MUJER-40-BUROCRATA-ECUADOR	Mujer 40 burócrata ecuatoriana diálogo	TENDER	VOICE-SAMPLE-VOC-PRESET-MUJER-40-BUROCRATA-ECUADOR-TENDER	samples/voices/advanced-presets/mujer_40_burocrata_ecuador_dialogo/tierna.wav	false	false	APP_RESOURCE	APP_DEFAULT
VOC-PRESET-MUJER-40-BUROCRATA-ECUADOR	Mujer 40 burócrata ecuatoriana diálogo	COLD	VOICE-SAMPLE-VOC-PRESET-MUJER-40-BUROCRATA-ECUADOR-COLD	samples/voices/advanced-presets/mujer_40_burocrata_ecuador_dialogo/fria.wav	false	false	APP_RESOURCE	APP_DEFAULT
VOC-PRESET-MUJER-40-BUROCRATA-ECUADOR	Mujer 40 burócrata ecuatoriana diálogo	MOCKING	VOICE-SAMPLE-VOC-PRESET-MUJER-40-BUROCRATA-ECUADOR-MOCKING	samples/voices/advanced-presets/mujer_40_burocrata_ecuador_dialogo/burlona.wav	false	false	APP_RESOURCE	APP_DEFAULT
VOC-PRESET-MUJER-40-BUROCRATA-ECUADOR	Mujer 40 burócrata ecuatoriana diálogo	DISTRUSTFUL	VOICE-SAMPLE-VOC-PRESET-MUJER-40-BUROCRATA-ECUADOR-DISTRUSTFUL	samples/voices/advanced-presets/mujer_40_burocrata_ecuador_dialogo/desconfiada.wav	false	false	APP_RESOURCE	APP_DEFAULT
VOC-PRESET-MUJER-40-BUROCRATA-ECUADOR	Mujer 40 burócrata ecuatoriana diálogo	REPENTANT	VOICE-SAMPLE-VOC-PRESET-MUJER-40-BUROCRATA-ECUADOR-REPENTANT	samples/voices/advanced-presets/mujer_40_burocrata_ecuador_dialogo/arrepentida.wav	false	false	APP_RESOURCE	APP_DEFAULT
VOC-PRESET-MUJER-40-BUROCRATA-ECUADOR	Mujer 40 burócrata ecuatoriana diálogo	VULNERABLE	VOICE-SAMPLE-VOC-PRESET-MUJER-40-BUROCRATA-ECUADOR-VULNERABLE	samples/voices/advanced-presets/mujer_40_burocrata_ecuador_dialogo/vulnerable.wav	false	false	APP_RESOURCE	APP_DEFAULT
VOC-PRESET-MUJER-40-BUROCRATA-ECUADOR	Mujer 40 burócrata ecuatoriana diálogo	HOPEFUL	VOICE-SAMPLE-VOC-PRESET-MUJER-40-BUROCRATA-ECUADOR-HOPEFUL	samples/voices/advanced-presets/mujer_40_burocrata_ecuador_dialogo/esperanzada.wav	false	false	APP_RESOURCE	APP_DEFAULT
VOC-PRESET-MUJER-40-BUROCRATA-ECUADOR	Mujer 40 burócrata ecuatoriana diálogo	RESIGNED	VOICE-SAMPLE-VOC-PRESET-MUJER-40-BUROCRATA-ECUADOR-RESIGNED	samples/voices/advanced-presets/mujer_40_burocrata_ecuador_dialogo/resignada.wav	false	false	APP_RESOURCE	APP_DEFAULT
VOC-PRESET-MUJER-40-BUROCRATA-ECUADOR	Mujer 40 burócrata ecuatoriana diálogo	THREATENING	VOICE-SAMPLE-VOC-PRESET-MUJER-40-BUROCRATA-ECUADOR-THREATENING	samples/voices/advanced-presets/mujer_40_burocrata_ecuador_dialogo/amenazante.wav	false	false	APP_RESOURCE	APP_DEFAULT
VOC-PRESET-MUJER-40-BUROCRATA-ECUADOR	Mujer 40 burócrata ecuatoriana diálogo	DEFIANT	VOICE-SAMPLE-VOC-PRESET-MUJER-40-BUROCRATA-ECUADOR-DEFIANT	samples/voices/advanced-presets/mujer_40_burocrata_ecuador_dialogo/desafiante.wav	false	false	APP_RESOURCE	APP_DEFAULT
VOC-PRESET-MUJER-40-BUROCRATA-ECUADOR	Mujer 40 burócrata ecuatoriana diálogo	SEDUCTIVE_NON_EXPLICIT	VOICE-SAMPLE-VOC-PRESET-MUJER-40-BUROCRATA-ECUADOR-SEDUCTIVE_NON_EXPLICIT	samples/voices/advanced-presets/mujer_40_burocrata_ecuador_dialogo/sutil.wav	false	false	APP_RESOURCE	APP_DEFAULT
VOC-PRESET-MUJER-40-POPULAR-ECUADOR	Mujer 40 popular ecuatoriana diálogo	NEUTRAL	VOICE-SAMPLE-VOC-PRESET-MUJER-40-POPULAR-ECUADOR-NEUTRAL	samples/voices/advanced-presets/mujer_40_popular_ecuador_dialogo/neutral.wav	false	false	APP_RESOURCE	APP_DEFAULT
VOC-PRESET-MUJER-40-POPULAR-ECUADOR	Mujer 40 popular ecuatoriana diálogo	HAPPY	VOICE-SAMPLE-VOC-PRESET-MUJER-40-POPULAR-ECUADOR-HAPPY	samples/voices/advanced-presets/mujer_40_popular_ecuador_dialogo/feliz.wav	false	false	APP_RESOURCE	APP_DEFAULT
VOC-PRESET-MUJER-40-POPULAR-ECUADOR	Mujer 40 popular ecuatoriana diálogo	SAD	VOICE-SAMPLE-VOC-PRESET-MUJER-40-POPULAR-ECUADOR-SAD	samples/voices/advanced-presets/mujer_40_popular_ecuador_dialogo/triste.wav	false	false	APP_RESOURCE	APP_DEFAULT
VOC-PRESET-MUJER-40-POPULAR-ECUADOR	Mujer 40 popular ecuatoriana diálogo	ANGRY	VOICE-SAMPLE-VOC-PRESET-MUJER-40-POPULAR-ECUADOR-ANGRY	samples/voices/advanced-presets/mujer_40_popular_ecuador_dialogo/enojada.wav	false	false	APP_RESOURCE	APP_DEFAULT
VOC-PRESET-MUJER-40-POPULAR-ECUADOR	Mujer 40 popular ecuatoriana diálogo	SERIOUS	VOICE-SAMPLE-VOC-PRESET-MUJER-40-POPULAR-ECUADOR-SERIOUS	samples/voices/advanced-presets/mujer_40_popular_ecuador_dialogo/seria.wav	false	false	APP_RESOURCE	APP_DEFAULT
VOC-PRESET-MUJER-40-POPULAR-ECUADOR	Mujer 40 popular ecuatoriana diálogo	CALM	VOICE-SAMPLE-VOC-PRESET-MUJER-40-POPULAR-ECUADOR-CALM	samples/voices/advanced-presets/mujer_40_popular_ecuador_dialogo/calmada.wav	false	false	APP_RESOURCE	APP_DEFAULT
VOC-PRESET-MUJER-40-POPULAR-ECUADOR	Mujer 40 popular ecuatoriana diálogo	WORRIED	VOICE-SAMPLE-VOC-PRESET-MUJER-40-POPULAR-ECUADOR-WORRIED	samples/voices/advanced-presets/mujer_40_popular_ecuador_dialogo/preocupada.wav	false	false	APP_RESOURCE	APP_DEFAULT
VOC-PRESET-MUJER-40-POPULAR-ECUADOR	Mujer 40 popular ecuatoriana diálogo	ENTHUSIASTIC	VOICE-SAMPLE-VOC-PRESET-MUJER-40-POPULAR-ECUADOR-ENTHUSIASTIC	samples/voices/advanced-presets/mujer_40_popular_ecuador_dialogo/entusiasmada.wav	false	false	APP_RESOURCE	APP_DEFAULT
VOC-PRESET-MUJER-40-POPULAR-ECUADOR	Mujer 40 popular ecuatoriana diálogo	BORED	VOICE-SAMPLE-VOC-PRESET-MUJER-40-POPULAR-ECUADOR-BORED	samples/voices/advanced-presets/mujer_40_popular_ecuador_dialogo/aburrida.wav	false	false	APP_RESOURCE	APP_DEFAULT
VOC-PRESET-MUJER-40-POPULAR-ECUADOR	Mujer 40 popular ecuatoriana diálogo	EUPHORIC	VOICE-SAMPLE-VOC-PRESET-MUJER-40-POPULAR-ECUADOR-EUPHORIC	samples/voices/advanced-presets/mujer_40_popular_ecuador_dialogo/euforica.wav	false	false	APP_RESOURCE	APP_DEFAULT
VOC-PRESET-MUJER-40-POPULAR-ECUADOR	Mujer 40 popular ecuatoriana diálogo	MELANCHOLIC	VOICE-SAMPLE-VOC-PRESET-MUJER-40-POPULAR-ECUADOR-MELANCHOLIC	samples/voices/advanced-presets/mujer_40_popular_ecuador_dialogo/melancolica.wav	false	false	APP_RESOURCE	APP_DEFAULT
VOC-PRESET-MUJER-40-POPULAR-ECUADOR	Mujer 40 popular ecuatoriana diálogo	NERVOUS	VOICE-SAMPLE-VOC-PRESET-MUJER-40-POPULAR-ECUADOR-NERVOUS	samples/voices/advanced-presets/mujer_40_popular_ecuador_dialogo/nerviosa.wav	false	false	APP_RESOURCE	APP_DEFAULT
VOC-PRESET-MUJER-40-POPULAR-ECUADOR	Mujer 40 popular ecuatoriana diálogo	AFRAID	VOICE-SAMPLE-VOC-PRESET-MUJER-40-POPULAR-ECUADOR-AFRAID	samples/voices/advanced-presets/mujer_40_popular_ecuador_dialogo/asustada.wav	false	false	APP_RESOURCE	APP_DEFAULT
VOC-PRESET-MUJER-40-POPULAR-ECUADOR	Mujer 40 popular ecuatoriana diálogo	SURPRISED	VOICE-SAMPLE-VOC-PRESET-MUJER-40-POPULAR-ECUADOR-SURPRISED	samples/voices/advanced-presets/mujer_40_popular_ecuador_dialogo/sorprendida.wav	false	false	APP_RESOURCE	APP_DEFAULT
VOC-PRESET-MUJER-40-POPULAR-ECUADOR	Mujer 40 popular ecuatoriana diálogo	DOUBTFUL	VOICE-SAMPLE-VOC-PRESET-MUJER-40-POPULAR-ECUADOR-DOUBTFUL	samples/voices/advanced-presets/mujer_40_popular_ecuador_dialogo/dudosa.wav	false	false	APP_RESOURCE	APP_DEFAULT
VOC-PRESET-MUJER-40-POPULAR-ECUADOR	Mujer 40 popular ecuatoriana diálogo	TIRED	VOICE-SAMPLE-VOC-PRESET-MUJER-40-POPULAR-ECUADOR-TIRED	samples/voices/advanced-presets/mujer_40_popular_ecuador_dialogo/cansada.wav	false	false	APP_RESOURCE	APP_DEFAULT
VOC-PRESET-MUJER-40-POPULAR-ECUADOR	Mujer 40 popular ecuatoriana diálogo	PLEADING	VOICE-SAMPLE-VOC-PRESET-MUJER-40-POPULAR-ECUADOR-PLEADING	samples/voices/advanced-presets/mujer_40_popular_ecuador_dialogo/suplicante.wav	false	false	APP_RESOURCE	APP_DEFAULT
VOC-PRESET-MUJER-40-POPULAR-ECUADOR	Mujer 40 popular ecuatoriana diálogo	AUTHORITATIVE	VOICE-SAMPLE-VOC-PRESET-MUJER-40-POPULAR-ECUADOR-AUTHORITATIVE	samples/voices/advanced-presets/mujer_40_popular_ecuador_dialogo/autoritaria.wav	false	false	APP_RESOURCE	APP_DEFAULT
VOC-PRESET-MUJER-40-POPULAR-ECUADOR	Mujer 40 popular ecuatoriana diálogo	IRONIC	VOICE-SAMPLE-VOC-PRESET-MUJER-40-POPULAR-ECUADOR-IRONIC	samples/voices/advanced-presets/mujer_40_popular_ecuador_dialogo/ironica.wav	false	false	APP_RESOURCE	APP_DEFAULT
VOC-PRESET-MUJER-40-POPULAR-ECUADOR	Mujer 40 popular ecuatoriana diálogo	SARCASTIC	VOICE-SAMPLE-VOC-PRESET-MUJER-40-POPULAR-ECUADOR-SARCASTIC	samples/voices/advanced-presets/mujer_40_popular_ecuador_dialogo/sarcastica.wav	false	false	APP_RESOURCE	APP_DEFAULT
VOC-PRESET-MUJER-40-POPULAR-ECUADOR	Mujer 40 popular ecuatoriana diálogo	MYSTERIOUS	VOICE-SAMPLE-VOC-PRESET-MUJER-40-POPULAR-ECUADOR-MYSTERIOUS	samples/voices/advanced-presets/mujer_40_popular_ecuador_dialogo/misteriosa.wav	false	false	APP_RESOURCE	APP_DEFAULT
VOC-PRESET-MUJER-40-POPULAR-ECUADOR	Mujer 40 popular ecuatoriana diálogo	SOLEMN	VOICE-SAMPLE-VOC-PRESET-MUJER-40-POPULAR-ECUADOR-SOLEMN	samples/voices/advanced-presets/mujer_40_popular_ecuador_dialogo/solemne.wav	false	false	APP_RESOURCE	APP_DEFAULT
VOC-PRESET-MUJER-40-POPULAR-ECUADOR	Mujer 40 popular ecuatoriana diálogo	HEROIC	VOICE-SAMPLE-VOC-PRESET-MUJER-40-POPULAR-ECUADOR-HEROIC	samples/voices/advanced-presets/mujer_40_popular_ecuador_dialogo/heroica.wav	false	false	APP_RESOURCE	APP_DEFAULT
VOC-PRESET-MUJER-40-POPULAR-ECUADOR	Mujer 40 popular ecuatoriana diálogo	DRAMATIC	VOICE-SAMPLE-VOC-PRESET-MUJER-40-POPULAR-ECUADOR-DRAMATIC	samples/voices/advanced-presets/mujer_40_popular_ecuador_dialogo/dramatica.wav	false	false	APP_RESOURCE	APP_DEFAULT
VOC-PRESET-MUJER-40-POPULAR-ECUADOR	Mujer 40 popular ecuatoriana diálogo	TENSE	VOICE-SAMPLE-VOC-PRESET-MUJER-40-POPULAR-ECUADOR-TENSE	samples/voices/advanced-presets/mujer_40_popular_ecuador_dialogo/tensa.wav	false	false	APP_RESOURCE	APP_DEFAULT
VOC-PRESET-MUJER-40-POPULAR-ECUADOR	Mujer 40 popular ecuatoriana diálogo	RUSHED	VOICE-SAMPLE-VOC-PRESET-MUJER-40-POPULAR-ECUADOR-RUSHED	samples/voices/advanced-presets/mujer_40_popular_ecuador_dialogo/apurada.wav	false	false	APP_RESOURCE	APP_DEFAULT
VOC-PRESET-MUJER-40-POPULAR-ECUADOR	Mujer 40 popular ecuatoriana diálogo	CONFUSED	VOICE-SAMPLE-VOC-PRESET-MUJER-40-POPULAR-ECUADOR-CONFUSED	samples/voices/advanced-presets/mujer_40_popular_ecuador_dialogo/confundida.wav	false	false	APP_RESOURCE	APP_DEFAULT
VOC-PRESET-MUJER-40-POPULAR-ECUADOR	Mujer 40 popular ecuatoriana diálogo	TENDER	VOICE-SAMPLE-VOC-PRESET-MUJER-40-POPULAR-ECUADOR-TENDER	samples/voices/advanced-presets/mujer_40_popular_ecuador_dialogo/tierna.wav	false	false	APP_RESOURCE	APP_DEFAULT
VOC-PRESET-MUJER-40-POPULAR-ECUADOR	Mujer 40 popular ecuatoriana diálogo	COLD	VOICE-SAMPLE-VOC-PRESET-MUJER-40-POPULAR-ECUADOR-COLD	samples/voices/advanced-presets/mujer_40_popular_ecuador_dialogo/fria.wav	false	false	APP_RESOURCE	APP_DEFAULT
VOC-PRESET-MUJER-40-POPULAR-ECUADOR	Mujer 40 popular ecuatoriana diálogo	MOCKING	VOICE-SAMPLE-VOC-PRESET-MUJER-40-POPULAR-ECUADOR-MOCKING	samples/voices/advanced-presets/mujer_40_popular_ecuador_dialogo/burlona.wav	false	false	APP_RESOURCE	APP_DEFAULT
VOC-PRESET-MUJER-40-POPULAR-ECUADOR	Mujer 40 popular ecuatoriana diálogo	DISTRUSTFUL	VOICE-SAMPLE-VOC-PRESET-MUJER-40-POPULAR-ECUADOR-DISTRUSTFUL	samples/voices/advanced-presets/mujer_40_popular_ecuador_dialogo/desconfiada.wav	false	false	APP_RESOURCE	APP_DEFAULT
VOC-PRESET-MUJER-40-POPULAR-ECUADOR	Mujer 40 popular ecuatoriana diálogo	REPENTANT	VOICE-SAMPLE-VOC-PRESET-MUJER-40-POPULAR-ECUADOR-REPENTANT	samples/voices/advanced-presets/mujer_40_popular_ecuador_dialogo/arrepentida.wav	false	false	APP_RESOURCE	APP_DEFAULT
VOC-PRESET-MUJER-40-POPULAR-ECUADOR	Mujer 40 popular ecuatoriana diálogo	VULNERABLE	VOICE-SAMPLE-VOC-PRESET-MUJER-40-POPULAR-ECUADOR-VULNERABLE	samples/voices/advanced-presets/mujer_40_popular_ecuador_dialogo/vulnerable.wav	false	false	APP_RESOURCE	APP_DEFAULT
VOC-PRESET-MUJER-40-POPULAR-ECUADOR	Mujer 40 popular ecuatoriana diálogo	HOPEFUL	VOICE-SAMPLE-VOC-PRESET-MUJER-40-POPULAR-ECUADOR-HOPEFUL	samples/voices/advanced-presets/mujer_40_popular_ecuador_dialogo/esperanzada.wav	false	false	APP_RESOURCE	APP_DEFAULT
VOC-PRESET-MUJER-40-POPULAR-ECUADOR	Mujer 40 popular ecuatoriana diálogo	RESIGNED	VOICE-SAMPLE-VOC-PRESET-MUJER-40-POPULAR-ECUADOR-RESIGNED	samples/voices/advanced-presets/mujer_40_popular_ecuador_dialogo/resignada.wav	false	false	APP_RESOURCE	APP_DEFAULT
VOC-PRESET-MUJER-40-POPULAR-ECUADOR	Mujer 40 popular ecuatoriana diálogo	THREATENING	VOICE-SAMPLE-VOC-PRESET-MUJER-40-POPULAR-ECUADOR-THREATENING	samples/voices/advanced-presets/mujer_40_popular_ecuador_dialogo/amenazante.wav	false	false	APP_RESOURCE	APP_DEFAULT
VOC-PRESET-MUJER-40-POPULAR-ECUADOR	Mujer 40 popular ecuatoriana diálogo	DEFIANT	VOICE-SAMPLE-VOC-PRESET-MUJER-40-POPULAR-ECUADOR-DEFIANT	samples/voices/advanced-presets/mujer_40_popular_ecuador_dialogo/desafiante.wav	false	false	APP_RESOURCE	APP_DEFAULT
VOC-PRESET-MUJER-40-POPULAR-ECUADOR	Mujer 40 popular ecuatoriana diálogo	SEDUCTIVE_NON_EXPLICIT	VOICE-SAMPLE-VOC-PRESET-MUJER-40-POPULAR-ECUADOR-SEDUCTIVE_NON_EXPLICIT	samples/voices/advanced-presets/mujer_40_popular_ecuador_dialogo/sutil.wav	false	false	APP_RESOURCE	APP_DEFAULT
VOC-PRESET-MUJER-ADULTA-CALIDA-NARRATIVA	Mujer adulta cálida narrativa	NEUTRAL	VOICE-SAMPLE-VOC-PRESET-MUJER-ADULTA-CALIDA-NARRATIVA-NEUTRAL	samples/voices/advanced-presets/mujer_adulta_calida_narrativo/neutral.wav	false	false	APP_RESOURCE	APP_DEFAULT
VOC-PRESET-MUJER-ADULTA-CALIDA-NARRATIVA	Mujer adulta cálida narrativa	HAPPY	VOICE-SAMPLE-VOC-PRESET-MUJER-ADULTA-CALIDA-NARRATIVA-HAPPY	samples/voices/advanced-presets/mujer_adulta_calida_narrativo/feliz.wav	false	false	APP_RESOURCE	APP_DEFAULT
VOC-PRESET-MUJER-ADULTA-CALIDA-NARRATIVA	Mujer adulta cálida narrativa	SAD	VOICE-SAMPLE-VOC-PRESET-MUJER-ADULTA-CALIDA-NARRATIVA-SAD	samples/voices/advanced-presets/mujer_adulta_calida_narrativo/triste.wav	false	false	APP_RESOURCE	APP_DEFAULT
VOC-PRESET-MUJER-ADULTA-CALIDA-NARRATIVA	Mujer adulta cálida narrativa	ANGRY	VOICE-SAMPLE-VOC-PRESET-MUJER-ADULTA-CALIDA-NARRATIVA-ANGRY	samples/voices/advanced-presets/mujer_adulta_calida_narrativo/enojada.wav	false	false	APP_RESOURCE	APP_DEFAULT
VOC-PRESET-MUJER-ADULTA-CALIDA-NARRATIVA	Mujer adulta cálida narrativa	SERIOUS	VOICE-SAMPLE-VOC-PRESET-MUJER-ADULTA-CALIDA-NARRATIVA-SERIOUS	samples/voices/advanced-presets/mujer_adulta_calida_narrativo/seria.wav	false	false	APP_RESOURCE	APP_DEFAULT
VOC-PRESET-MUJER-ADULTA-CALIDA-NARRATIVA	Mujer adulta cálida narrativa	CALM	VOICE-SAMPLE-VOC-PRESET-MUJER-ADULTA-CALIDA-NARRATIVA-CALM	samples/voices/advanced-presets/mujer_adulta_calida_narrativo/calmada.wav	false	false	APP_RESOURCE	APP_DEFAULT
VOC-PRESET-MUJER-ADULTA-CALIDA-NARRATIVA	Mujer adulta cálida narrativa	WORRIED	VOICE-SAMPLE-VOC-PRESET-MUJER-ADULTA-CALIDA-NARRATIVA-WORRIED	samples/voices/advanced-presets/mujer_adulta_calida_narrativo/preocupada.wav	false	false	APP_RESOURCE	APP_DEFAULT
VOC-PRESET-MUJER-ADULTA-CALIDA-NARRATIVA	Mujer adulta cálida narrativa	ENTHUSIASTIC	VOICE-SAMPLE-VOC-PRESET-MUJER-ADULTA-CALIDA-NARRATIVA-ENTHUSIASTIC	samples/voices/advanced-presets/mujer_adulta_calida_narrativo/entusiasmada.wav	false	false	APP_RESOURCE	APP_DEFAULT
VOC-PRESET-MUJER-ADULTA-CALIDA-NARRATIVA	Mujer adulta cálida narrativa	BORED	VOICE-SAMPLE-VOC-PRESET-MUJER-ADULTA-CALIDA-NARRATIVA-BORED	samples/voices/advanced-presets/mujer_adulta_calida_narrativo/aburrida.wav	false	false	APP_RESOURCE	APP_DEFAULT
VOC-PRESET-MUJER-ADULTA-CALIDA-NARRATIVA	Mujer adulta cálida narrativa	EUPHORIC	VOICE-SAMPLE-VOC-PRESET-MUJER-ADULTA-CALIDA-NARRATIVA-EUPHORIC	samples/voices/advanced-presets/mujer_adulta_calida_narrativo/euforica.wav	false	false	APP_RESOURCE	APP_DEFAULT
VOC-PRESET-MUJER-ADULTA-CALIDA-NARRATIVA	Mujer adulta cálida narrativa	MELANCHOLIC	VOICE-SAMPLE-VOC-PRESET-MUJER-ADULTA-CALIDA-NARRATIVA-MELANCHOLIC	samples/voices/advanced-presets/mujer_adulta_calida_narrativo/melancolica.wav	false	false	APP_RESOURCE	APP_DEFAULT
VOC-PRESET-MUJER-ADULTA-CALIDA-NARRATIVA	Mujer adulta cálida narrativa	NERVOUS	VOICE-SAMPLE-VOC-PRESET-MUJER-ADULTA-CALIDA-NARRATIVA-NERVOUS	samples/voices/advanced-presets/mujer_adulta_calida_narrativo/nerviosa.wav	false	false	APP_RESOURCE	APP_DEFAULT
VOC-PRESET-MUJER-ADULTA-CALIDA-NARRATIVA	Mujer adulta cálida narrativa	AFRAID	VOICE-SAMPLE-VOC-PRESET-MUJER-ADULTA-CALIDA-NARRATIVA-AFRAID	samples/voices/advanced-presets/mujer_adulta_calida_narrativo/asustada.wav	false	false	APP_RESOURCE	APP_DEFAULT
VOC-PRESET-MUJER-ADULTA-CALIDA-NARRATIVA	Mujer adulta cálida narrativa	SURPRISED	VOICE-SAMPLE-VOC-PRESET-MUJER-ADULTA-CALIDA-NARRATIVA-SURPRISED	samples/voices/advanced-presets/mujer_adulta_calida_narrativo/sorprendida.wav	false	false	APP_RESOURCE	APP_DEFAULT
VOC-PRESET-MUJER-ADULTA-CALIDA-NARRATIVA	Mujer adulta cálida narrativa	DOUBTFUL	VOICE-SAMPLE-VOC-PRESET-MUJER-ADULTA-CALIDA-NARRATIVA-DOUBTFUL	samples/voices/advanced-presets/mujer_adulta_calida_narrativo/dudosa.wav	false	false	APP_RESOURCE	APP_DEFAULT
VOC-PRESET-MUJER-ADULTA-CALIDA-NARRATIVA	Mujer adulta cálida narrativa	TIRED	VOICE-SAMPLE-VOC-PRESET-MUJER-ADULTA-CALIDA-NARRATIVA-TIRED	samples/voices/advanced-presets/mujer_adulta_calida_narrativo/cansada.wav	false	false	APP_RESOURCE	APP_DEFAULT
VOC-PRESET-MUJER-ADULTA-CALIDA-NARRATIVA	Mujer adulta cálida narrativa	PLEADING	VOICE-SAMPLE-VOC-PRESET-MUJER-ADULTA-CALIDA-NARRATIVA-PLEADING	samples/voices/advanced-presets/mujer_adulta_calida_narrativo/suplicante.wav	false	false	APP_RESOURCE	APP_DEFAULT
VOC-PRESET-MUJER-ADULTA-CALIDA-NARRATIVA	Mujer adulta cálida narrativa	AUTHORITATIVE	VOICE-SAMPLE-VOC-PRESET-MUJER-ADULTA-CALIDA-NARRATIVA-AUTHORITATIVE	samples/voices/advanced-presets/mujer_adulta_calida_narrativo/autoritaria.wav	false	false	APP_RESOURCE	APP_DEFAULT
VOC-PRESET-MUJER-ADULTA-CALIDA-NARRATIVA	Mujer adulta cálida narrativa	IRONIC	VOICE-SAMPLE-VOC-PRESET-MUJER-ADULTA-CALIDA-NARRATIVA-IRONIC	samples/voices/advanced-presets/mujer_adulta_calida_narrativo/ironica.wav	false	false	APP_RESOURCE	APP_DEFAULT
VOC-PRESET-MUJER-ADULTA-CALIDA-NARRATIVA	Mujer adulta cálida narrativa	SARCASTIC	VOICE-SAMPLE-VOC-PRESET-MUJER-ADULTA-CALIDA-NARRATIVA-SARCASTIC	samples/voices/advanced-presets/mujer_adulta_calida_narrativo/sarcastica.wav	false	false	APP_RESOURCE	APP_DEFAULT
VOC-PRESET-MUJER-ADULTA-CALIDA-NARRATIVA	Mujer adulta cálida narrativa	MYSTERIOUS	VOICE-SAMPLE-VOC-PRESET-MUJER-ADULTA-CALIDA-NARRATIVA-MYSTERIOUS	samples/voices/advanced-presets/mujer_adulta_calida_narrativo/misteriosa.wav	false	false	APP_RESOURCE	APP_DEFAULT
VOC-PRESET-MUJER-ADULTA-CALIDA-NARRATIVA	Mujer adulta cálida narrativa	SOLEMN	VOICE-SAMPLE-VOC-PRESET-MUJER-ADULTA-CALIDA-NARRATIVA-SOLEMN	samples/voices/advanced-presets/mujer_adulta_calida_narrativo/solemne.wav	false	false	APP_RESOURCE	APP_DEFAULT
VOC-PRESET-MUJER-ADULTA-CALIDA-NARRATIVA	Mujer adulta cálida narrativa	HEROIC	VOICE-SAMPLE-VOC-PRESET-MUJER-ADULTA-CALIDA-NARRATIVA-HEROIC	samples/voices/advanced-presets/mujer_adulta_calida_narrativo/heroica.wav	false	false	APP_RESOURCE	APP_DEFAULT
VOC-PRESET-MUJER-ADULTA-CALIDA-NARRATIVA	Mujer adulta cálida narrativa	DRAMATIC	VOICE-SAMPLE-VOC-PRESET-MUJER-ADULTA-CALIDA-NARRATIVA-DRAMATIC	samples/voices/advanced-presets/mujer_adulta_calida_narrativo/dramatica.wav	false	false	APP_RESOURCE	APP_DEFAULT
VOC-PRESET-MUJER-ADULTA-CALIDA-NARRATIVA	Mujer adulta cálida narrativa	TENSE	VOICE-SAMPLE-VOC-PRESET-MUJER-ADULTA-CALIDA-NARRATIVA-TENSE	samples/voices/advanced-presets/mujer_adulta_calida_narrativo/tensa.wav	false	false	APP_RESOURCE	APP_DEFAULT
VOC-PRESET-MUJER-ADULTA-CALIDA-NARRATIVA	Mujer adulta cálida narrativa	RUSHED	VOICE-SAMPLE-VOC-PRESET-MUJER-ADULTA-CALIDA-NARRATIVA-RUSHED	samples/voices/advanced-presets/mujer_adulta_calida_narrativo/apurada.wav	false	false	APP_RESOURCE	APP_DEFAULT
VOC-PRESET-MUJER-ADULTA-CALIDA-NARRATIVA	Mujer adulta cálida narrativa	CONFUSED	VOICE-SAMPLE-VOC-PRESET-MUJER-ADULTA-CALIDA-NARRATIVA-CONFUSED	samples/voices/advanced-presets/mujer_adulta_calida_narrativo/confundida.wav	false	false	APP_RESOURCE	APP_DEFAULT
VOC-PRESET-MUJER-ADULTA-CALIDA-NARRATIVA	Mujer adulta cálida narrativa	TENDER	VOICE-SAMPLE-VOC-PRESET-MUJER-ADULTA-CALIDA-NARRATIVA-TENDER	samples/voices/advanced-presets/mujer_adulta_calida_narrativo/tierna.wav	false	false	APP_RESOURCE	APP_DEFAULT
VOC-PRESET-MUJER-ADULTA-CALIDA-NARRATIVA	Mujer adulta cálida narrativa	COLD	VOICE-SAMPLE-VOC-PRESET-MUJER-ADULTA-CALIDA-NARRATIVA-COLD	samples/voices/advanced-presets/mujer_adulta_calida_narrativo/fria.wav	false	false	APP_RESOURCE	APP_DEFAULT
VOC-PRESET-MUJER-ADULTA-CALIDA-NARRATIVA	Mujer adulta cálida narrativa	MOCKING	VOICE-SAMPLE-VOC-PRESET-MUJER-ADULTA-CALIDA-NARRATIVA-MOCKING	samples/voices/advanced-presets/mujer_adulta_calida_narrativo/burlona.wav	false	false	APP_RESOURCE	APP_DEFAULT
VOC-PRESET-MUJER-ADULTA-CALIDA-NARRATIVA	Mujer adulta cálida narrativa	DISTRUSTFUL	VOICE-SAMPLE-VOC-PRESET-MUJER-ADULTA-CALIDA-NARRATIVA-DISTRUSTFUL	samples/voices/advanced-presets/mujer_adulta_calida_narrativo/desconfiada.wav	false	false	APP_RESOURCE	APP_DEFAULT
VOC-PRESET-MUJER-ADULTA-CALIDA-NARRATIVA	Mujer adulta cálida narrativa	REPENTANT	VOICE-SAMPLE-VOC-PRESET-MUJER-ADULTA-CALIDA-NARRATIVA-REPENTANT	samples/voices/advanced-presets/mujer_adulta_calida_narrativo/arrepentida.wav	false	false	APP_RESOURCE	APP_DEFAULT
VOC-PRESET-MUJER-ADULTA-CALIDA-NARRATIVA	Mujer adulta cálida narrativa	VULNERABLE	VOICE-SAMPLE-VOC-PRESET-MUJER-ADULTA-CALIDA-NARRATIVA-VULNERABLE	samples/voices/advanced-presets/mujer_adulta_calida_narrativo/vulnerable.wav	false	false	APP_RESOURCE	APP_DEFAULT
VOC-PRESET-MUJER-ADULTA-CALIDA-NARRATIVA	Mujer adulta cálida narrativa	HOPEFUL	VOICE-SAMPLE-VOC-PRESET-MUJER-ADULTA-CALIDA-NARRATIVA-HOPEFUL	samples/voices/advanced-presets/mujer_adulta_calida_narrativo/esperanzada.wav	false	false	APP_RESOURCE	APP_DEFAULT
VOC-PRESET-MUJER-ADULTA-CALIDA-NARRATIVA	Mujer adulta cálida narrativa	RESIGNED	VOICE-SAMPLE-VOC-PRESET-MUJER-ADULTA-CALIDA-NARRATIVA-RESIGNED	samples/voices/advanced-presets/mujer_adulta_calida_narrativo/resignada.wav	false	false	APP_RESOURCE	APP_DEFAULT
VOC-PRESET-MUJER-ADULTA-CALIDA-NARRATIVA	Mujer adulta cálida narrativa	THREATENING	VOICE-SAMPLE-VOC-PRESET-MUJER-ADULTA-CALIDA-NARRATIVA-THREATENING	samples/voices/advanced-presets/mujer_adulta_calida_narrativo/amenazante.wav	false	false	APP_RESOURCE	APP_DEFAULT
VOC-PRESET-MUJER-ADULTA-CALIDA-NARRATIVA	Mujer adulta cálida narrativa	DEFIANT	VOICE-SAMPLE-VOC-PRESET-MUJER-ADULTA-CALIDA-NARRATIVA-DEFIANT	samples/voices/advanced-presets/mujer_adulta_calida_narrativo/desafiante.wav	false	false	APP_RESOURCE	APP_DEFAULT
VOC-PRESET-MUJER-ADULTA-CALIDA-NARRATIVA	Mujer adulta cálida narrativa	SEDUCTIVE_NON_EXPLICIT	VOICE-SAMPLE-VOC-PRESET-MUJER-ADULTA-CALIDA-NARRATIVA-SEDUCTIVE_NON_EXPLICIT	samples/voices/advanced-presets/mujer_adulta_calida_narrativo/sutil.wav	false	false	APP_RESOURCE	APP_DEFAULT
